Epoch,Governance_Pressure_Gp,Decentralization_Entropy_DE,Gini_Coefficient,Lyapunov_Energy_V,TPS,Latency_ms
1,0.049703996671379674,1.0,0.0,0.001235243642554261,144788.0975371176,52.485199833568984
2,0.04746896014046531,1.0,0.0,0.0011266510884085422,145543.0824334867,52.373448007023256
3,0.04606546165867853,1.0,0.0,0.0010610133789135908,146019.77171366414,52.30327308293392
4,0.04562070755704306,1.0,0.0,0.001040624479002623,146171.2488689735,52.281035377852156
5,0.04562070755704306,1.0,0.0,0.001040624479002623,146171.2488689735,52.281035377852156
6,0.04562070755704306,1.0,0.0,0.001040624479002623,146171.2488689735,52.281035377852156
7,0.04562070755704306,1.0,0.0,0.001040624479002623,146171.2488689735,52.281035377852156
8,0.04562070755704306,1.0,0.0,0.001040624479002623,146171.2488689735,52.281035377852156
9,0.04562070755704306,1.0,0.0,0.001040624479002623,146171.2488689735,52.281035377852156
10,0.04562070755704306,1.0,0.0,0.001040624479002623,146171.2488689735,52.281035377852156
11,0.04562070755704306,1.0,0.0,0.001040624479002623,146171.2488689735,52.281035377852156
12,0.04562070755704306,1.0,0.0,0.001040624479002623,146171.2488689735,52.281035377852156
13,0.04562070755704306,1.0,0.0,0.001040624479002623,146171.2488689735,52.281035377852156
14,0.04562070755704306,1.0,0.0,0.001040624479002623,146171.2488689735,52.281035377852156
15,0.04562070755704306,1.0,0.0,0.001040624479002623,146171.2488689735,52.281035377852156
16,0.04562070755704306,1.0,0.0,0.001040624479002623,146171.2488689735,52.281035377852156
17,0.04562070755704306,1.0,0.0,0.001040624479002623,146171.2488689735,52.281035377852156
18,0.04562070755704306,1.0,0.0,0.001040624479002623,146171.2488689735,52.281035377852156
19,0.04562070755704306,1.0,0.0,0.001040624479002623,146171.2488689735,52.281035377852156
20,0.04562070755704306,1.0,0.0,0.001040624479002623,146171.2488689735,52.281035377852156
21,0.04562070755704306,1.0,0.0,0.001040624479002623,146171.2488689735,52.281035377852156
22,0.04562070755704306,1.0,0.0,0.001040624479002623,146171.2488689735,52.281035377852156
23,0.04562070755704306,1.0,0.0,0.001040624479002623,146171.2488689735,52.281035377852156
24,0.04562070755704306,1.0,0.0,0.001040624479002623,146171.2488689735,52.281035377852156
25,0.04562070755704306,1.0,0.0,0.001040624479002623,146171.2488689735,52.281035377852156
26,0.04562070755704306,1.0,0.0,0.001040624479002623,146171.2488689735,52.281035377852156
27,0.04562070755704306,1.0,0.0,0.001040624479002623,146171.2488689735,52.281035377852156
28,0.04562070755704306,1.0,0.0,0.001040624479002623,146171.2488689735,52.281035377852156
29,0.04562070755704306,1.0,0.0,0.001040624479002623,146171.2488689735,52.281035377852156
30,0.04562070755704306,1.0,0.0,0.001040624479002623,146171.2488689735,52.281035377852156
31,0.04562070755704306,1.0,0.0,0.001040624479002623,146171.2488689735,52.281035377852156
32,0.04562070755704306,1.0,0.0,0.001040624479002623,146171.2488689735,52.281035377852156
33,0.04562070755704306,1.0,0.0,0.001040624479002623,146171.2488689735,52.281035377852156
34,0.04562070755704306,1.0,0.0,0.001040624479002623,146171.2488689735,52.281035377852156
35,0.04562070755704306,1.0,0.0,0.001040624479002623,146171.2488689735,52.281035377852156
36,0.04562070755704306,1.0,0.0,0.001040624479002623,146171.2488689735,52.281035377852156
37,0.04562070755704306,1.0,0.0,0.001040624479002623,146171.2488689735,52.281035377852156
38,0.04562070755704306,1.0,0.0,0.001040624479002623,146171.2488689735,52.281035377852156
39,0.04562070755704306,1.0,0.0,0.001040624479002623,146171.2488689735,52.281035377852156
40,0.04562070755704306,1.0,0.0,0.001040624479002623,146171.2488689735,52.281035377852156
41,0.04562070755704306,1.0,0.0,0.001040624479002623,146171.2488689735,52.281035377852156
42,0.04562070755704306,1.0,0.0,0.001040624479002623,146171.2488689735,52.281035377852156
43,0.04562070755704306,1.0,0.0,0.001040624479002623,146171.2488689735,52.281035377852156
44,0.04562070755704306,1.0,0.0,0.001040624479002623,146171.2488689735,52.281035377852156
45,0.04562070755704306,1.0,0.0,0.001040624479002623,146171.2488689735,52.281035377852156
46,0.04562070755704306,1.0,0.0,0.001040624479002623,146171.2488689735,52.281035377852156
47,0.04562070755704306,1.0,0.0,0.001040624479002623,146171.2488689735,52.281035377852156
48,0.04562070755704306,1.0,0.0,0.001040624479002623,146171.2488689735,52.281035377852156
49,0.04562070755704306,1.0,0.0,0.001040624479002623,146171.2488689735,52.281035377852156
50,0.04562070755704306,1.0,0.0,0.001040624479002623,146171.2488689735,52.281035377852156
51,0.04562070755704306,1.0,0.0,0.001040624479002623,146171.2488689735,52.281035377852156
52,0.04562070755704306,1.0,0.0,0.001040624479002623,146171.2488689735,52.281035377852156
53,0.04562070755704306,1.0,0.0,0.001040624479002623,146171.2488689735,52.281035377852156
54,0.04562070755704306,1.0,0.0,0.001040624479002623,146171.2488689735,52.281035377852156
55,0.04562070755704306,1.0,0.0,0.001040624479002623,146171.2488689735,52.281035377852156
56,0.04562070755704306,1.0,0.0,0.001040624479002623,146171.2488689735,52.281035377852156
57,0.04562070755704306,1.0,0.0,0.001040624479002623,146171.2488689735,52.281035377852156
58,0.04562070755704306,1.0,0.0,0.001040624479002623,146171.2488689735,52.281035377852156
59,0.04562070755704306,1.0,0.0,0.001040624479002623,146171.2488689735,52.281035377852156
60,0.04562070755704306,1.0,0.0,0.001040624479002623,146171.2488689735,52.281035377852156
61,0.04562070755704306,1.0,0.0,0.001040624479002623,146171.2488689735,52.281035377852156
62,0.04562070755704306,1.0,0.0,0.001040624479002623,146171.2488689735,52.281035377852156
63,0.04562070755704306,1.0,0.0,0.001040624479002623,146171.2488689735,52.281035377852156
64,0.04562070755704306,1.0,0.0,0.001040624479002623,146171.2488689735,52.281035377852156
65,0.04562070755704306,1.0,0.0,0.001040624479002623,146171.2488689735,52.281035377852156
66,0.04562070755704306,1.0,0.0,0.001040624479002623,146171.2488689735,52.281035377852156
67,0.04562070755704306,1.0,0.0,0.001040624479002623,146171.2488689735,52.281035377852156
68,0.04562070755704306,1.0,0.0,0.001040624479002623,146171.2488689735,52.281035377852156
69,0.04562070755704306,1.0,0.0,0.001040624479002623,146171.2488689735,52.281035377852156
70,0.04562070755704306,1.0,0.0,0.001040624479002623,146171.2488689735,52.281035377852156
71,0.04562070755704306,1.0,0.0,0.001040624479002623,146171.2488689735,52.281035377852156
72,0.04562070755704306,1.0,0.0,0.001040624479002623,146171.2488689735,52.281035377852156
73,0.04562070755704306,1.0,0.0,0.001040624479002623,146171.2488689735,52.281035377852156
74,0.04562070755704306,1.0,0.0,0.001040624479002623,146171.2488689735,52.281035377852156
75,0.04562070755704306,1.0,0.0,0.001040624479002623,146171.2488689735,52.281035377852156
76,0.04562070755704306,1.0,0.0,0.001040624479002623,146171.2488689735,52.281035377852156
77,0.04562070755704306,1.0,0.0,0.001040624479002623,146171.2488689735,52.281035377852156
78,0.04562070755704306,1.0,0.0,0.001040624479002623,146171.2488689735,52.281035377852156
79,0.04562070755704306,1.0,0.0,0.001040624479002623,146171.2488689735,52.281035377852156
80,0.04562070755704306,1.0,0.0,0.001040624479002623,146171.2488689735,52.281035377852156
81,0.04562070755704306,1.0,0.0,0.001040624479002623,146171.2488689735,52.281035377852156
82,0.04562070755704306,1.0,0.0,0.001040624479002623,146171.2488689735,52.281035377852156
83,0.04562070755704306,1.0,0.0,0.001040624479002623,146171.2488689735,52.281035377852156
84,0.04562070755704306,1.0,0.0,0.001040624479002623,146171.2488689735,52.281035377852156
85,0.04562070755704306,1.0,0.0,0.001040624479002623,146171.2488689735,52.281035377852156
86,0.04562070755704306,1.0,0.0,0.001040624479002623,146171.2488689735,52.281035377852156
87,0.04562070755704306,1.0,0.0,0.001040624479002623,146171.2488689735,52.281035377852156
88,0.04562070755704306,1.0,0.0,0.001040624479002623,146171.2488689735,52.281035377852156
89,0.04562070755704306,1.0,0.0,0.001040624479002623,146171.2488689735,52.281035377852156
90,0.04562070755704306,1.0,0.0,0.001040624479002623,146171.2488689735,52.281035377852156
91,0.04562070755704306,1.0,0.0,0.001040624479002623,146171.2488689735,52.281035377852156
92,0.04562070755704306,1.0,0.0,0.001040624479002623,146171.2488689735,52.281035377852156
93,0.04562070755704306,1.0,0.0,0.001040624479002623,146171.2488689735,52.281035377852156
94,0.04562070755704306,1.0,0.0,0.001040624479002623,146171.2488689735,52.281035377852156
95,0.04562070755704306,1.0,0.0,0.001040624479002623,146171.2488689735,52.281035377852156
96,0.04562070755704306,1.0,0.0,0.001040624479002623,146171.2488689735,52.281035377852156
97,0.04562070755704306,1.0,0.0,0.001040624479002623,146171.2488689735,52.281035377852156
98,0.04562070755704306,1.0,0.0,0.001040624479002623,146171.2488689735,52.281035377852156
99,0.04562070755704306,1.0,0.0,0.001040624479002623,146171.2488689735,52.281035377852156
100,0.04562070755704306,1.0,0.0,0.001040624479002623,146171.2488689735,52.281035377852156
101,0.04562070755704306,1.0,0.0,0.001040624479002623,146171.2488689735,52.281035377852156
102,0.04562070755704306,1.0,0.0,0.001040624479002623,146171.2488689735,52.281035377852156
103,0.04562070755704306,1.0,0.0,0.001040624479002623,146171.2488689735,52.281035377852156
104,0.04562070755704306,1.0,0.0,0.001040624479002623,146171.2488689735,52.281035377852156
105,0.04562070755704306,1.0,0.0,0.001040624479002623,146171.2488689735,52.281035377852156
106,0.04562070755704306,1.0,0.0,0.001040624479002623,146171.2488689735,52.281035377852156
107,0.04562070755704306,1.0,0.0,0.001040624479002623,146171.2488689735,52.281035377852156
108,0.04562070755704306,1.0,0.0,0.001040624479002623,146171.2488689735,52.281035377852156
109,0.04562070755704306,1.0,0.0,0.001040624479002623,146171.2488689735,52.281035377852156
110,0.04562070755704306,1.0,0.0,0.001040624479002623,146171.2488689735,52.281035377852156
111,0.04562070755704306,1.0,0.0,0.001040624479002623,146171.2488689735,52.281035377852156
112,0.04562070755704306,1.0,0.0,0.001040624479002623,146171.2488689735,52.281035377852156
113,0.04562070755704306,1.0,0.0,0.001040624479002623,146171.2488689735,52.281035377852156
114,0.04562070755704306,1.0,0.0,0.001040624479002623,146171.2488689735,52.281035377852156
115,0.04562070755704306,1.0,0.0,0.001040624479002623,146171.2488689735,52.281035377852156
116,0.04562070755704306,1.0,0.0,0.001040624479002623,146171.2488689735,52.281035377852156
117,0.04562070755704306,1.0,0.0,0.001040624479002623,146171.2488689735,52.281035377852156
118,0.04562070755704306,1.0,0.0,0.001040624479002623,146171.2488689735,52.281035377852156
119,0.04562070755704306,1.0,0.0,0.001040624479002623,146171.2488689735,52.281035377852156
120,0.04562070755704306,1.0,0.0,0.001040624479002623,146171.2488689735,52.281035377852156
121,0.04562070755704306,1.0,0.0,0.001040624479002623,146171.2488689735,52.281035377852156
122,0.04562070755704306,1.0,0.0,0.001040624479002623,146171.2488689735,52.281035377852156
123,0.04562070755704306,1.0,0.0,0.001040624479002623,146171.2488689735,52.281035377852156
124,0.04562070755704306,1.0,0.0,0.001040624479002623,146171.2488689735,52.281035377852156
125,0.04562070755704306,1.0,0.0,0.001040624479002623,146171.2488689735,52.281035377852156
126,0.04562070755704306,1.0,0.0,0.001040624479002623,146171.2488689735,52.281035377852156
127,0.04562070755704306,1.0,0.0,0.001040624479002623,146171.2488689735,52.281035377852156
128,0.04562070755704306,1.0,0.0,0.001040624479002623,146171.2488689735,52.281035377852156
129,0.04562070755704306,1.0,0.0,0.001040624479002623,146171.2488689735,52.281035377852156
130,0.04562070755704306,1.0,0.0,0.001040624479002623,146171.2488689735,52.281035377852156
131,0.04562070755704306,1.0,0.0,0.001040624479002623,146171.2488689735,52.281035377852156
132,0.04562070755704306,1.0,0.0,0.001040624479002623,146171.2488689735,52.281035377852156
133,0.04562070755704306,1.0,0.0,0.001040624479002623,146171.2488689735,52.281035377852156
134,0.04562070755704306,1.0,0.0,0.001040624479002623,146171.2488689735,52.281035377852156
135,0.04562070755704306,1.0,0.0,0.001040624479002623,146171.2488689735,52.281035377852156
136,0.04562070755704306,1.0,0.0,0.001040624479002623,146171.2488689735,52.281035377852156
137,0.04562070755704306,1.0,0.0,0.001040624479002623,146171.2488689735,52.281035377852156
138,0.04562070755704306,1.0,0.0,0.001040624479002623,146171.2488689735,52.281035377852156
139,0.04562070755704306,1.0,0.0,0.001040624479002623,146171.2488689735,52.281035377852156
140,0.04562070755704306,1.0,0.0,0.001040624479002623,146171.2488689735,52.281035377852156
141,0.04562070755704306,1.0,0.0,0.001040624479002623,146171.2488689735,52.281035377852156
142,0.04562070755704306,1.0,0.0,0.001040624479002623,146171.2488689735,52.281035377852156
143,0.04562070755704306,1.0,0.0,0.001040624479002623,146171.2488689735,52.281035377852156
144,0.04562070755704306,1.0,0.0,0.001040624479002623,146171.2488689735,52.281035377852156
145,0.04562070755704306,1.0,0.0,0.001040624479002623,146171.2488689735,52.281035377852156
146,0.04562070755704306,1.0,0.0,0.001040624479002623,146171.2488689735,52.281035377852156
147,0.04562070755704306,1.0,0.0,0.001040624479002623,146171.2488689735,52.281035377852156
148,0.04562070755704306,1.0,0.0,0.001040624479002623,146171.2488689735,52.281035377852156
149,0.04562070755704306,1.0,0.0,0.001040624479002623,146171.2488689735,52.281035377852156
150,0.04562070755704306,1.0,0.0,0.001040624479002623,146171.2488689735,52.281035377852156
151,0.04562070755704306,1.0,0.0,0.001040624479002623,146171.2488689735,52.281035377852156
152,0.04562070755704306,1.0,0.0,0.001040624479002623,146171.2488689735,52.281035377852156
153,0.04562070755704306,1.0,0.0,0.001040624479002623,146171.2488689735,52.281035377852156
154,0.04562070755704306,1.0,0.0,0.001040624479002623,146171.2488689735,52.281035377852156
155,0.04562070755704306,1.0,0.0,0.001040624479002623,146171.2488689735,52.281035377852156
156,0.04562070755704306,1.0,0.0,0.001040624479002623,146171.2488689735,52.281035377852156
157,0.04562070755704306,1.0,0.0,0.001040624479002623,146171.2488689735,52.281035377852156
158,0.04562070755704306,1.0,0.0,0.001040624479002623,146171.2488689735,52.281035377852156
159,0.04562070755704306,1.0,0.0,0.001040624479002623,146171.2488689735,52.281035377852156
160,0.04562070755704306,1.0,0.0,0.001040624479002623,146171.2488689735,52.281035377852156
161,0.04562070755704306,1.0,0.0,0.001040624479002623,146171.2488689735,52.281035377852156
162,0.04562070755704306,1.0,0.0,0.001040624479002623,146171.2488689735,52.281035377852156
163,0.04562070755704306,1.0,0.0,0.001040624479002623,146171.2488689735,52.281035377852156
164,0.04562070755704306,1.0,0.0,0.001040624479002623,146171.2488689735,52.281035377852156
165,0.04562070755704306,1.0,0.0,0.001040624479002623,146171.2488689735,52.281035377852156
166,0.04562070755704306,1.0,0.0,0.001040624479002623,146171.2488689735,52.281035377852156
167,0.04562070755704306,1.0,0.0,0.001040624479002623,146171.2488689735,52.281035377852156
168,0.04562070755704306,1.0,0.0,0.001040624479002623,146171.2488689735,52.281035377852156
169,0.04562070755704306,1.0,0.0,0.001040624479002623,146171.2488689735,52.281035377852156
170,0.04562070755704306,1.0,0.0,0.001040624479002623,146171.2488689735,52.281035377852156
171,0.04562070755704306,1.0,0.0,0.001040624479002623,146171.2488689735,52.281035377852156
172,0.04562070755704306,1.0,0.0,0.001040624479002623,146171.2488689735,52.281035377852156
173,0.04562070755704306,1.0,0.0,0.001040624479002623,146171.2488689735,52.281035377852156
174,0.04562070755704306,1.0,0.0,0.001040624479002623,146171.2488689735,52.281035377852156
175,0.04562070755704306,1.0,0.0,0.001040624479002623,146171.2488689735,52.281035377852156
176,0.04562070755704306,1.0,0.0,0.001040624479002623,146171.2488689735,52.281035377852156
177,0.04562070755704306,1.0,0.0,0.001040624479002623,146171.2488689735,52.281035377852156
178,0.04562070755704306,1.0,0.0,0.001040624479002623,146171.2488689735,52.281035377852156
179,0.04562070755704306,1.0,0.0,0.001040624479002623,146171.2488689735,52.281035377852156
180,0.04562070755704306,1.0,0.0,0.001040624479002623,146171.2488689735,52.281035377852156
181,0.04562070755704306,1.0,0.0,0.001040624479002623,146171.2488689735,52.281035377852156
182,0.04562070755704306,1.0,0.0,0.001040624479002623,146171.2488689735,52.281035377852156
183,0.04562070755704306,1.0,0.0,0.001040624479002623,146171.2488689735,52.281035377852156
184,0.04562070755704306,1.0,0.0,0.001040624479002623,146171.2488689735,52.281035377852156
185,0.04562070755704306,1.0,0.0,0.001040624479002623,146171.2488689735,52.281035377852156
186,0.04562070755704306,1.0,0.0,0.001040624479002623,146171.2488689735,52.281035377852156
187,0.04562070755704306,1.0,0.0,0.001040624479002623,146171.2488689735,52.281035377852156
188,0.04562070755704306,1.0,0.0,0.001040624479002623,146171.2488689735,52.281035377852156
189,0.04562070755704306,1.0,0.0,0.001040624479002623,146171.2488689735,52.281035377852156
190,0.04562070755704306,1.0,0.0,0.001040624479002623,146171.2488689735,52.281035377852156
191,0.04562070755704306,1.0,0.0,0.001040624479002623,146171.2488689735,52.281035377852156
192,0.04562070755704306,1.0,0.0,0.001040624479002623,146171.2488689735,52.281035377852156
193,0.04562070755704306,1.0,0.0,0.001040624479002623,146171.2488689735,52.281035377852156
194,0.04562070755704306,1.0,0.0,0.001040624479002623,146171.2488689735,52.281035377852156
195,0.04562070755704306,1.0,0.0,0.001040624479002623,146171.2488689735,52.281035377852156
196,0.04562070755704306,1.0,0.0,0.001040624479002623,146171.2488689735,52.281035377852156
197,0.04562070755704306,1.0,0.0,0.001040624479002623,146171.2488689735,52.281035377852156
198,0.04562070755704306,1.0,0.0,0.001040624479002623,146171.2488689735,52.281035377852156
199,0.04562070755704306,1.0,0.0,0.001040624479002623,146171.2488689735,52.281035377852156
200,0.04562070755704306,1.0,0.0,0.001040624479002623,146171.2488689735,52.281035377852156
201,0.04562070755704306,1.0,0.0,0.001040624479002623,146171.2488689735,52.281035377852156
202,0.04562070755704306,1.0,0.0,0.001040624479002623,146171.2488689735,52.281035377852156
203,0.04562070755704306,1.0,0.0,0.001040624479002623,146171.2488689735,52.281035377852156
204,0.04562070755704306,1.0,0.0,0.001040624479002623,146171.2488689735,52.281035377852156
205,0.04562070755704306,1.0,0.0,0.001040624479002623,146171.2488689735,52.281035377852156
206,0.04562070755704306,1.0,0.0,0.001040624479002623,146171.2488689735,52.281035377852156
207,0.04562070755704306,1.0,0.0,0.001040624479002623,146171.2488689735,52.281035377852156
208,0.04562070755704306,1.0,0.0,0.001040624479002623,146171.2488689735,52.281035377852156
209,0.04562070755704306,1.0,0.0,0.001040624479002623,146171.2488689735,52.281035377852156
210,0.04562070755704306,1.0,0.0,0.001040624479002623,146171.2488689735,52.281035377852156
211,0.04562070755704306,1.0,0.0,0.001040624479002623,146171.2488689735,52.281035377852156
212,0.04562070755704306,1.0,0.0,0.001040624479002623,146171.2488689735,52.281035377852156
213,0.04562070755704306,1.0,0.0,0.001040624479002623,146171.2488689735,52.281035377852156
214,0.04562070755704306,1.0,0.0,0.001040624479002623,146171.2488689735,52.281035377852156
215,0.04562070755704306,1.0,0.0,0.001040624479002623,146171.2488689735,52.281035377852156
216,0.04562070755704306,1.0,0.0,0.001040624479002623,146171.2488689735,52.281035377852156
217,0.04562070755704306,1.0,0.0,0.001040624479002623,146171.2488689735,52.281035377852156
218,0.04562070755704306,1.0,0.0,0.001040624479002623,146171.2488689735,52.281035377852156
219,0.04562070755704306,1.0,0.0,0.001040624479002623,146171.2488689735,52.281035377852156
220,0.04562070755704306,1.0,0.0,0.001040624479002623,146171.2488689735,52.281035377852156
221,0.04562070755704306,1.0,0.0,0.001040624479002623,146171.2488689735,52.281035377852156
222,0.04562070755704306,1.0,0.0,0.001040624479002623,146171.2488689735,52.281035377852156
223,0.04562070755704306,1.0,0.0,0.001040624479002623,146171.2488689735,52.281035377852156
224,0.04562070755704306,1.0,0.0,0.001040624479002623,146171.2488689735,52.281035377852156
225,0.04562070755704306,1.0,0.0,0.001040624479002623,146171.2488689735,52.281035377852156
226,0.04562070755704306,1.0,0.0,0.001040624479002623,146171.2488689735,52.281035377852156
227,0.04562070755704306,1.0,0.0,0.001040624479002623,146171.2488689735,52.281035377852156
228,0.04562070755704306,1.0,0.0,0.001040624479002623,146171.2488689735,52.281035377852156
229,0.04562070755704306,1.0,0.0,0.001040624479002623,146171.2488689735,52.281035377852156
230,0.04562070755704306,1.0,0.0,0.001040624479002623,146171.2488689735,52.281035377852156
231,0.04562070755704306,1.0,0.0,0.001040624479002623,146171.2488689735,52.281035377852156
232,0.04562070755704306,1.0,0.0,0.001040624479002623,146171.2488689735,52.281035377852156
233,0.04562070755704306,1.0,0.0,0.001040624479002623,146171.2488689735,52.281035377852156
234,0.04562070755704306,1.0,0.0,0.001040624479002623,146171.2488689735,52.281035377852156
235,0.04562070755704306,1.0,0.0,0.001040624479002623,146171.2488689735,52.281035377852156
236,0.04562070755704306,1.0,0.0,0.001040624479002623,146171.2488689735,52.281035377852156
237,0.04562070755704306,1.0,0.0,0.001040624479002623,146171.2488689735,52.281035377852156
238,0.04562070755704306,1.0,0.0,0.001040624479002623,146171.2488689735,52.281035377852156
239,0.04562070755704306,1.0,0.0,0.001040624479002623,146171.2488689735,52.281035377852156
240,0.04562070755704306,1.0,0.0,0.001040624479002623,146171.2488689735,52.281035377852156
241,0.04562070755704306,1.0,0.0,0.001040624479002623,146171.2488689735,52.281035377852156
242,0.04562070755704306,1.0,0.0,0.001040624479002623,146171.2488689735,52.281035377852156
243,0.04562070755704306,1.0,0.0,0.001040624479002623,146171.2488689735,52.281035377852156
244,0.04562070755704306,1.0,0.0,0.001040624479002623,146171.2488689735,52.281035377852156
245,0.04562070755704306,1.0,0.0,0.001040624479002623,146171.2488689735,52.281035377852156
246,0.04562070755704306,1.0,0.0,0.001040624479002623,146171.2488689735,52.281035377852156
247,0.04562070755704306,1.0,0.0,0.001040624479002623,146171.2488689735,52.281035377852156
248,0.04562070755704306,1.0,0.0,0.001040624479002623,146171.2488689735,52.281035377852156
249,0.04562070755704306,1.0,0.0,0.001040624479002623,146171.2488689735,52.281035377852156
250,0.04562070755704306,1.0,0.0,0.001040624479002623,146171.2488689735,52.281035377852156
251,0.04562070755704306,1.0,0.0,0.001040624479002623,146171.2488689735,52.281035377852156
252,0.04562070755704306,1.0,0.0,0.001040624479002623,146171.2488689735,52.281035377852156
253,0.04562070755704306,1.0,0.0,0.001040624479002623,146171.2488689735,52.281035377852156
254,0.04562070755704306,1.0,0.0,0.001040624479002623,146171.2488689735,52.281035377852156
255,0.04562070755704306,1.0,0.0,0.001040624479002623,146171.2488689735,52.281035377852156
256,0.04562070755704306,1.0,0.0,0.001040624479002623,146171.2488689735,52.281035377852156
257,0.04562070755704306,1.0,0.0,0.001040624479002623,146171.2488689735,52.281035377852156
258,0.04562070755704306,1.0,0.0,0.001040624479002623,146171.2488689735,52.281035377852156
259,0.04562070755704306,1.0,0.0,0.001040624479002623,146171.2488689735,52.281035377852156
260,0.04562070755704306,1.0,0.0,0.001040624479002623,146171.2488689735,52.281035377852156
261,0.04562070755704306,1.0,0.0,0.001040624479002623,146171.2488689735,52.281035377852156
262,0.04562070755704306,1.0,0.0,0.001040624479002623,146171.2488689735,52.281035377852156
263,0.04562070755704306,1.0,0.0,0.001040624479002623,146171.2488689735,52.281035377852156
264,0.04562070755704306,1.0,0.0,0.001040624479002623,146171.2488689735,52.281035377852156
265,0.04562070755704306,1.0,0.0,0.001040624479002623,146171.2488689735,52.281035377852156
266,0.04562070755704306,1.0,0.0,0.001040624479002623,146171.2488689735,52.281035377852156
267,0.04562070755704306,1.0,0.0,0.001040624479002623,146171.2488689735,52.281035377852156
268,0.04562070755704306,1.0,0.0,0.001040624479002623,146171.2488689735,52.281035377852156
269,0.04562070755704306,1.0,0.0,0.001040624479002623,146171.2488689735,52.281035377852156
270,0.04562070755704306,1.0,0.0,0.001040624479002623,146171.2488689735,52.281035377852156
271,0.04562070755704306,1.0,0.0,0.001040624479002623,146171.2488689735,52.281035377852156
272,0.04562070755704306,1.0,0.0,0.001040624479002623,146171.2488689735,52.281035377852156
273,0.04562070755704306,1.0,0.0,0.001040624479002623,146171.2488689735,52.281035377852156
274,0.04562070755704306,1.0,0.0,0.001040624479002623,146171.2488689735,52.281035377852156
275,0.04562070755704306,1.0,0.0,0.001040624479002623,146171.2488689735,52.281035377852156
276,0.04562070755704306,1.0,0.0,0.001040624479002623,146171.2488689735,52.281035377852156
277,0.04562070755704306,1.0,0.0,0.001040624479002623,146171.2488689735,52.281035377852156
278,0.04562070755704306,1.0,0.0,0.001040624479002623,146171.2488689735,52.281035377852156
279,0.04562070755704306,1.0,0.0,0.001040624479002623,146171.2488689735,52.281035377852156
280,0.04562070755704306,1.0,0.0,0.001040624479002623,146171.2488689735,52.281035377852156
281,0.04562070755704306,1.0,0.0,0.001040624479002623,146171.2488689735,52.281035377852156
282,0.04562070755704306,1.0,0.0,0.001040624479002623,146171.2488689735,52.281035377852156
283,0.04562070755704306,1.0,0.0,0.001040624479002623,146171.2488689735,52.281035377852156
284,0.04562070755704306,1.0,0.0,0.001040624479002623,146171.2488689735,52.281035377852156
285,0.04562070755704306,1.0,0.0,0.001040624479002623,146171.2488689735,52.281035377852156
286,0.04562070755704306,1.0,0.0,0.001040624479002623,146171.2488689735,52.281035377852156
287,0.04562070755704306,1.0,0.0,0.001040624479002623,146171.2488689735,52.281035377852156
288,0.04562070755704306,1.0,0.0,0.001040624479002623,146171.2488689735,52.281035377852156
289,0.04562070755704306,1.0,0.0,0.001040624479002623,146171.2488689735,52.281035377852156
290,0.04562070755704306,1.0,0.0,0.001040624479002623,146171.2488689735,52.281035377852156
291,0.04562070755704306,1.0,0.0,0.001040624479002623,146171.2488689735,52.281035377852156
292,0.04562070755704306,1.0,0.0,0.001040624479002623,146171.2488689735,52.281035377852156
293,0.04562070755704306,1.0,0.0,0.001040624479002623,146171.2488689735,52.281035377852156
294,0.04562070755704306,1.0,0.0,0.001040624479002623,146171.2488689735,52.281035377852156
295,0.04562070755704306,1.0,0.0,0.001040624479002623,146171.2488689735,52.281035377852156
296,0.04562070755704306,1.0,0.0,0.001040624479002623,146171.2488689735,52.281035377852156
297,0.04562070755704306,1.0,0.0,0.001040624479002623,146171.2488689735,52.281035377852156
298,0.04562070755704306,1.0,0.0,0.001040624479002623,146171.2488689735,52.281035377852156
299,0.04562070755704306,1.0,0.0,0.001040624479002623,146171.2488689735,52.281035377852156
300,0.04562070755704306,1.0,0.0,0.001040624479002623,146171.2488689735,52.281035377852156
301,0.04562070755704306,1.0,0.0,0.001040624479002623,146171.2488689735,52.281035377852156
302,0.04562070755704306,1.0,0.0,0.001040624479002623,146171.2488689735,52.281035377852156
303,0.04562070755704306,1.0,0.0,0.001040624479002623,146171.2488689735,52.281035377852156
304,0.04562070755704306,1.0,0.0,0.001040624479002623,146171.2488689735,52.281035377852156
305,0.04562070755704306,1.0,0.0,0.001040624479002623,146171.2488689735,52.281035377852156
306,0.04562070755704306,1.0,0.0,0.001040624479002623,146171.2488689735,52.281035377852156
307,0.04562070755704306,1.0,0.0,0.001040624479002623,146171.2488689735,52.281035377852156
308,0.04562070755704306,1.0,0.0,0.001040624479002623,146171.2488689735,52.281035377852156
309,0.04562070755704306,1.0,0.0,0.001040624479002623,146171.2488689735,52.281035377852156
310,0.04562070755704306,1.0,0.0,0.001040624479002623,146171.2488689735,52.281035377852156
311,0.04562070755704306,1.0,0.0,0.001040624479002623,146171.2488689735,52.281035377852156
312,0.04562070755704306,1.0,0.0,0.001040624479002623,146171.2488689735,52.281035377852156
313,0.04562070755704306,1.0,0.0,0.001040624479002623,146171.2488689735,52.281035377852156
314,0.04562070755704306,1.0,0.0,0.001040624479002623,146171.2488689735,52.281035377852156
315,0.04562070755704306,1.0,0.0,0.001040624479002623,146171.2488689735,52.281035377852156
316,0.04562070755704306,1.0,0.0,0.001040624479002623,146171.2488689735,52.281035377852156
317,0.04562070755704306,1.0,0.0,0.001040624479002623,146171.2488689735,52.281035377852156
318,0.04562070755704306,1.0,0.0,0.001040624479002623,146171.2488689735,52.281035377852156
319,0.04562070755704306,1.0,0.0,0.001040624479002623,146171.2488689735,52.281035377852156
320,0.04562070755704306,1.0,0.0,0.001040624479002623,146171.2488689735,52.281035377852156
321,0.04562070755704306,1.0,0.0,0.001040624479002623,146171.2488689735,52.281035377852156
322,0.04562070755704306,1.0,0.0,0.001040624479002623,146171.2488689735,52.281035377852156
323,0.04562070755704306,1.0,0.0,0.001040624479002623,146171.2488689735,52.281035377852156
324,0.04562070755704306,1.0,0.0,0.001040624479002623,146171.2488689735,52.281035377852156
325,0.04562070755704306,1.0,0.0,0.001040624479002623,146171.2488689735,52.281035377852156
326,0.04562070755704306,1.0,0.0,0.001040624479002623,146171.2488689735,52.281035377852156
327,0.04562070755704306,1.0,0.0,0.001040624479002623,146171.2488689735,52.281035377852156
328,0.04562070755704306,1.0,0.0,0.001040624479002623,146171.2488689735,52.281035377852156
329,0.04562070755704306,1.0,0.0,0.001040624479002623,146171.2488689735,52.281035377852156
330,0.04562070755704306,1.0,0.0,0.001040624479002623,146171.2488689735,52.281035377852156
331,0.04562070755704306,1.0,0.0,0.001040624479002623,146171.2488689735,52.281035377852156
332,0.04562070755704306,1.0,0.0,0.001040624479002623,146171.2488689735,52.281035377852156
333,0.04562070755704306,1.0,0.0,0.001040624479002623,146171.2488689735,52.281035377852156
334,0.04562070755704306,1.0,0.0,0.001040624479002623,146171.2488689735,52.281035377852156
335,0.04562070755704306,1.0,0.0,0.001040624479002623,146171.2488689735,52.281035377852156
336,0.04562070755704306,1.0,0.0,0.001040624479002623,146171.2488689735,52.281035377852156
337,0.04562070755704306,1.0,0.0,0.001040624479002623,146171.2488689735,52.281035377852156
338,0.04562070755704306,1.0,0.0,0.001040624479002623,146171.2488689735,52.281035377852156
339,0.04562070755704306,1.0,0.0,0.001040624479002623,146171.2488689735,52.281035377852156
340,0.04562070755704306,1.0,0.0,0.001040624479002623,146171.2488689735,52.281035377852156
341,0.04562070755704306,1.0,0.0,0.001040624479002623,146171.2488689735,52.281035377852156
342,0.04562070755704306,1.0,0.0,0.001040624479002623,146171.2488689735,52.281035377852156
343,0.04562070755704306,1.0,0.0,0.001040624479002623,146171.2488689735,52.281035377852156
344,0.04562070755704306,1.0,0.0,0.001040624479002623,146171.2488689735,52.281035377852156
345,0.04562070755704306,1.0,0.0,0.001040624479002623,146171.2488689735,52.281035377852156
346,0.04562070755704306,1.0,0.0,0.001040624479002623,146171.2488689735,52.281035377852156
347,0.04562070755704306,1.0,0.0,0.001040624479002623,146171.2488689735,52.281035377852156
348,0.04562070755704306,1.0,0.0,0.001040624479002623,146171.2488689735,52.281035377852156
349,0.04562070755704306,1.0,0.0,0.001040624479002623,146171.2488689735,52.281035377852156
350,0.04562070755704306,1.0,0.0,0.001040624479002623,146171.2488689735,52.281035377852156
351,0.04562070755704306,1.0,0.0,0.001040624479002623,146171.2488689735,52.281035377852156
352,0.04562070755704306,1.0,0.0,0.001040624479002623,146171.2488689735,52.281035377852156
353,0.04562070755704306,1.0,0.0,0.001040624479002623,146171.2488689735,52.281035377852156
354,0.04562070755704306,1.0,0.0,0.001040624479002623,146171.2488689735,52.281035377852156
355,0.04562070755704306,1.0,0.0,0.001040624479002623,146171.2488689735,52.281035377852156
356,0.04562070755704306,1.0,0.0,0.001040624479002623,146171.2488689735,52.281035377852156
357,0.04562070755704306,1.0,0.0,0.001040624479002623,146171.2488689735,52.281035377852156
358,0.04562070755704306,1.0,0.0,0.001040624479002623,146171.2488689735,52.281035377852156
359,0.04562070755704306,1.0,0.0,0.001040624479002623,146171.2488689735,52.281035377852156
360,0.04562070755704306,1.0,0.0,0.001040624479002623,146171.2488689735,52.281035377852156
361,0.04562070755704306,1.0,0.0,0.001040624479002623,146171.2488689735,52.281035377852156
362,0.04562070755704306,1.0,0.0,0.001040624479002623,146171.2488689735,52.281035377852156
363,0.04562070755704306,1.0,0.0,0.001040624479002623,146171.2488689735,52.281035377852156
364,0.04562070755704306,1.0,0.0,0.001040624479002623,146171.2488689735,52.281035377852156
365,0.04562070755704306,1.0,0.0,0.001040624479002623,146171.2488689735,52.281035377852156
366,0.04562070755704306,1.0,0.0,0.001040624479002623,146171.2488689735,52.281035377852156
367,0.04562070755704306,1.0,0.0,0.001040624479002623,146171.2488689735,52.281035377852156
368,0.04562070755704306,1.0,0.0,0.001040624479002623,146171.2488689735,52.281035377852156
369,0.04562070755704306,1.0,0.0,0.001040624479002623,146171.2488689735,52.281035377852156
370,0.04562070755704306,1.0,0.0,0.001040624479002623,146171.2488689735,52.281035377852156
371,0.04562070755704306,1.0,0.0,0.001040624479002623,146171.2488689735,52.281035377852156
372,0.04562070755704306,1.0,0.0,0.001040624479002623,146171.2488689735,52.281035377852156
373,0.04562070755704306,1.0,0.0,0.001040624479002623,146171.2488689735,52.281035377852156
374,0.04562070755704306,1.0,0.0,0.001040624479002623,146171.2488689735,52.281035377852156
375,0.04562070755704306,1.0,0.0,0.001040624479002623,146171.2488689735,52.281035377852156
376,0.04562070755704306,1.0,0.0,0.001040624479002623,146171.2488689735,52.281035377852156
377,0.04562070755704306,1.0,0.0,0.001040624479002623,146171.2488689735,52.281035377852156
378,0.04562070755704306,1.0,0.0,0.001040624479002623,146171.2488689735,52.281035377852156
379,0.04562070755704306,1.0,0.0,0.001040624479002623,146171.2488689735,52.281035377852156
380,0.04562070755704306,1.0,0.0,0.001040624479002623,146171.2488689735,52.281035377852156
381,0.04562070755704306,1.0,0.0,0.001040624479002623,146171.2488689735,52.281035377852156
382,0.04562070755704306,1.0,0.0,0.001040624479002623,146171.2488689735,52.281035377852156
383,0.04562070755704306,1.0,0.0,0.001040624479002623,146171.2488689735,52.281035377852156
384,0.04562070755704306,1.0,0.0,0.001040624479002623,146171.2488689735,52.281035377852156
385,0.04562070755704306,1.0,0.0,0.001040624479002623,146171.2488689735,52.281035377852156
386,0.04562070755704306,1.0,0.0,0.001040624479002623,146171.2488689735,52.281035377852156
387,0.04562070755704306,1.0,0.0,0.001040624479002623,146171.2488689735,52.281035377852156
388,0.04562070755704306,1.0,0.0,0.001040624479002623,146171.2488689735,52.281035377852156
389,0.04562070755704306,1.0,0.0,0.001040624479002623,146171.2488689735,52.281035377852156
390,0.04562070755704306,1.0,0.0,0.001040624479002623,146171.2488689735,52.281035377852156
391,0.04562070755704306,1.0,0.0,0.001040624479002623,146171.2488689735,52.281035377852156
392,0.04562070755704306,1.0,0.0,0.001040624479002623,146171.2488689735,52.281035377852156
393,0.04562070755704306,1.0,0.0,0.001040624479002623,146171.2488689735,52.281035377852156
394,0.04562070755704306,1.0,0.0,0.001040624479002623,146171.2488689735,52.281035377852156
395,0.04562070755704306,1.0,0.0,0.001040624479002623,146171.2488689735,52.281035377852156
396,0.04562070755704306,1.0,0.0,0.001040624479002623,146171.2488689735,52.281035377852156
397,0.04562070755704306,1.0,0.0,0.001040624479002623,146171.2488689735,52.281035377852156
398,0.04562070755704306,1.0,0.0,0.001040624479002623,146171.2488689735,52.281035377852156
399,0.04562070755704306,1.0,0.0,0.001040624479002623,146171.2488689735,52.281035377852156
400,0.04562070755704306,1.0,0.0,0.001040624479002623,146171.2488689735,52.281035377852156
401,0.04562070755704306,1.0,0.0,0.001040624479002623,146171.2488689735,52.281035377852156
402,0.04562070755704306,1.0,0.0,0.001040624479002623,146171.2488689735,52.281035377852156
403,0.04562070755704306,1.0,0.0,0.001040624479002623,146171.2488689735,52.281035377852156
404,0.04562070755704306,1.0,0.0,0.001040624479002623,146171.2488689735,52.281035377852156
405,0.04562070755704306,1.0,0.0,0.001040624479002623,146171.2488689735,52.281035377852156
406,0.04562070755704306,1.0,0.0,0.001040624479002623,146171.2488689735,52.281035377852156
407,0.04562070755704306,1.0,0.0,0.001040624479002623,146171.2488689735,52.281035377852156
408,0.04562070755704306,1.0,0.0,0.001040624479002623,146171.2488689735,52.281035377852156
409,0.04562070755704306,1.0,0.0,0.001040624479002623,146171.2488689735,52.281035377852156
410,0.04562070755704306,1.0,0.0,0.001040624479002623,146171.2488689735,52.281035377852156
411,0.04562070755704306,1.0,0.0,0.001040624479002623,146171.2488689735,52.281035377852156
412,0.04562070755704306,1.0,0.0,0.001040624479002623,146171.2488689735,52.281035377852156
413,0.04562070755704306,1.0,0.0,0.001040624479002623,146171.2488689735,52.281035377852156
414,0.04562070755704306,1.0,0.0,0.001040624479002623,146171.2488689735,52.281035377852156
415,0.04562070755704306,1.0,0.0,0.001040624479002623,146171.2488689735,52.281035377852156
416,0.04562070755704306,1.0,0.0,0.001040624479002623,146171.2488689735,52.281035377852156
417,0.04562070755704306,1.0,0.0,0.001040624479002623,146171.2488689735,52.281035377852156
418,0.04562070755704306,1.0,0.0,0.001040624479002623,146171.2488689735,52.281035377852156
419,0.04562070755704306,1.0,0.0,0.001040624479002623,146171.2488689735,52.281035377852156
420,0.04562070755704306,1.0,0.0,0.001040624479002623,146171.2488689735,52.281035377852156
421,0.04562070755704306,1.0,0.0,0.001040624479002623,146171.2488689735,52.281035377852156
422,0.04562070755704306,1.0,0.0,0.001040624479002623,146171.2488689735,52.281035377852156
423,0.04562070755704306,1.0,0.0,0.001040624479002623,146171.2488689735,52.281035377852156
424,0.04562070755704306,1.0,0.0,0.001040624479002623,146171.2488689735,52.281035377852156
425,0.04562070755704306,1.0,0.0,0.001040624479002623,146171.2488689735,52.281035377852156
426,0.04562070755704306,1.0,0.0,0.001040624479002623,146171.2488689735,52.281035377852156
427,0.04562070755704306,1.0,0.0,0.001040624479002623,146171.2488689735,52.281035377852156
428,0.04562070755704306,1.0,0.0,0.001040624479002623,146171.2488689735,52.281035377852156
429,0.04562070755704306,1.0,0.0,0.001040624479002623,146171.2488689735,52.281035377852156
430,0.04562070755704306,1.0,0.0,0.001040624479002623,146171.2488689735,52.281035377852156
431,0.04562070755704306,1.0,0.0,0.001040624479002623,146171.2488689735,52.281035377852156
432,0.04562070755704306,1.0,0.0,0.001040624479002623,146171.2488689735,52.281035377852156
433,0.04562070755704306,1.0,0.0,0.001040624479002623,146171.2488689735,52.281035377852156
434,0.04562070755704306,1.0,0.0,0.001040624479002623,146171.2488689735,52.281035377852156
435,0.04562070755704306,1.0,0.0,0.001040624479002623,146171.2488689735,52.281035377852156
436,0.04562070755704306,1.0,0.0,0.001040624479002623,146171.2488689735,52.281035377852156
437,0.04562070755704306,1.0,0.0,0.001040624479002623,146171.2488689735,52.281035377852156
438,0.04562070755704306,1.0,0.0,0.001040624479002623,146171.2488689735,52.281035377852156
439,0.04562070755704306,1.0,0.0,0.001040624479002623,146171.2488689735,52.281035377852156
440,0.04562070755704306,1.0,0.0,0.001040624479002623,146171.2488689735,52.281035377852156
441,0.04562070755704306,1.0,0.0,0.001040624479002623,146171.2488689735,52.281035377852156
442,0.04562070755704306,1.0,0.0,0.001040624479002623,146171.2488689735,52.281035377852156
443,0.04562070755704306,1.0,0.0,0.001040624479002623,146171.2488689735,52.281035377852156
444,0.04562070755704306,1.0,0.0,0.001040624479002623,146171.2488689735,52.281035377852156
445,0.04562070755704306,1.0,0.0,0.001040624479002623,146171.2488689735,52.281035377852156
446,0.04562070755704306,1.0,0.0,0.001040624479002623,146171.2488689735,52.281035377852156
447,0.04562070755704306,1.0,0.0,0.001040624479002623,146171.2488689735,52.281035377852156
448,0.04562070755704306,1.0,0.0,0.001040624479002623,146171.2488689735,52.281035377852156
449,0.04562070755704306,1.0,0.0,0.001040624479002623,146171.2488689735,52.281035377852156
450,0.04562070755704306,1.0,0.0,0.001040624479002623,146171.2488689735,52.281035377852156
451,0.04562070755704306,1.0,0.0,0.001040624479002623,146171.2488689735,52.281035377852156
452,0.04562070755704306,1.0,0.0,0.001040624479002623,146171.2488689735,52.281035377852156
453,0.04562070755704306,1.0,0.0,0.001040624479002623,146171.2488689735,52.281035377852156
454,0.04562070755704306,1.0,0.0,0.001040624479002623,146171.2488689735,52.281035377852156
455,0.04562070755704306,1.0,0.0,0.001040624479002623,146171.2488689735,52.281035377852156
456,0.04562070755704306,1.0,0.0,0.001040624479002623,146171.2488689735,52.281035377852156
457,0.04562070755704306,1.0,0.0,0.001040624479002623,146171.2488689735,52.281035377852156
458,0.04562070755704306,1.0,0.0,0.001040624479002623,146171.2488689735,52.281035377852156
459,0.04562070755704306,1.0,0.0,0.001040624479002623,146171.2488689735,52.281035377852156
460,0.04562070755704306,1.0,0.0,0.001040624479002623,146171.2488689735,52.281035377852156
461,0.04562070755704306,1.0,0.0,0.001040624479002623,146171.2488689735,52.281035377852156
462,0.04562070755704306,1.0,0.0,0.001040624479002623,146171.2488689735,52.281035377852156
463,0.04562070755704306,1.0,0.0,0.001040624479002623,146171.2488689735,52.281035377852156
464,0.04562070755704306,1.0,0.0,0.001040624479002623,146171.2488689735,52.281035377852156
465,0.04562070755704306,1.0,0.0,0.001040624479002623,146171.2488689735,52.281035377852156
466,0.04562070755704306,1.0,0.0,0.001040624479002623,146171.2488689735,52.281035377852156
467,0.04562070755704306,1.0,0.0,0.001040624479002623,146171.2488689735,52.281035377852156
468,0.04562070755704306,1.0,0.0,0.001040624479002623,146171.2488689735,52.281035377852156
469,0.04562070755704306,1.0,0.0,0.001040624479002623,146171.2488689735,52.281035377852156
470,0.04562070755704306,1.0,0.0,0.001040624479002623,146171.2488689735,52.281035377852156
471,0.04562070755704306,1.0,0.0,0.001040624479002623,146171.2488689735,52.281035377852156
472,0.04562070755704306,1.0,0.0,0.001040624479002623,146171.2488689735,52.281035377852156
473,0.04562070755704306,1.0,0.0,0.001040624479002623,146171.2488689735,52.281035377852156
474,0.04562070755704306,1.0,0.0,0.001040624479002623,146171.2488689735,52.281035377852156
475,0.04562070755704306,1.0,0.0,0.001040624479002623,146171.2488689735,52.281035377852156
476,0.04562070755704306,1.0,0.0,0.001040624479002623,146171.2488689735,52.281035377852156
477,0.04562070755704306,1.0,0.0,0.001040624479002623,146171.2488689735,52.281035377852156
478,0.04562070755704306,1.0,0.0,0.001040624479002623,146171.2488689735,52.281035377852156
479,0.04562070755704306,1.0,0.0,0.001040624479002623,146171.2488689735,52.281035377852156
480,0.04562070755704306,1.0,0.0,0.001040624479002623,146171.2488689735,52.281035377852156
481,0.04562070755704306,1.0,0.0,0.001040624479002623,146171.2488689735,52.281035377852156
482,0.04562070755704306,1.0,0.0,0.001040624479002623,146171.2488689735,52.281035377852156
483,0.04562070755704306,1.0,0.0,0.001040624479002623,146171.2488689735,52.281035377852156
484,0.04562070755704306,1.0,0.0,0.001040624479002623,146171.2488689735,52.281035377852156
485,0.04562070755704306,1.0,0.0,0.001040624479002623,146171.2488689735,52.281035377852156
486,0.04562070755704306,1.0,0.0,0.001040624479002623,146171.2488689735,52.281035377852156
487,0.04562070755704306,1.0,0.0,0.001040624479002623,146171.2488689735,52.281035377852156
488,0.04562070755704306,1.0,0.0,0.001040624479002623,146171.2488689735,52.281035377852156
489,0.04562070755704306,1.0,0.0,0.001040624479002623,146171.2488689735,52.281035377852156
490,0.04562070755704306,1.0,0.0,0.001040624479002623,146171.2488689735,52.281035377852156
491,0.04562070755704306,1.0,0.0,0.001040624479002623,146171.2488689735,52.281035377852156
492,0.04562070755704306,1.0,0.0,0.001040624479002623,146171.2488689735,52.281035377852156
493,0.04562070755704306,1.0,0.0,0.001040624479002623,146171.2488689735,52.281035377852156
494,0.04562070755704306,1.0,0.0,0.001040624479002623,146171.2488689735,52.281035377852156
495,0.04562070755704306,1.0,0.0,0.001040624479002623,146171.2488689735,52.281035377852156
496,0.04562070755704306,1.0,0.0,0.001040624479002623,146171.2488689735,52.281035377852156
497,0.04562070755704306,1.0,0.0,0.001040624479002623,146171.2488689735,52.281035377852156
498,0.04562070755704306,1.0,0.0,0.001040624479002623,146171.2488689735,52.281035377852156
499,0.04562070755704306,1.0,0.0,0.001040624479002623,146171.2488689735,52.281035377852156
500,0.04562070755704306,1.0,0.0,0.001040624479002623,146171.2488689735,52.281035377852156
501,0.04562070755704306,1.0,0.0,0.001040624479002623,146171.2488689735,52.281035377852156
502,0.04562070755704306,1.0,0.0,0.001040624479002623,146171.2488689735,52.281035377852156
503,0.04562070755704306,1.0,0.0,0.001040624479002623,146171.2488689735,52.281035377852156
504,0.04562070755704306,1.0,0.0,0.001040624479002623,146171.2488689735,52.281035377852156
505,0.04562070755704306,1.0,0.0,0.001040624479002623,146171.2488689735,52.281035377852156
506,0.04562070755704306,1.0,0.0,0.001040624479002623,146171.2488689735,52.281035377852156
507,0.04562070755704306,1.0,0.0,0.001040624479002623,146171.2488689735,52.281035377852156
508,0.04562070755704306,1.0,0.0,0.001040624479002623,146171.2488689735,52.281035377852156
509,0.04562070755704306,1.0,0.0,0.001040624479002623,146171.2488689735,52.281035377852156
510,0.04562070755704306,1.0,0.0,0.001040624479002623,146171.2488689735,52.281035377852156
511,0.04562070755704306,1.0,0.0,0.001040624479002623,146171.2488689735,52.281035377852156
512,0.04562070755704306,1.0,0.0,0.001040624479002623,146171.2488689735,52.281035377852156
513,0.04562070755704306,1.0,0.0,0.001040624479002623,146171.2488689735,52.281035377852156
514,0.04562070755704306,1.0,0.0,0.001040624479002623,146171.2488689735,52.281035377852156
515,0.04562070755704306,1.0,0.0,0.001040624479002623,146171.2488689735,52.281035377852156
516,0.04562070755704306,1.0,0.0,0.001040624479002623,146171.2488689735,52.281035377852156
517,0.04562070755704306,1.0,0.0,0.001040624479002623,146171.2488689735,52.281035377852156
518,0.04562070755704306,1.0,0.0,0.001040624479002623,146171.2488689735,52.281035377852156
519,0.04562070755704306,1.0,0.0,0.001040624479002623,146171.2488689735,52.281035377852156
520,0.04562070755704306,1.0,0.0,0.001040624479002623,146171.2488689735,52.281035377852156
521,0.04562070755704306,1.0,0.0,0.001040624479002623,146171.2488689735,52.281035377852156
522,0.04562070755704306,1.0,0.0,0.001040624479002623,146171.2488689735,52.281035377852156
523,0.04562070755704306,1.0,0.0,0.001040624479002623,146171.2488689735,52.281035377852156
524,0.04562070755704306,1.0,0.0,0.001040624479002623,146171.2488689735,52.281035377852156
525,0.04562070755704306,1.0,0.0,0.001040624479002623,146171.2488689735,52.281035377852156
526,0.04562070755704306,1.0,0.0,0.001040624479002623,146171.2488689735,52.281035377852156
527,0.04562070755704306,1.0,0.0,0.001040624479002623,146171.2488689735,52.281035377852156
528,0.04562070755704306,1.0,0.0,0.001040624479002623,146171.2488689735,52.281035377852156
529,0.04562070755704306,1.0,0.0,0.001040624479002623,146171.2488689735,52.281035377852156
530,0.04562070755704306,1.0,0.0,0.001040624479002623,146171.2488689735,52.281035377852156
531,0.04562070755704306,1.0,0.0,0.001040624479002623,146171.2488689735,52.281035377852156
532,0.04562070755704306,1.0,0.0,0.001040624479002623,146171.2488689735,52.281035377852156
533,0.04562070755704306,1.0,0.0,0.001040624479002623,146171.2488689735,52.281035377852156
534,0.04562070755704306,1.0,0.0,0.001040624479002623,146171.2488689735,52.281035377852156
535,0.04562070755704306,1.0,0.0,0.001040624479002623,146171.2488689735,52.281035377852156
536,0.04562070755704306,1.0,0.0,0.001040624479002623,146171.2488689735,52.281035377852156
537,0.04562070755704306,1.0,0.0,0.001040624479002623,146171.2488689735,52.281035377852156
538,0.04562070755704306,1.0,0.0,0.001040624479002623,146171.2488689735,52.281035377852156
539,0.04562070755704306,1.0,0.0,0.001040624479002623,146171.2488689735,52.281035377852156
540,0.04562070755704306,1.0,0.0,0.001040624479002623,146171.2488689735,52.281035377852156
541,0.04562070755704306,1.0,0.0,0.001040624479002623,146171.2488689735,52.281035377852156
542,0.04562070755704306,1.0,0.0,0.001040624479002623,146171.2488689735,52.281035377852156
543,0.04562070755704306,1.0,0.0,0.001040624479002623,146171.2488689735,52.281035377852156
544,0.04562070755704306,1.0,0.0,0.001040624479002623,146171.2488689735,52.281035377852156
545,0.04562070755704306,1.0,0.0,0.001040624479002623,146171.2488689735,52.281035377852156
546,0.04562070755704306,1.0,0.0,0.001040624479002623,146171.2488689735,52.281035377852156
547,0.04562070755704306,1.0,0.0,0.001040624479002623,146171.2488689735,52.281035377852156
548,0.04562070755704306,1.0,0.0,0.001040624479002623,146171.2488689735,52.281035377852156
549,0.04562070755704306,1.0,0.0,0.001040624479002623,146171.2488689735,52.281035377852156
550,0.04562070755704306,1.0,0.0,0.001040624479002623,146171.2488689735,52.281035377852156
551,0.04562070755704306,1.0,0.0,0.001040624479002623,146171.2488689735,52.281035377852156
552,0.04562070755704306,1.0,0.0,0.001040624479002623,146171.2488689735,52.281035377852156
553,0.04562070755704306,1.0,0.0,0.001040624479002623,146171.2488689735,52.281035377852156
554,0.04562070755704306,1.0,0.0,0.001040624479002623,146171.2488689735,52.281035377852156
555,0.04562070755704306,1.0,0.0,0.001040624479002623,146171.2488689735,52.281035377852156
556,0.04562070755704306,1.0,0.0,0.001040624479002623,146171.2488689735,52.281035377852156
557,0.04562070755704306,1.0,0.0,0.001040624479002623,146171.2488689735,52.281035377852156
558,0.04562070755704306,1.0,0.0,0.001040624479002623,146171.2488689735,52.281035377852156
559,0.04562070755704306,1.0,0.0,0.001040624479002623,146171.2488689735,52.281035377852156
560,0.04562070755704306,1.0,0.0,0.001040624479002623,146171.2488689735,52.281035377852156
561,0.04562070755704306,1.0,0.0,0.001040624479002623,146171.2488689735,52.281035377852156
562,0.04562070755704306,1.0,0.0,0.001040624479002623,146171.2488689735,52.281035377852156
563,0.04562070755704306,1.0,0.0,0.001040624479002623,146171.2488689735,52.281035377852156
564,0.04562070755704306,1.0,0.0,0.001040624479002623,146171.2488689735,52.281035377852156
565,0.04562070755704306,1.0,0.0,0.001040624479002623,146171.2488689735,52.281035377852156
566,0.04562070755704306,1.0,0.0,0.001040624479002623,146171.2488689735,52.281035377852156
567,0.04562070755704306,1.0,0.0,0.001040624479002623,146171.2488689735,52.281035377852156
568,0.04562070755704306,1.0,0.0,0.001040624479002623,146171.2488689735,52.281035377852156
569,0.04562070755704306,1.0,0.0,0.001040624479002623,146171.2488689735,52.281035377852156
570,0.04562070755704306,1.0,0.0,0.001040624479002623,146171.2488689735,52.281035377852156
571,0.04562070755704306,1.0,0.0,0.001040624479002623,146171.2488689735,52.281035377852156
572,0.04562070755704306,1.0,0.0,0.001040624479002623,146171.2488689735,52.281035377852156
573,0.04562070755704306,1.0,0.0,0.001040624479002623,146171.2488689735,52.281035377852156
574,0.04562070755704306,1.0,0.0,0.001040624479002623,146171.2488689735,52.281035377852156
575,0.04562070755704306,1.0,0.0,0.001040624479002623,146171.2488689735,52.281035377852156
576,0.04562070755704306,1.0,0.0,0.001040624479002623,146171.2488689735,52.281035377852156
577,0.04562070755704306,1.0,0.0,0.001040624479002623,146171.2488689735,52.281035377852156
578,0.04562070755704306,1.0,0.0,0.001040624479002623,146171.2488689735,52.281035377852156
579,0.04562070755704306,1.0,0.0,0.001040624479002623,146171.2488689735,52.281035377852156
580,0.04562070755704306,1.0,0.0,0.001040624479002623,146171.2488689735,52.281035377852156
581,0.04562070755704306,1.0,0.0,0.001040624479002623,146171.2488689735,52.281035377852156
582,0.04562070755704306,1.0,0.0,0.001040624479002623,146171.2488689735,52.281035377852156
583,0.04562070755704306,1.0,0.0,0.001040624479002623,146171.2488689735,52.281035377852156
584,0.04562070755704306,1.0,0.0,0.001040624479002623,146171.2488689735,52.281035377852156
585,0.04562070755704306,1.0,0.0,0.001040624479002623,146171.2488689735,52.281035377852156
586,0.04562070755704306,1.0,0.0,0.001040624479002623,146171.2488689735,52.281035377852156
587,0.04562070755704306,1.0,0.0,0.001040624479002623,146171.2488689735,52.281035377852156
588,0.04562070755704306,1.0,0.0,0.001040624479002623,146171.2488689735,52.281035377852156
589,0.04562070755704306,1.0,0.0,0.001040624479002623,146171.2488689735,52.281035377852156
590,0.04562070755704306,1.0,0.0,0.001040624479002623,146171.2488689735,52.281035377852156
591,0.04562070755704306,1.0,0.0,0.001040624479002623,146171.2488689735,52.281035377852156
592,0.04562070755704306,1.0,0.0,0.001040624479002623,146171.2488689735,52.281035377852156
593,0.04562070755704306,1.0,0.0,0.001040624479002623,146171.2488689735,52.281035377852156
594,0.04562070755704306,1.0,0.0,0.001040624479002623,146171.2488689735,52.281035377852156
595,0.04562070755704306,1.0,0.0,0.001040624479002623,146171.2488689735,52.281035377852156
596,0.04562070755704306,1.0,0.0,0.001040624479002623,146171.2488689735,52.281035377852156
597,0.04562070755704306,1.0,0.0,0.001040624479002623,146171.2488689735,52.281035377852156
598,0.04562070755704306,1.0,0.0,0.001040624479002623,146171.2488689735,52.281035377852156
599,0.04562070755704306,1.0,0.0,0.001040624479002623,146171.2488689735,52.281035377852156
600,0.04562070755704306,1.0,0.0,0.001040624479002623,146171.2488689735,52.281035377852156
601,0.04562070755704306,1.0,0.0,0.001040624479002623,146171.2488689735,52.281035377852156
602,0.04562070755704306,1.0,0.0,0.001040624479002623,146171.2488689735,52.281035377852156
603,0.04562070755704306,1.0,0.0,0.001040624479002623,146171.2488689735,52.281035377852156
604,0.04562070755704306,1.0,0.0,0.001040624479002623,146171.2488689735,52.281035377852156
605,0.04562070755704306,1.0,0.0,0.001040624479002623,146171.2488689735,52.281035377852156
606,0.04562070755704306,1.0,0.0,0.001040624479002623,146171.2488689735,52.281035377852156
607,0.04562070755704306,1.0,0.0,0.001040624479002623,146171.2488689735,52.281035377852156
608,0.04562070755704306,1.0,0.0,0.001040624479002623,146171.2488689735,52.281035377852156
609,0.04562070755704306,1.0,0.0,0.001040624479002623,146171.2488689735,52.281035377852156
610,0.04562070755704306,1.0,0.0,0.001040624479002623,146171.2488689735,52.281035377852156
611,0.04562070755704306,1.0,0.0,0.001040624479002623,146171.2488689735,52.281035377852156
612,0.04562070755704306,1.0,0.0,0.001040624479002623,146171.2488689735,52.281035377852156
613,0.04562070755704306,1.0,0.0,0.001040624479002623,146171.2488689735,52.281035377852156
614,0.04562070755704306,1.0,0.0,0.001040624479002623,146171.2488689735,52.281035377852156
615,0.04562070755704306,1.0,0.0,0.001040624479002623,146171.2488689735,52.281035377852156
616,0.04562070755704306,1.0,0.0,0.001040624479002623,146171.2488689735,52.281035377852156
617,0.04562070755704306,1.0,0.0,0.001040624479002623,146171.2488689735,52.281035377852156
618,0.04562070755704306,1.0,0.0,0.001040624479002623,146171.2488689735,52.281035377852156
619,0.04562070755704306,1.0,0.0,0.001040624479002623,146171.2488689735,52.281035377852156
620,0.04562070755704306,1.0,0.0,0.001040624479002623,146171.2488689735,52.281035377852156
621,0.04562070755704306,1.0,0.0,0.001040624479002623,146171.2488689735,52.281035377852156
622,0.04562070755704306,1.0,0.0,0.001040624479002623,146171.2488689735,52.281035377852156
623,0.04562070755704306,1.0,0.0,0.001040624479002623,146171.2488689735,52.281035377852156
624,0.04562070755704306,1.0,0.0,0.001040624479002623,146171.2488689735,52.281035377852156
625,0.04562070755704306,1.0,0.0,0.001040624479002623,146171.2488689735,52.281035377852156
626,0.04562070755704306,1.0,0.0,0.001040624479002623,146171.2488689735,52.281035377852156
627,0.04562070755704306,1.0,0.0,0.001040624479002623,146171.2488689735,52.281035377852156
628,0.04562070755704306,1.0,0.0,0.001040624479002623,146171.2488689735,52.281035377852156
629,0.04562070755704306,1.0,0.0,0.001040624479002623,146171.2488689735,52.281035377852156
630,0.04562070755704306,1.0,0.0,0.001040624479002623,146171.2488689735,52.281035377852156
631,0.04562070755704306,1.0,0.0,0.001040624479002623,146171.2488689735,52.281035377852156
632,0.04562070755704306,1.0,0.0,0.001040624479002623,146171.2488689735,52.281035377852156
633,0.04562070755704306,1.0,0.0,0.001040624479002623,146171.2488689735,52.281035377852156
634,0.04562070755704306,1.0,0.0,0.001040624479002623,146171.2488689735,52.281035377852156
635,0.04562070755704306,1.0,0.0,0.001040624479002623,146171.2488689735,52.281035377852156
636,0.04562070755704306,1.0,0.0,0.001040624479002623,146171.2488689735,52.281035377852156
637,0.04562070755704306,1.0,0.0,0.001040624479002623,146171.2488689735,52.281035377852156
638,0.04562070755704306,1.0,0.0,0.001040624479002623,146171.2488689735,52.281035377852156
639,0.04562070755704306,1.0,0.0,0.001040624479002623,146171.2488689735,52.281035377852156
640,0.04562070755704306,1.0,0.0,0.001040624479002623,146171.2488689735,52.281035377852156
641,0.04562070755704306,1.0,0.0,0.001040624479002623,146171.2488689735,52.281035377852156
642,0.04562070755704306,1.0,0.0,0.001040624479002623,146171.2488689735,52.281035377852156
643,0.04562070755704306,1.0,0.0,0.001040624479002623,146171.2488689735,52.281035377852156
644,0.04562070755704306,1.0,0.0,0.001040624479002623,146171.2488689735,52.281035377852156
645,0.04562070755704306,1.0,0.0,0.001040624479002623,146171.2488689735,52.281035377852156
646,0.04562070755704306,1.0,0.0,0.001040624479002623,146171.2488689735,52.281035377852156
647,0.04562070755704306,1.0,0.0,0.001040624479002623,146171.2488689735,52.281035377852156
648,0.04562070755704306,1.0,0.0,0.001040624479002623,146171.2488689735,52.281035377852156
649,0.04562070755704306,1.0,0.0,0.001040624479002623,146171.2488689735,52.281035377852156
650,0.04562070755704306,1.0,0.0,0.001040624479002623,146171.2488689735,52.281035377852156
651,0.04562070755704306,1.0,0.0,0.001040624479002623,146171.2488689735,52.281035377852156
652,0.04562070755704306,1.0,0.0,0.001040624479002623,146171.2488689735,52.281035377852156
653,0.04562070755704306,1.0,0.0,0.001040624479002623,146171.2488689735,52.281035377852156
654,0.04562070755704306,1.0,0.0,0.001040624479002623,146171.2488689735,52.281035377852156
655,0.04562070755704306,1.0,0.0,0.001040624479002623,146171.2488689735,52.281035377852156
656,0.04562070755704306,1.0,0.0,0.001040624479002623,146171.2488689735,52.281035377852156
657,0.04562070755704306,1.0,0.0,0.001040624479002623,146171.2488689735,52.281035377852156
658,0.04562070755704306,1.0,0.0,0.001040624479002623,146171.2488689735,52.281035377852156
659,0.04562070755704306,1.0,0.0,0.001040624479002623,146171.2488689735,52.281035377852156
660,0.04562070755704306,1.0,0.0,0.001040624479002623,146171.2488689735,52.281035377852156
661,0.04562070755704306,1.0,0.0,0.001040624479002623,146171.2488689735,52.281035377852156
662,0.04562070755704306,1.0,0.0,0.001040624479002623,146171.2488689735,52.281035377852156
663,0.04562070755704306,1.0,0.0,0.001040624479002623,146171.2488689735,52.281035377852156
664,0.04562070755704306,1.0,0.0,0.001040624479002623,146171.2488689735,52.281035377852156
665,0.04562070755704306,1.0,0.0,0.001040624479002623,146171.2488689735,52.281035377852156
666,0.04562070755704306,1.0,0.0,0.001040624479002623,146171.2488689735,52.281035377852156
667,0.04562070755704306,1.0,0.0,0.001040624479002623,146171.2488689735,52.281035377852156
668,0.04562070755704306,1.0,0.0,0.001040624479002623,146171.2488689735,52.281035377852156
669,0.04562070755704306,1.0,0.0,0.001040624479002623,146171.2488689735,52.281035377852156
670,0.04562070755704306,1.0,0.0,0.001040624479002623,146171.2488689735,52.281035377852156
671,0.04562070755704306,1.0,0.0,0.001040624479002623,146171.2488689735,52.281035377852156
672,0.04562070755704306,1.0,0.0,0.001040624479002623,146171.2488689735,52.281035377852156
673,0.04562070755704306,1.0,0.0,0.001040624479002623,146171.2488689735,52.281035377852156
674,0.04562070755704306,1.0,0.0,0.001040624479002623,146171.2488689735,52.281035377852156
675,0.04562070755704306,1.0,0.0,0.001040624479002623,146171.2488689735,52.281035377852156
676,0.04562070755704306,1.0,0.0,0.001040624479002623,146171.2488689735,52.281035377852156
677,0.04562070755704306,1.0,0.0,0.001040624479002623,146171.2488689735,52.281035377852156
678,0.04562070755704306,1.0,0.0,0.001040624479002623,146171.2488689735,52.281035377852156
679,0.04562070755704306,1.0,0.0,0.001040624479002623,146171.2488689735,52.281035377852156
680,0.04562070755704306,1.0,0.0,0.001040624479002623,146171.2488689735,52.281035377852156
681,0.04562070755704306,1.0,0.0,0.001040624479002623,146171.2488689735,52.281035377852156
682,0.04562070755704306,1.0,0.0,0.001040624479002623,146171.2488689735,52.281035377852156
683,0.04562070755704306,1.0,0.0,0.001040624479002623,146171.2488689735,52.281035377852156
684,0.04562070755704306,1.0,0.0,0.001040624479002623,146171.2488689735,52.281035377852156
685,0.04562070755704306,1.0,0.0,0.001040624479002623,146171.2488689735,52.281035377852156
686,0.04562070755704306,1.0,0.0,0.001040624479002623,146171.2488689735,52.281035377852156
687,0.04562070755704306,1.0,0.0,0.001040624479002623,146171.2488689735,52.281035377852156
688,0.04562070755704306,1.0,0.0,0.001040624479002623,146171.2488689735,52.281035377852156
689,0.04562070755704306,1.0,0.0,0.001040624479002623,146171.2488689735,52.281035377852156
690,0.04562070755704306,1.0,0.0,0.001040624479002623,146171.2488689735,52.281035377852156
691,0.04562070755704306,1.0,0.0,0.001040624479002623,146171.2488689735,52.281035377852156
692,0.04562070755704306,1.0,0.0,0.001040624479002623,146171.2488689735,52.281035377852156
693,0.04562070755704306,1.0,0.0,0.001040624479002623,146171.2488689735,52.281035377852156
694,0.04562070755704306,1.0,0.0,0.001040624479002623,146171.2488689735,52.281035377852156
695,0.04562070755704306,1.0,0.0,0.001040624479002623,146171.2488689735,52.281035377852156
696,0.04562070755704306,1.0,0.0,0.001040624479002623,146171.2488689735,52.281035377852156
697,0.04562070755704306,1.0,0.0,0.001040624479002623,146171.2488689735,52.281035377852156
698,0.04562070755704306,1.0,0.0,0.001040624479002623,146171.2488689735,52.281035377852156
699,0.04562070755704306,1.0,0.0,0.001040624479002623,146171.2488689735,52.281035377852156
700,0.04562070755704306,1.0,0.0,0.001040624479002623,146171.2488689735,52.281035377852156
701,0.04562070755704306,1.0,0.0,0.001040624479002623,146171.2488689735,52.281035377852156
702,0.04562070755704306,1.0,0.0,0.001040624479002623,146171.2488689735,52.281035377852156
703,0.04562070755704306,1.0,0.0,0.001040624479002623,146171.2488689735,52.281035377852156
704,0.04562070755704306,1.0,0.0,0.001040624479002623,146171.2488689735,52.281035377852156
705,0.04562070755704306,1.0,0.0,0.001040624479002623,146171.2488689735,52.281035377852156
706,0.04562070755704306,1.0,0.0,0.001040624479002623,146171.2488689735,52.281035377852156
707,0.04562070755704306,1.0,0.0,0.001040624479002623,146171.2488689735,52.281035377852156
708,0.04562070755704306,1.0,0.0,0.001040624479002623,146171.2488689735,52.281035377852156
709,0.04562070755704306,1.0,0.0,0.001040624479002623,146171.2488689735,52.281035377852156
710,0.04562070755704306,1.0,0.0,0.001040624479002623,146171.2488689735,52.281035377852156
711,0.04562070755704306,1.0,0.0,0.001040624479002623,146171.2488689735,52.281035377852156
712,0.04562070755704306,1.0,0.0,0.001040624479002623,146171.2488689735,52.281035377852156
713,0.04562070755704306,1.0,0.0,0.001040624479002623,146171.2488689735,52.281035377852156
714,0.04562070755704306,1.0,0.0,0.001040624479002623,146171.2488689735,52.281035377852156
715,0.04562070755704306,1.0,0.0,0.001040624479002623,146171.2488689735,52.281035377852156
716,0.04562070755704306,1.0,0.0,0.001040624479002623,146171.2488689735,52.281035377852156
717,0.04562070755704306,1.0,0.0,0.001040624479002623,146171.2488689735,52.281035377852156
718,0.04562070755704306,1.0,0.0,0.001040624479002623,146171.2488689735,52.281035377852156
719,0.04562070755704306,1.0,0.0,0.001040624479002623,146171.2488689735,52.281035377852156
720,0.04562070755704306,1.0,0.0,0.001040624479002623,146171.2488689735,52.281035377852156
721,0.04562070755704306,1.0,0.0,0.001040624479002623,146171.2488689735,52.281035377852156
722,0.04562070755704306,1.0,0.0,0.001040624479002623,146171.2488689735,52.281035377852156
723,0.04562070755704306,1.0,0.0,0.001040624479002623,146171.2488689735,52.281035377852156
724,0.04562070755704306,1.0,0.0,0.001040624479002623,146171.2488689735,52.281035377852156
725,0.04562070755704306,1.0,0.0,0.001040624479002623,146171.2488689735,52.281035377852156
726,0.04562070755704306,1.0,0.0,0.001040624479002623,146171.2488689735,52.281035377852156
727,0.04562070755704306,1.0,0.0,0.001040624479002623,146171.2488689735,52.281035377852156
728,0.04562070755704306,1.0,0.0,0.001040624479002623,146171.2488689735,52.281035377852156
729,0.04562070755704306,1.0,0.0,0.001040624479002623,146171.2488689735,52.281035377852156
730,0.04562070755704306,1.0,0.0,0.001040624479002623,146171.2488689735,52.281035377852156
731,0.04562070755704306,1.0,0.0,0.001040624479002623,146171.2488689735,52.281035377852156
732,0.04562070755704306,1.0,0.0,0.001040624479002623,146171.2488689735,52.281035377852156
733,0.04562070755704306,1.0,0.0,0.001040624479002623,146171.2488689735,52.281035377852156
734,0.04562070755704306,1.0,0.0,0.001040624479002623,146171.2488689735,52.281035377852156
735,0.04562070755704306,1.0,0.0,0.001040624479002623,146171.2488689735,52.281035377852156
736,0.04562070755704306,1.0,0.0,0.001040624479002623,146171.2488689735,52.281035377852156
737,0.04562070755704306,1.0,0.0,0.001040624479002623,146171.2488689735,52.281035377852156
738,0.04562070755704306,1.0,0.0,0.001040624479002623,146171.2488689735,52.281035377852156
739,0.04562070755704306,1.0,0.0,0.001040624479002623,146171.2488689735,52.281035377852156
740,0.04562070755704306,1.0,0.0,0.001040624479002623,146171.2488689735,52.281035377852156
741,0.04562070755704306,1.0,0.0,0.001040624479002623,146171.2488689735,52.281035377852156
742,0.04562070755704306,1.0,0.0,0.001040624479002623,146171.2488689735,52.281035377852156
743,0.04562070755704306,1.0,0.0,0.001040624479002623,146171.2488689735,52.281035377852156
744,0.04562070755704306,1.0,0.0,0.001040624479002623,146171.2488689735,52.281035377852156
745,0.04562070755704306,1.0,0.0,0.001040624479002623,146171.2488689735,52.281035377852156
746,0.04562070755704306,1.0,0.0,0.001040624479002623,146171.2488689735,52.281035377852156
747,0.04562070755704306,1.0,0.0,0.001040624479002623,146171.2488689735,52.281035377852156
748,0.04562070755704306,1.0,0.0,0.001040624479002623,146171.2488689735,52.281035377852156
749,0.04562070755704306,1.0,0.0,0.001040624479002623,146171.2488689735,52.281035377852156
750,0.04562070755704306,1.0,0.0,0.001040624479002623,146171.2488689735,52.281035377852156
751,0.04562070755704306,1.0,0.0,0.001040624479002623,146171.2488689735,52.281035377852156
752,0.04562070755704306,1.0,0.0,0.001040624479002623,146171.2488689735,52.281035377852156
753,0.04562070755704306,1.0,0.0,0.001040624479002623,146171.2488689735,52.281035377852156
754,0.04562070755704306,1.0,0.0,0.001040624479002623,146171.2488689735,52.281035377852156
755,0.04562070755704306,1.0,0.0,0.001040624479002623,146171.2488689735,52.281035377852156
756,0.04562070755704306,1.0,0.0,0.001040624479002623,146171.2488689735,52.281035377852156
757,0.04562070755704306,1.0,0.0,0.001040624479002623,146171.2488689735,52.281035377852156
758,0.04562070755704306,1.0,0.0,0.001040624479002623,146171.2488689735,52.281035377852156
759,0.04562070755704306,1.0,0.0,0.001040624479002623,146171.2488689735,52.281035377852156
760,0.04562070755704306,1.0,0.0,0.001040624479002623,146171.2488689735,52.281035377852156
761,0.04562070755704306,1.0,0.0,0.001040624479002623,146171.2488689735,52.281035377852156
762,0.04562070755704306,1.0,0.0,0.001040624479002623,146171.2488689735,52.281035377852156
763,0.04562070755704306,1.0,0.0,0.001040624479002623,146171.2488689735,52.281035377852156
764,0.04562070755704306,1.0,0.0,0.001040624479002623,146171.2488689735,52.281035377852156
765,0.04562070755704306,1.0,0.0,0.001040624479002623,146171.2488689735,52.281035377852156
766,0.04562070755704306,1.0,0.0,0.001040624479002623,146171.2488689735,52.281035377852156
767,0.04562070755704306,1.0,0.0,0.001040624479002623,146171.2488689735,52.281035377852156
768,0.04562070755704306,1.0,0.0,0.001040624479002623,146171.2488689735,52.281035377852156
769,0.04562070755704306,1.0,0.0,0.001040624479002623,146171.2488689735,52.281035377852156
770,0.04562070755704306,1.0,0.0,0.001040624479002623,146171.2488689735,52.281035377852156
771,0.04562070755704306,1.0,0.0,0.001040624479002623,146171.2488689735,52.281035377852156
772,0.04562070755704306,1.0,0.0,0.001040624479002623,146171.2488689735,52.281035377852156
773,0.04562070755704306,1.0,0.0,0.001040624479002623,146171.2488689735,52.281035377852156
774,0.04562070755704306,1.0,0.0,0.001040624479002623,146171.2488689735,52.281035377852156
775,0.04562070755704306,1.0,0.0,0.001040624479002623,146171.2488689735,52.281035377852156
776,0.04562070755704306,1.0,0.0,0.001040624479002623,146171.2488689735,52.281035377852156
777,0.04562070755704306,1.0,0.0,0.001040624479002623,146171.2488689735,52.281035377852156
778,0.04562070755704306,1.0,0.0,0.001040624479002623,146171.2488689735,52.281035377852156
779,0.04562070755704306,1.0,0.0,0.001040624479002623,146171.2488689735,52.281035377852156
780,0.04562070755704306,1.0,0.0,0.001040624479002623,146171.2488689735,52.281035377852156
781,0.04562070755704306,1.0,0.0,0.001040624479002623,146171.2488689735,52.281035377852156
782,0.04562070755704306,1.0,0.0,0.001040624479002623,146171.2488689735,52.281035377852156
783,0.04562070755704306,1.0,0.0,0.001040624479002623,146171.2488689735,52.281035377852156
784,0.04562070755704306,1.0,0.0,0.001040624479002623,146171.2488689735,52.281035377852156
785,0.04562070755704306,1.0,0.0,0.001040624479002623,146171.2488689735,52.281035377852156
786,0.04562070755704306,1.0,0.0,0.001040624479002623,146171.2488689735,52.281035377852156
787,0.04562070755704306,1.0,0.0,0.001040624479002623,146171.2488689735,52.281035377852156
788,0.04562070755704306,1.0,0.0,0.001040624479002623,146171.2488689735,52.281035377852156
789,0.04562070755704306,1.0,0.0,0.001040624479002623,146171.2488689735,52.281035377852156
790,0.04562070755704306,1.0,0.0,0.001040624479002623,146171.2488689735,52.281035377852156
791,0.04562070755704306,1.0,0.0,0.001040624479002623,146171.2488689735,52.281035377852156
792,0.04562070755704306,1.0,0.0,0.001040624479002623,146171.2488689735,52.281035377852156
793,0.04562070755704306,1.0,0.0,0.001040624479002623,146171.2488689735,52.281035377852156
794,0.04562070755704306,1.0,0.0,0.001040624479002623,146171.2488689735,52.281035377852156
795,0.04562070755704306,1.0,0.0,0.001040624479002623,146171.2488689735,52.281035377852156
796,0.04562070755704306,1.0,0.0,0.001040624479002623,146171.2488689735,52.281035377852156
797,0.04562070755704306,1.0,0.0,0.001040624479002623,146171.2488689735,52.281035377852156
798,0.04562070755704306,1.0,0.0,0.001040624479002623,146171.2488689735,52.281035377852156
799,0.04562070755704306,1.0,0.0,0.001040624479002623,146171.2488689735,52.281035377852156
800,0.04562070755704306,1.0,0.0,0.001040624479002623,146171.2488689735,52.281035377852156
801,0.04562070755704306,1.0,0.0,0.001040624479002623,146171.2488689735,52.281035377852156
802,0.04562070755704306,1.0,0.0,0.001040624479002623,146171.2488689735,52.281035377852156
803,0.04562070755704306,1.0,0.0,0.001040624479002623,146171.2488689735,52.281035377852156
804,0.04562070755704306,1.0,0.0,0.001040624479002623,146171.2488689735,52.281035377852156
805,0.04562070755704306,1.0,0.0,0.001040624479002623,146171.2488689735,52.281035377852156
806,0.04562070755704306,1.0,0.0,0.001040624479002623,146171.2488689735,52.281035377852156
807,0.04562070755704306,1.0,0.0,0.001040624479002623,146171.2488689735,52.281035377852156
808,0.04562070755704306,1.0,0.0,0.001040624479002623,146171.2488689735,52.281035377852156
809,0.04562070755704306,1.0,0.0,0.001040624479002623,146171.2488689735,52.281035377852156
810,0.04562070755704306,1.0,0.0,0.001040624479002623,146171.2488689735,52.281035377852156
811,0.04562070755704306,1.0,0.0,0.001040624479002623,146171.2488689735,52.281035377852156
812,0.04562070755704306,1.0,0.0,0.001040624479002623,146171.2488689735,52.281035377852156
813,0.04562070755704306,1.0,0.0,0.001040624479002623,146171.2488689735,52.281035377852156
814,0.04562070755704306,1.0,0.0,0.001040624479002623,146171.2488689735,52.281035377852156
815,0.04562070755704306,1.0,0.0,0.001040624479002623,146171.2488689735,52.281035377852156
816,0.04562070755704306,1.0,0.0,0.001040624479002623,146171.2488689735,52.281035377852156
817,0.04562070755704306,1.0,0.0,0.001040624479002623,146171.2488689735,52.281035377852156
818,0.04562070755704306,1.0,0.0,0.001040624479002623,146171.2488689735,52.281035377852156
819,0.04562070755704306,1.0,0.0,0.001040624479002623,146171.2488689735,52.281035377852156
820,0.04562070755704306,1.0,0.0,0.001040624479002623,146171.2488689735,52.281035377852156
821,0.04562070755704306,1.0,0.0,0.001040624479002623,146171.2488689735,52.281035377852156
822,0.04562070755704306,1.0,0.0,0.001040624479002623,146171.2488689735,52.281035377852156
823,0.04562070755704306,1.0,0.0,0.001040624479002623,146171.2488689735,52.281035377852156
824,0.04562070755704306,1.0,0.0,0.001040624479002623,146171.2488689735,52.281035377852156
825,0.04562070755704306,1.0,0.0,0.001040624479002623,146171.2488689735,52.281035377852156
826,0.04562070755704306,1.0,0.0,0.001040624479002623,146171.2488689735,52.281035377852156
827,0.04562070755704306,1.0,0.0,0.001040624479002623,146171.2488689735,52.281035377852156
828,0.04562070755704306,1.0,0.0,0.001040624479002623,146171.2488689735,52.281035377852156
829,0.04562070755704306,1.0,0.0,0.001040624479002623,146171.2488689735,52.281035377852156
830,0.04562070755704306,1.0,0.0,0.001040624479002623,146171.2488689735,52.281035377852156
831,0.04562070755704306,1.0,0.0,0.001040624479002623,146171.2488689735,52.281035377852156
832,0.04562070755704306,1.0,0.0,0.001040624479002623,146171.2488689735,52.281035377852156
833,0.04562070755704306,1.0,0.0,0.001040624479002623,146171.2488689735,52.281035377852156
834,0.04562070755704306,1.0,0.0,0.001040624479002623,146171.2488689735,52.281035377852156
835,0.04562070755704306,1.0,0.0,0.001040624479002623,146171.2488689735,52.281035377852156
836,0.04562070755704306,1.0,0.0,0.001040624479002623,146171.2488689735,52.281035377852156
837,0.04562070755704306,1.0,0.0,0.001040624479002623,146171.2488689735,52.281035377852156
838,0.04562070755704306,1.0,0.0,0.001040624479002623,146171.2488689735,52.281035377852156
839,0.04562070755704306,1.0,0.0,0.001040624479002623,146171.2488689735,52.281035377852156
840,0.04562070755704306,1.0,0.0,0.001040624479002623,146171.2488689735,52.281035377852156
841,0.04562070755704306,1.0,0.0,0.001040624479002623,146171.2488689735,52.281035377852156
842,0.04562070755704306,1.0,0.0,0.001040624479002623,146171.2488689735,52.281035377852156
843,0.04562070755704306,1.0,0.0,0.001040624479002623,146171.2488689735,52.281035377852156
844,0.04562070755704306,1.0,0.0,0.001040624479002623,146171.2488689735,52.281035377852156
845,0.04562070755704306,1.0,0.0,0.001040624479002623,146171.2488689735,52.281035377852156
846,0.04562070755704306,1.0,0.0,0.001040624479002623,146171.2488689735,52.281035377852156
847,0.04562070755704306,1.0,0.0,0.001040624479002623,146171.2488689735,52.281035377852156
848,0.04562070755704306,1.0,0.0,0.001040624479002623,146171.2488689735,52.281035377852156
849,0.04562070755704306,1.0,0.0,0.001040624479002623,146171.2488689735,52.281035377852156
850,0.04562070755704306,1.0,0.0,0.001040624479002623,146171.2488689735,52.281035377852156
851,0.04562070755704306,1.0,0.0,0.001040624479002623,146171.2488689735,52.281035377852156
852,0.04562070755704306,1.0,0.0,0.001040624479002623,146171.2488689735,52.281035377852156
853,0.04562070755704306,1.0,0.0,0.001040624479002623,146171.2488689735,52.281035377852156
854,0.04562070755704306,1.0,0.0,0.001040624479002623,146171.2488689735,52.281035377852156
855,0.04562070755704306,1.0,0.0,0.001040624479002623,146171.2488689735,52.281035377852156
856,0.04562070755704306,1.0,0.0,0.001040624479002623,146171.2488689735,52.281035377852156
857,0.04562070755704306,1.0,0.0,0.001040624479002623,146171.2488689735,52.281035377852156
858,0.04562070755704306,1.0,0.0,0.001040624479002623,146171.2488689735,52.281035377852156
859,0.04562070755704306,1.0,0.0,0.001040624479002623,146171.2488689735,52.281035377852156
860,0.04562070755704306,1.0,0.0,0.001040624479002623,146171.2488689735,52.281035377852156
861,0.04562070755704306,1.0,0.0,0.001040624479002623,146171.2488689735,52.281035377852156
862,0.04562070755704306,1.0,0.0,0.001040624479002623,146171.2488689735,52.281035377852156
863,0.04562070755704306,1.0,0.0,0.001040624479002623,146171.2488689735,52.281035377852156
864,0.04562070755704306,1.0,0.0,0.001040624479002623,146171.2488689735,52.281035377852156
865,0.04562070755704306,1.0,0.0,0.001040624479002623,146171.2488689735,52.281035377852156
866,0.04562070755704306,1.0,0.0,0.001040624479002623,146171.2488689735,52.281035377852156
867,0.04562070755704306,1.0,0.0,0.001040624479002623,146171.2488689735,52.281035377852156
868,0.04562070755704306,1.0,0.0,0.001040624479002623,146171.2488689735,52.281035377852156
869,0.04562070755704306,1.0,0.0,0.001040624479002623,146171.2488689735,52.281035377852156
870,0.04562070755704306,1.0,0.0,0.001040624479002623,146171.2488689735,52.281035377852156
871,0.04562070755704306,1.0,0.0,0.001040624479002623,146171.2488689735,52.281035377852156
872,0.04562070755704306,1.0,0.0,0.001040624479002623,146171.2488689735,52.281035377852156
873,0.04562070755704306,1.0,0.0,0.001040624479002623,146171.2488689735,52.281035377852156
874,0.04562070755704306,1.0,0.0,0.001040624479002623,146171.2488689735,52.281035377852156
875,0.04562070755704306,1.0,0.0,0.001040624479002623,146171.2488689735,52.281035377852156
876,0.04562070755704306,1.0,0.0,0.001040624479002623,146171.2488689735,52.281035377852156
877,0.04562070755704306,1.0,0.0,0.001040624479002623,146171.2488689735,52.281035377852156
878,0.04562070755704306,1.0,0.0,0.001040624479002623,146171.2488689735,52.281035377852156
879,0.04562070755704306,1.0,0.0,0.001040624479002623,146171.2488689735,52.281035377852156
880,0.04562070755704306,1.0,0.0,0.001040624479002623,146171.2488689735,52.281035377852156
881,0.04562070755704306,1.0,0.0,0.001040624479002623,146171.2488689735,52.281035377852156
882,0.04562070755704306,1.0,0.0,0.001040624479002623,146171.2488689735,52.281035377852156
883,0.04562070755704306,1.0,0.0,0.001040624479002623,146171.2488689735,52.281035377852156
884,0.04562070755704306,1.0,0.0,0.001040624479002623,146171.2488689735,52.281035377852156
885,0.04562070755704306,1.0,0.0,0.001040624479002623,146171.2488689735,52.281035377852156
886,0.04562070755704306,1.0,0.0,0.001040624479002623,146171.2488689735,52.281035377852156
887,0.04562070755704306,1.0,0.0,0.001040624479002623,146171.2488689735,52.281035377852156
888,0.04562070755704306,1.0,0.0,0.001040624479002623,146171.2488689735,52.281035377852156
889,0.04562070755704306,1.0,0.0,0.001040624479002623,146171.2488689735,52.281035377852156
890,0.04562070755704306,1.0,0.0,0.001040624479002623,146171.2488689735,52.281035377852156
891,0.04562070755704306,1.0,0.0,0.001040624479002623,146171.2488689735,52.281035377852156
892,0.04562070755704306,1.0,0.0,0.001040624479002623,146171.2488689735,52.281035377852156
893,0.04562070755704306,1.0,0.0,0.001040624479002623,146171.2488689735,52.281035377852156
894,0.04562070755704306,1.0,0.0,0.001040624479002623,146171.2488689735,52.281035377852156
895,0.04562070755704306,1.0,0.0,0.001040624479002623,146171.2488689735,52.281035377852156
896,0.04562070755704306,1.0,0.0,0.001040624479002623,146171.2488689735,52.281035377852156
897,0.04562070755704306,1.0,0.0,0.001040624479002623,146171.2488689735,52.281035377852156
898,0.04562070755704306,1.0,0.0,0.001040624479002623,146171.2488689735,52.281035377852156
899,0.04562070755704306,1.0,0.0,0.001040624479002623,146171.2488689735,52.281035377852156
900,0.04562070755704306,1.0,0.0,0.001040624479002623,146171.2488689735,52.281035377852156
901,0.04562070755704306,1.0,0.0,0.001040624479002623,146171.2488689735,52.281035377852156
902,0.04562070755704306,1.0,0.0,0.001040624479002623,146171.2488689735,52.281035377852156
903,0.04562070755704306,1.0,0.0,0.001040624479002623,146171.2488689735,52.281035377852156
904,0.04562070755704306,1.0,0.0,0.001040624479002623,146171.2488689735,52.281035377852156
905,0.04562070755704306,1.0,0.0,0.001040624479002623,146171.2488689735,52.281035377852156
906,0.04562070755704306,1.0,0.0,0.001040624479002623,146171.2488689735,52.281035377852156
907,0.04562070755704306,1.0,0.0,0.001040624479002623,146171.2488689735,52.281035377852156
908,0.04562070755704306,1.0,0.0,0.001040624479002623,146171.2488689735,52.281035377852156
909,0.04562070755704306,1.0,0.0,0.001040624479002623,146171.2488689735,52.281035377852156
910,0.04562070755704306,1.0,0.0,0.001040624479002623,146171.2488689735,52.281035377852156
911,0.04562070755704306,1.0,0.0,0.001040624479002623,146171.2488689735,52.281035377852156
912,0.04562070755704306,1.0,0.0,0.001040624479002623,146171.2488689735,52.281035377852156
913,0.04562070755704306,1.0,0.0,0.001040624479002623,146171.2488689735,52.281035377852156
914,0.04562070755704306,1.0,0.0,0.001040624479002623,146171.2488689735,52.281035377852156
915,0.04562070755704306,1.0,0.0,0.001040624479002623,146171.2488689735,52.281035377852156
916,0.04562070755704306,1.0,0.0,0.001040624479002623,146171.2488689735,52.281035377852156
917,0.04562070755704306,1.0,0.0,0.001040624479002623,146171.2488689735,52.281035377852156
918,0.04562070755704306,1.0,0.0,0.001040624479002623,146171.2488689735,52.281035377852156
919,0.04562070755704306,1.0,0.0,0.001040624479002623,146171.2488689735,52.281035377852156
920,0.04562070755704306,1.0,0.0,0.001040624479002623,146171.2488689735,52.281035377852156
921,0.04562070755704306,1.0,0.0,0.001040624479002623,146171.2488689735,52.281035377852156
922,0.04562070755704306,1.0,0.0,0.001040624479002623,146171.2488689735,52.281035377852156
923,0.04562070755704306,1.0,0.0,0.001040624479002623,146171.2488689735,52.281035377852156
924,0.04562070755704306,1.0,0.0,0.001040624479002623,146171.2488689735,52.281035377852156
925,0.04562070755704306,1.0,0.0,0.001040624479002623,146171.2488689735,52.281035377852156
926,0.04562070755704306,1.0,0.0,0.001040624479002623,146171.2488689735,52.281035377852156
927,0.04562070755704306,1.0,0.0,0.001040624479002623,146171.2488689735,52.281035377852156
928,0.04562070755704306,1.0,0.0,0.001040624479002623,146171.2488689735,52.281035377852156
929,0.04562070755704306,1.0,0.0,0.001040624479002623,146171.2488689735,52.281035377852156
930,0.04562070755704306,1.0,0.0,0.001040624479002623,146171.2488689735,52.281035377852156
931,0.04562070755704306,1.0,0.0,0.001040624479002623,146171.2488689735,52.281035377852156
932,0.04562070755704306,1.0,0.0,0.001040624479002623,146171.2488689735,52.281035377852156
933,0.04562070755704306,1.0,0.0,0.001040624479002623,146171.2488689735,52.281035377852156
934,0.04562070755704306,1.0,0.0,0.001040624479002623,146171.2488689735,52.281035377852156
935,0.04562070755704306,1.0,0.0,0.001040624479002623,146171.2488689735,52.281035377852156
936,0.04562070755704306,1.0,0.0,0.001040624479002623,146171.2488689735,52.281035377852156
937,0.04562070755704306,1.0,0.0,0.001040624479002623,146171.2488689735,52.281035377852156
938,0.04562070755704306,1.0,0.0,0.001040624479002623,146171.2488689735,52.281035377852156
939,0.04562070755704306,1.0,0.0,0.001040624479002623,146171.2488689735,52.281035377852156
940,0.04562070755704306,1.0,0.0,0.001040624479002623,146171.2488689735,52.281035377852156
941,0.04562070755704306,1.0,0.0,0.001040624479002623,146171.2488689735,52.281035377852156
942,0.04562070755704306,1.0,0.0,0.001040624479002623,146171.2488689735,52.281035377852156
943,0.04562070755704306,1.0,0.0,0.001040624479002623,146171.2488689735,52.281035377852156
944,0.04562070755704306,1.0,0.0,0.001040624479002623,146171.2488689735,52.281035377852156
945,0.04562070755704306,1.0,0.0,0.001040624479002623,146171.2488689735,52.281035377852156
946,0.04562070755704306,1.0,0.0,0.001040624479002623,146171.2488689735,52.281035377852156
947,0.04562070755704306,1.0,0.0,0.001040624479002623,146171.2488689735,52.281035377852156
948,0.04562070755704306,1.0,0.0,0.001040624479002623,146171.2488689735,52.281035377852156
949,0.04562070755704306,1.0,0.0,0.001040624479002623,146171.2488689735,52.281035377852156
950,0.04562070755704306,1.0,0.0,0.001040624479002623,146171.2488689735,52.281035377852156
951,0.04562070755704306,1.0,0.0,0.001040624479002623,146171.2488689735,52.281035377852156
952,0.04562070755704306,1.0,0.0,0.001040624479002623,146171.2488689735,52.281035377852156
953,0.04562070755704306,1.0,0.0,0.001040624479002623,146171.2488689735,52.281035377852156
954,0.04562070755704306,1.0,0.0,0.001040624479002623,146171.2488689735,52.281035377852156
955,0.04562070755704306,1.0,0.0,0.001040624479002623,146171.2488689735,52.281035377852156
956,0.04562070755704306,1.0,0.0,0.001040624479002623,146171.2488689735,52.281035377852156
957,0.04562070755704306,1.0,0.0,0.001040624479002623,146171.2488689735,52.281035377852156
958,0.04562070755704306,1.0,0.0,0.001040624479002623,146171.2488689735,52.281035377852156
959,0.04562070755704306,1.0,0.0,0.001040624479002623,146171.2488689735,52.281035377852156
960,0.04562070755704306,1.0,0.0,0.001040624479002623,146171.2488689735,52.281035377852156
961,0.04562070755704306,1.0,0.0,0.001040624479002623,146171.2488689735,52.281035377852156
962,0.04562070755704306,1.0,0.0,0.001040624479002623,146171.2488689735,52.281035377852156
963,0.04562070755704306,1.0,0.0,0.001040624479002623,146171.2488689735,52.281035377852156
964,0.04562070755704306,1.0,0.0,0.001040624479002623,146171.2488689735,52.281035377852156
965,0.04562070755704306,1.0,0.0,0.001040624479002623,146171.2488689735,52.281035377852156
966,0.04562070755704306,1.0,0.0,0.001040624479002623,146171.2488689735,52.281035377852156
967,0.04562070755704306,1.0,0.0,0.001040624479002623,146171.2488689735,52.281035377852156
968,0.04562070755704306,1.0,0.0,0.001040624479002623,146171.2488689735,52.281035377852156
969,0.04562070755704306,1.0,0.0,0.001040624479002623,146171.2488689735,52.281035377852156
970,0.04562070755704306,1.0,0.0,0.001040624479002623,146171.2488689735,52.281035377852156
971,0.04562070755704306,1.0,0.0,0.001040624479002623,146171.2488689735,52.281035377852156
972,0.04562070755704306,1.0,0.0,0.001040624479002623,146171.2488689735,52.281035377852156
973,0.04562070755704306,1.0,0.0,0.001040624479002623,146171.2488689735,52.281035377852156
974,0.04562070755704306,1.0,0.0,0.001040624479002623,146171.2488689735,52.281035377852156
975,0.04562070755704306,1.0,0.0,0.001040624479002623,146171.2488689735,52.281035377852156
976,0.04562070755704306,1.0,0.0,0.001040624479002623,146171.2488689735,52.281035377852156
977,0.04562070755704306,1.0,0.0,0.001040624479002623,146171.2488689735,52.281035377852156
978,0.04562070755704306,1.0,0.0,0.001040624479002623,146171.2488689735,52.281035377852156
979,0.04562070755704306,1.0,0.0,0.001040624479002623,146171.2488689735,52.281035377852156
980,0.04562070755704306,1.0,0.0,0.001040624479002623,146171.2488689735,52.281035377852156
981,0.04562070755704306,1.0,0.0,0.001040624479002623,146171.2488689735,52.281035377852156
982,0.04562070755704306,1.0,0.0,0.001040624479002623,146171.2488689735,52.281035377852156
983,0.04562070755704306,1.0,0.0,0.001040624479002623,146171.2488689735,52.281035377852156
984,0.04562070755704306,1.0,0.0,0.001040624479002623,146171.2488689735,52.281035377852156
985,0.04562070755704306,1.0,0.0,0.001040624479002623,146171.2488689735,52.281035377852156
986,0.04562070755704306,1.0,0.0,0.001040624479002623,146171.2488689735,52.281035377852156
987,0.04562070755704306,1.0,0.0,0.001040624479002623,146171.2488689735,52.281035377852156
988,0.04562070755704306,1.0,0.0,0.001040624479002623,146171.2488689735,52.281035377852156
989,0.04562070755704306,1.0,0.0,0.001040624479002623,146171.2488689735,52.281035377852156
990,0.04562070755704306,1.0,0.0,0.001040624479002623,146171.2488689735,52.281035377852156
991,0.04562070755704306,1.0,0.0,0.001040624479002623,146171.2488689735,52.281035377852156
992,0.04562070755704306,1.0,0.0,0.001040624479002623,146171.2488689735,52.281035377852156
993,0.04562070755704306,1.0,0.0,0.001040624479002623,146171.2488689735,52.281035377852156
994,0.04562070755704306,1.0,0.0,0.001040624479002623,146171.2488689735,52.281035377852156
995,0.04562070755704306,1.0,0.0,0.001040624479002623,146171.2488689735,52.281035377852156
996,0.04562070755704306,1.0,0.0,0.001040624479002623,146171.2488689735,52.281035377852156
997,0.04562070755704306,1.0,0.0,0.001040624479002623,146171.2488689735,52.281035377852156
998,0.04562070755704306,1.0,0.0,0.001040624479002623,146171.2488689735,52.281035377852156
999,0.04562070755704306,1.0,0.0,0.001040624479002623,146171.2488689735,52.281035377852156
1000,0.04562070755704306,1.0,0.0,0.001040624479002623,146171.2488689735,52.281035377852156
1001,0.04562070755704306,1.0,0.0,0.001040624479002623,146171.2488689735,52.281035377852156
1002,0.04562070755704306,1.0,0.0,0.001040624479002623,146171.2488689735,52.281035377852156
1003,0.04562070755704306,1.0,0.0,0.001040624479002623,146171.2488689735,52.281035377852156
1004,0.04562070755704306,1.0,0.0,0.001040624479002623,146171.2488689735,52.281035377852156
1005,0.04562070755704306,1.0,0.0,0.001040624479002623,146171.2488689735,52.281035377852156
1006,0.04562070755704306,1.0,0.0,0.001040624479002623,146171.2488689735,52.281035377852156
1007,0.04562070755704306,1.0,0.0,0.001040624479002623,146171.2488689735,52.281035377852156
1008,0.04562070755704306,1.0,0.0,0.001040624479002623,146171.2488689735,52.281035377852156
1009,0.04562070755704306,1.0,0.0,0.001040624479002623,146171.2488689735,52.281035377852156
1010,0.04562070755704306,1.0,0.0,0.001040624479002623,146171.2488689735,52.281035377852156
1011,0.04562070755704306,1.0,0.0,0.001040624479002623,146171.2488689735,52.281035377852156
1012,0.04562070755704306,1.0,0.0,0.001040624479002623,146171.2488689735,52.281035377852156
1013,0.04562070755704306,1.0,0.0,0.001040624479002623,146171.2488689735,52.281035377852156
1014,0.04562070755704306,1.0,0.0,0.001040624479002623,146171.2488689735,52.281035377852156
1015,0.04562070755704306,1.0,0.0,0.001040624479002623,146171.2488689735,52.281035377852156
1016,0.04562070755704306,1.0,0.0,0.001040624479002623,146171.2488689735,52.281035377852156
1017,0.04562070755704306,1.0,0.0,0.001040624479002623,146171.2488689735,52.281035377852156
1018,0.04562070755704306,1.0,0.0,0.001040624479002623,146171.2488689735,52.281035377852156
1019,0.04562070755704306,1.0,0.0,0.001040624479002623,146171.2488689735,52.281035377852156
1020,0.04562070755704306,1.0,0.0,0.001040624479002623,146171.2488689735,52.281035377852156
1021,0.04562070755704306,1.0,0.0,0.001040624479002623,146171.2488689735,52.281035377852156
1022,0.04562070755704306,1.0,0.0,0.001040624479002623,146171.2488689735,52.281035377852156
1023,0.04562070755704306,1.0,0.0,0.001040624479002623,146171.2488689735,52.281035377852156
1024,0.04562070755704306,1.0,0.0,0.001040624479002623,146171.2488689735,52.281035377852156
1025,0.04562070755704306,1.0,0.0,0.001040624479002623,146171.2488689735,52.281035377852156
1026,0.04562070755704306,1.0,0.0,0.001040624479002623,146171.2488689735,52.281035377852156
1027,0.04562070755704306,1.0,0.0,0.001040624479002623,146171.2488689735,52.281035377852156
1028,0.04562070755704306,1.0,0.0,0.001040624479002623,146171.2488689735,52.281035377852156
1029,0.04562070755704306,1.0,0.0,0.001040624479002623,146171.2488689735,52.281035377852156
1030,0.04562070755704306,1.0,0.0,0.001040624479002623,146171.2488689735,52.281035377852156
1031,0.04562070755704306,1.0,0.0,0.001040624479002623,146171.2488689735,52.281035377852156
1032,0.04562070755704306,1.0,0.0,0.001040624479002623,146171.2488689735,52.281035377852156
1033,0.04562070755704306,1.0,0.0,0.001040624479002623,146171.2488689735,52.281035377852156
1034,0.04562070755704306,1.0,0.0,0.001040624479002623,146171.2488689735,52.281035377852156
1035,0.04562070755704306,1.0,0.0,0.001040624479002623,146171.2488689735,52.281035377852156
1036,0.04562070755704306,1.0,0.0,0.001040624479002623,146171.2488689735,52.281035377852156
1037,0.04562070755704306,1.0,0.0,0.001040624479002623,146171.2488689735,52.281035377852156
1038,0.04562070755704306,1.0,0.0,0.001040624479002623,146171.2488689735,52.281035377852156
1039,0.04562070755704306,1.0,0.0,0.001040624479002623,146171.2488689735,52.281035377852156
1040,0.04562070755704306,1.0,0.0,0.001040624479002623,146171.2488689735,52.281035377852156
1041,0.04562070755704306,1.0,0.0,0.001040624479002623,146171.2488689735,52.281035377852156
1042,0.04562070755704306,1.0,0.0,0.001040624479002623,146171.2488689735,52.281035377852156
1043,0.04562070755704306,1.0,0.0,0.001040624479002623,146171.2488689735,52.281035377852156
1044,0.04562070755704306,1.0,0.0,0.001040624479002623,146171.2488689735,52.281035377852156
1045,0.04562070755704306,1.0,0.0,0.001040624479002623,146171.2488689735,52.281035377852156
1046,0.04562070755704306,1.0,0.0,0.001040624479002623,146171.2488689735,52.281035377852156
1047,0.04562070755704306,1.0,0.0,0.001040624479002623,146171.2488689735,52.281035377852156
1048,0.04562070755704306,1.0,0.0,0.001040624479002623,146171.2488689735,52.281035377852156
1049,0.04562070755704306,1.0,0.0,0.001040624479002623,146171.2488689735,52.281035377852156
1050,0.04562070755704306,1.0,0.0,0.001040624479002623,146171.2488689735,52.281035377852156
1051,0.04562070755704306,1.0,0.0,0.001040624479002623,146171.2488689735,52.281035377852156
1052,0.04562070755704306,1.0,0.0,0.001040624479002623,146171.2488689735,52.281035377852156
1053,0.04562070755704306,1.0,0.0,0.001040624479002623,146171.2488689735,52.281035377852156
1054,0.04562070755704306,1.0,0.0,0.001040624479002623,146171.2488689735,52.281035377852156
1055,0.04562070755704306,1.0,0.0,0.001040624479002623,146171.2488689735,52.281035377852156
1056,0.04562070755704306,1.0,0.0,0.001040624479002623,146171.2488689735,52.281035377852156
1057,0.04562070755704306,1.0,0.0,0.001040624479002623,146171.2488689735,52.281035377852156
1058,0.04562070755704306,1.0,0.0,0.001040624479002623,146171.2488689735,52.281035377852156
1059,0.04562070755704306,1.0,0.0,0.001040624479002623,146171.2488689735,52.281035377852156
1060,0.04562070755704306,1.0,0.0,0.001040624479002623,146171.2488689735,52.281035377852156
1061,0.04562070755704306,1.0,0.0,0.001040624479002623,146171.2488689735,52.281035377852156
1062,0.04562070755704306,1.0,0.0,0.001040624479002623,146171.2488689735,52.281035377852156
1063,0.04562070755704306,1.0,0.0,0.001040624479002623,146171.2488689735,52.281035377852156
1064,0.04562070755704306,1.0,0.0,0.001040624479002623,146171.2488689735,52.281035377852156
1065,0.04562070755704306,1.0,0.0,0.001040624479002623,146171.2488689735,52.281035377852156
1066,0.04562070755704306,1.0,0.0,0.001040624479002623,146171.2488689735,52.281035377852156
1067,0.04562070755704306,1.0,0.0,0.001040624479002623,146171.2488689735,52.281035377852156
1068,0.04562070755704306,1.0,0.0,0.001040624479002623,146171.2488689735,52.281035377852156
1069,0.04562070755704306,1.0,0.0,0.001040624479002623,146171.2488689735,52.281035377852156
1070,0.04562070755704306,1.0,0.0,0.001040624479002623,146171.2488689735,52.281035377852156
1071,0.04562070755704306,1.0,0.0,0.001040624479002623,146171.2488689735,52.281035377852156
1072,0.04562070755704306,1.0,0.0,0.001040624479002623,146171.2488689735,52.281035377852156
1073,0.04562070755704306,1.0,0.0,0.001040624479002623,146171.2488689735,52.281035377852156
1074,0.04562070755704306,1.0,0.0,0.001040624479002623,146171.2488689735,52.281035377852156
1075,0.04562070755704306,1.0,0.0,0.001040624479002623,146171.2488689735,52.281035377852156
1076,0.04562070755704306,1.0,0.0,0.001040624479002623,146171.2488689735,52.281035377852156
1077,0.04562070755704306,1.0,0.0,0.001040624479002623,146171.2488689735,52.281035377852156
1078,0.04562070755704306,1.0,0.0,0.001040624479002623,146171.2488689735,52.281035377852156
1079,0.04562070755704306,1.0,0.0,0.001040624479002623,146171.2488689735,52.281035377852156
1080,0.04562070755704306,1.0,0.0,0.001040624479002623,146171.2488689735,52.281035377852156
1081,0.04562070755704306,1.0,0.0,0.001040624479002623,146171.2488689735,52.281035377852156
1082,0.04562070755704306,1.0,0.0,0.001040624479002623,146171.2488689735,52.281035377852156
1083,0.04562070755704306,1.0,0.0,0.001040624479002623,146171.2488689735,52.281035377852156
1084,0.04562070755704306,1.0,0.0,0.001040624479002623,146171.2488689735,52.281035377852156
1085,0.04562070755704306,1.0,0.0,0.001040624479002623,146171.2488689735,52.281035377852156
1086,0.04562070755704306,1.0,0.0,0.001040624479002623,146171.2488689735,52.281035377852156
1087,0.04562070755704306,1.0,0.0,0.001040624479002623,146171.2488689735,52.281035377852156
1088,0.04562070755704306,1.0,0.0,0.001040624479002623,146171.2488689735,52.281035377852156
1089,0.04562070755704306,1.0,0.0,0.001040624479002623,146171.2488689735,52.281035377852156
1090,0.04562070755704306,1.0,0.0,0.001040624479002623,146171.2488689735,52.281035377852156
1091,0.04562070755704306,1.0,0.0,0.001040624479002623,146171.2488689735,52.281035377852156
1092,0.04562070755704306,1.0,0.0,0.001040624479002623,146171.2488689735,52.281035377852156
1093,0.04562070755704306,1.0,0.0,0.001040624479002623,146171.2488689735,52.281035377852156
1094,0.04562070755704306,1.0,0.0,0.001040624479002623,146171.2488689735,52.281035377852156
1095,0.04562070755704306,1.0,0.0,0.001040624479002623,146171.2488689735,52.281035377852156
1096,0.04562070755704306,1.0,0.0,0.001040624479002623,146171.2488689735,52.281035377852156
1097,0.04562070755704306,1.0,0.0,0.001040624479002623,146171.2488689735,52.281035377852156
1098,0.04562070755704306,1.0,0.0,0.001040624479002623,146171.2488689735,52.281035377852156
1099,0.04562070755704306,1.0,0.0,0.001040624479002623,146171.2488689735,52.281035377852156
1100,0.04562070755704306,1.0,0.0,0.001040624479002623,146171.2488689735,52.281035377852156
1101,0.04562070755704306,1.0,0.0,0.001040624479002623,146171.2488689735,52.281035377852156
1102,0.04562070755704306,1.0,0.0,0.001040624479002623,146171.2488689735,52.281035377852156
1103,0.04562070755704306,1.0,0.0,0.001040624479002623,146171.2488689735,52.281035377852156
1104,0.04562070755704306,1.0,0.0,0.001040624479002623,146171.2488689735,52.281035377852156
1105,0.04562070755704306,1.0,0.0,0.001040624479002623,146171.2488689735,52.281035377852156
1106,0.04562070755704306,1.0,0.0,0.001040624479002623,146171.2488689735,52.281035377852156
1107,0.04562070755704306,1.0,0.0,0.001040624479002623,146171.2488689735,52.281035377852156
1108,0.04562070755704306,1.0,0.0,0.001040624479002623,146171.2488689735,52.281035377852156
1109,0.04562070755704306,1.0,0.0,0.001040624479002623,146171.2488689735,52.281035377852156
1110,0.04562070755704306,1.0,0.0,0.001040624479002623,146171.2488689735,52.281035377852156
1111,0.04562070755704306,1.0,0.0,0.001040624479002623,146171.2488689735,52.281035377852156
1112,0.04562070755704306,1.0,0.0,0.001040624479002623,146171.2488689735,52.281035377852156
1113,0.04562070755704306,1.0,0.0,0.001040624479002623,146171.2488689735,52.281035377852156
1114,0.04562070755704306,1.0,0.0,0.001040624479002623,146171.2488689735,52.281035377852156
1115,0.04562070755704306,1.0,0.0,0.001040624479002623,146171.2488689735,52.281035377852156
1116,0.04562070755704306,1.0,0.0,0.001040624479002623,146171.2488689735,52.281035377852156
1117,0.04562070755704306,1.0,0.0,0.001040624479002623,146171.2488689735,52.281035377852156
1118,0.04562070755704306,1.0,0.0,0.001040624479002623,146171.2488689735,52.281035377852156
1119,0.04562070755704306,1.0,0.0,0.001040624479002623,146171.2488689735,52.281035377852156
1120,0.04562070755704306,1.0,0.0,0.001040624479002623,146171.2488689735,52.281035377852156
1121,0.04562070755704306,1.0,0.0,0.001040624479002623,146171.2488689735,52.281035377852156
1122,0.04562070755704306,1.0,0.0,0.001040624479002623,146171.2488689735,52.281035377852156
1123,0.04562070755704306,1.0,0.0,0.001040624479002623,146171.2488689735,52.281035377852156
1124,0.04562070755704306,1.0,0.0,0.001040624479002623,146171.2488689735,52.281035377852156
1125,0.04562070755704306,1.0,0.0,0.001040624479002623,146171.2488689735,52.281035377852156
1126,0.04562070755704306,1.0,0.0,0.001040624479002623,146171.2488689735,52.281035377852156
1127,0.04562070755704306,1.0,0.0,0.001040624479002623,146171.2488689735,52.281035377852156
1128,0.04562070755704306,1.0,0.0,0.001040624479002623,146171.2488689735,52.281035377852156
1129,0.04562070755704306,1.0,0.0,0.001040624479002623,146171.2488689735,52.281035377852156
1130,0.04562070755704306,1.0,0.0,0.001040624479002623,146171.2488689735,52.281035377852156
1131,0.04562070755704306,1.0,0.0,0.001040624479002623,146171.2488689735,52.281035377852156
1132,0.04562070755704306,1.0,0.0,0.001040624479002623,146171.2488689735,52.281035377852156
1133,0.04562070755704306,1.0,0.0,0.001040624479002623,146171.2488689735,52.281035377852156
1134,0.04562070755704306,1.0,0.0,0.001040624479002623,146171.2488689735,52.281035377852156
1135,0.04562070755704306,1.0,0.0,0.001040624479002623,146171.2488689735,52.281035377852156
1136,0.04562070755704306,1.0,0.0,0.001040624479002623,146171.2488689735,52.281035377852156
1137,0.04562070755704306,1.0,0.0,0.001040624479002623,146171.2488689735,52.281035377852156
1138,0.04562070755704306,1.0,0.0,0.001040624479002623,146171.2488689735,52.281035377852156
1139,0.04562070755704306,1.0,0.0,0.001040624479002623,146171.2488689735,52.281035377852156
1140,0.04562070755704306,1.0,0.0,0.001040624479002623,146171.2488689735,52.281035377852156
1141,0.04562070755704306,1.0,0.0,0.001040624479002623,146171.2488689735,52.281035377852156
1142,0.04562070755704306,1.0,0.0,0.001040624479002623,146171.2488689735,52.281035377852156
1143,0.04562070755704306,1.0,0.0,0.001040624479002623,146171.2488689735,52.281035377852156
1144,0.04562070755704306,1.0,0.0,0.001040624479002623,146171.2488689735,52.281035377852156
1145,0.04562070755704306,1.0,0.0,0.001040624479002623,146171.2488689735,52.281035377852156
1146,0.04562070755704306,1.0,0.0,0.001040624479002623,146171.2488689735,52.281035377852156
1147,0.04562070755704306,1.0,0.0,0.001040624479002623,146171.2488689735,52.281035377852156
1148,0.04562070755704306,1.0,0.0,0.001040624479002623,146171.2488689735,52.281035377852156
1149,0.04562070755704306,1.0,0.0,0.001040624479002623,146171.2488689735,52.281035377852156
1150,0.04562070755704306,1.0,0.0,0.001040624479002623,146171.2488689735,52.281035377852156
1151,0.04562070755704306,1.0,0.0,0.001040624479002623,146171.2488689735,52.281035377852156
1152,0.04562070755704306,1.0,0.0,0.001040624479002623,146171.2488689735,52.281035377852156
1153,0.04562070755704306,1.0,0.0,0.001040624479002623,146171.2488689735,52.281035377852156
1154,0.04562070755704306,1.0,0.0,0.001040624479002623,146171.2488689735,52.281035377852156
1155,0.04562070755704306,1.0,0.0,0.001040624479002623,146171.2488689735,52.281035377852156
1156,0.04562070755704306,1.0,0.0,0.001040624479002623,146171.2488689735,52.281035377852156
1157,0.04562070755704306,1.0,0.0,0.001040624479002623,146171.2488689735,52.281035377852156
1158,0.04562070755704306,1.0,0.0,0.001040624479002623,146171.2488689735,52.281035377852156
1159,0.04562070755704306,1.0,0.0,0.001040624479002623,146171.2488689735,52.281035377852156
1160,0.04562070755704306,1.0,0.0,0.001040624479002623,146171.2488689735,52.281035377852156
1161,0.04562070755704306,1.0,0.0,0.001040624479002623,146171.2488689735,52.281035377852156
1162,0.04562070755704306,1.0,0.0,0.001040624479002623,146171.2488689735,52.281035377852156
1163,0.04562070755704306,1.0,0.0,0.001040624479002623,146171.2488689735,52.281035377852156
1164,0.04562070755704306,1.0,0.0,0.001040624479002623,146171.2488689735,52.281035377852156
1165,0.04562070755704306,1.0,0.0,0.001040624479002623,146171.2488689735,52.281035377852156
1166,0.04562070755704306,1.0,0.0,0.001040624479002623,146171.2488689735,52.281035377852156
1167,0.04562070755704306,1.0,0.0,0.001040624479002623,146171.2488689735,52.281035377852156
1168,0.04562070755704306,1.0,0.0,0.001040624479002623,146171.2488689735,52.281035377852156
1169,0.04562070755704306,1.0,0.0,0.001040624479002623,146171.2488689735,52.281035377852156
1170,0.04562070755704306,1.0,0.0,0.001040624479002623,146171.2488689735,52.281035377852156
1171,0.04562070755704306,1.0,0.0,0.001040624479002623,146171.2488689735,52.281035377852156
1172,0.04562070755704306,1.0,0.0,0.001040624479002623,146171.2488689735,52.281035377852156
1173,0.04562070755704306,1.0,0.0,0.001040624479002623,146171.2488689735,52.281035377852156
1174,0.04562070755704306,1.0,0.0,0.001040624479002623,146171.2488689735,52.281035377852156
1175,0.04562070755704306,1.0,0.0,0.001040624479002623,146171.2488689735,52.281035377852156
1176,0.04562070755704306,1.0,0.0,0.001040624479002623,146171.2488689735,52.281035377852156
1177,0.04562070755704306,1.0,0.0,0.001040624479002623,146171.2488689735,52.281035377852156
1178,0.04562070755704306,1.0,0.0,0.001040624479002623,146171.2488689735,52.281035377852156
1179,0.04562070755704306,1.0,0.0,0.001040624479002623,146171.2488689735,52.281035377852156
1180,0.04562070755704306,1.0,0.0,0.001040624479002623,146171.2488689735,52.281035377852156
1181,0.04562070755704306,1.0,0.0,0.001040624479002623,146171.2488689735,52.281035377852156
1182,0.04562070755704306,1.0,0.0,0.001040624479002623,146171.2488689735,52.281035377852156
1183,0.04562070755704306,1.0,0.0,0.001040624479002623,146171.2488689735,52.281035377852156
1184,0.04562070755704306,1.0,0.0,0.001040624479002623,146171.2488689735,52.281035377852156
1185,0.04562070755704306,1.0,0.0,0.001040624479002623,146171.2488689735,52.281035377852156
1186,0.04562070755704306,1.0,0.0,0.001040624479002623,146171.2488689735,52.281035377852156
1187,0.04562070755704306,1.0,0.0,0.001040624479002623,146171.2488689735,52.281035377852156
1188,0.04562070755704306,1.0,0.0,0.001040624479002623,146171.2488689735,52.281035377852156
1189,0.04562070755704306,1.0,0.0,0.001040624479002623,146171.2488689735,52.281035377852156
1190,0.04562070755704306,1.0,0.0,0.001040624479002623,146171.2488689735,52.281035377852156
1191,0.04562070755704306,1.0,0.0,0.001040624479002623,146171.2488689735,52.281035377852156
1192,0.04562070755704306,1.0,0.0,0.001040624479002623,146171.2488689735,52.281035377852156
1193,0.04562070755704306,1.0,0.0,0.001040624479002623,146171.2488689735,52.281035377852156
1194,0.04562070755704306,1.0,0.0,0.001040624479002623,146171.2488689735,52.281035377852156
1195,0.04562070755704306,1.0,0.0,0.001040624479002623,146171.2488689735,52.281035377852156
1196,0.04562070755704306,1.0,0.0,0.001040624479002623,146171.2488689735,52.281035377852156
1197,0.04562070755704306,1.0,0.0,0.001040624479002623,146171.2488689735,52.281035377852156
1198,0.04562070755704306,1.0,0.0,0.001040624479002623,146171.2488689735,52.281035377852156
1199,0.04562070755704306,1.0,0.0,0.001040624479002623,146171.2488689735,52.281035377852156
1200,0.04562070755704306,1.0,0.0,0.001040624479002623,146171.2488689735,52.281035377852156
1201,0.04562070755704306,1.0,0.0,0.001040624479002623,146171.2488689735,52.281035377852156
1202,0.04562070755704306,1.0,0.0,0.001040624479002623,146171.2488689735,52.281035377852156
1203,0.04562070755704306,1.0,0.0,0.001040624479002623,146171.2488689735,52.281035377852156
1204,0.04562070755704306,1.0,0.0,0.001040624479002623,146171.2488689735,52.281035377852156
1205,0.04562070755704306,1.0,0.0,0.001040624479002623,146171.2488689735,52.281035377852156
1206,0.04562070755704306,1.0,0.0,0.001040624479002623,146171.2488689735,52.281035377852156
1207,0.04562070755704306,1.0,0.0,0.001040624479002623,146171.2488689735,52.281035377852156
1208,0.04562070755704306,1.0,0.0,0.001040624479002623,146171.2488689735,52.281035377852156
1209,0.04562070755704306,1.0,0.0,0.001040624479002623,146171.2488689735,52.281035377852156
1210,0.04562070755704306,1.0,0.0,0.001040624479002623,146171.2488689735,52.281035377852156
1211,0.04562070755704306,1.0,0.0,0.001040624479002623,146171.2488689735,52.281035377852156
1212,0.04562070755704306,1.0,0.0,0.001040624479002623,146171.2488689735,52.281035377852156
1213,0.04562070755704306,1.0,0.0,0.001040624479002623,146171.2488689735,52.281035377852156
1214,0.04562070755704306,1.0,0.0,0.001040624479002623,146171.2488689735,52.281035377852156
1215,0.04562070755704306,1.0,0.0,0.001040624479002623,146171.2488689735,52.281035377852156
1216,0.04562070755704306,1.0,0.0,0.001040624479002623,146171.2488689735,52.281035377852156
1217,0.04562070755704306,1.0,0.0,0.001040624479002623,146171.2488689735,52.281035377852156
1218,0.04562070755704306,1.0,0.0,0.001040624479002623,146171.2488689735,52.281035377852156
1219,0.04562070755704306,1.0,0.0,0.001040624479002623,146171.2488689735,52.281035377852156
1220,0.04562070755704306,1.0,0.0,0.001040624479002623,146171.2488689735,52.281035377852156
1221,0.04562070755704306,1.0,0.0,0.001040624479002623,146171.2488689735,52.281035377852156
1222,0.04562070755704306,1.0,0.0,0.001040624479002623,146171.2488689735,52.281035377852156
1223,0.04562070755704306,1.0,0.0,0.001040624479002623,146171.2488689735,52.281035377852156
1224,0.04562070755704306,1.0,0.0,0.001040624479002623,146171.2488689735,52.281035377852156
1225,0.04562070755704306,1.0,0.0,0.001040624479002623,146171.2488689735,52.281035377852156
1226,0.04562070755704306,1.0,0.0,0.001040624479002623,146171.2488689735,52.281035377852156
1227,0.04562070755704306,1.0,0.0,0.001040624479002623,146171.2488689735,52.281035377852156
1228,0.04562070755704306,1.0,0.0,0.001040624479002623,146171.2488689735,52.281035377852156
1229,0.04562070755704306,1.0,0.0,0.001040624479002623,146171.2488689735,52.281035377852156
1230,0.04562070755704306,1.0,0.0,0.001040624479002623,146171.2488689735,52.281035377852156
1231,0.04562070755704306,1.0,0.0,0.001040624479002623,146171.2488689735,52.281035377852156
1232,0.04562070755704306,1.0,0.0,0.001040624479002623,146171.2488689735,52.281035377852156
1233,0.04562070755704306,1.0,0.0,0.001040624479002623,146171.2488689735,52.281035377852156
1234,0.04562070755704306,1.0,0.0,0.001040624479002623,146171.2488689735,52.281035377852156
1235,0.04562070755704306,1.0,0.0,0.001040624479002623,146171.2488689735,52.281035377852156
1236,0.04562070755704306,1.0,0.0,0.001040624479002623,146171.2488689735,52.281035377852156
1237,0.04562070755704306,1.0,0.0,0.001040624479002623,146171.2488689735,52.281035377852156
1238,0.04562070755704306,1.0,0.0,0.001040624479002623,146171.2488689735,52.281035377852156
1239,0.04562070755704306,1.0,0.0,0.001040624479002623,146171.2488689735,52.281035377852156
1240,0.04562070755704306,1.0,0.0,0.001040624479002623,146171.2488689735,52.281035377852156
1241,0.04562070755704306,1.0,0.0,0.001040624479002623,146171.2488689735,52.281035377852156
1242,0.04562070755704306,1.0,0.0,0.001040624479002623,146171.2488689735,52.281035377852156
1243,0.04562070755704306,1.0,0.0,0.001040624479002623,146171.2488689735,52.281035377852156
1244,0.04562070755704306,1.0,0.0,0.001040624479002623,146171.2488689735,52.281035377852156
1245,0.04562070755704306,1.0,0.0,0.001040624479002623,146171.2488689735,52.281035377852156
1246,0.04562070755704306,1.0,0.0,0.001040624479002623,146171.2488689735,52.281035377852156
1247,0.04562070755704306,1.0,0.0,0.001040624479002623,146171.2488689735,52.281035377852156
1248,0.04562070755704306,1.0,0.0,0.001040624479002623,146171.2488689735,52.281035377852156
1249,0.04562070755704306,1.0,0.0,0.001040624479002623,146171.2488689735,52.281035377852156
1250,0.33498283022817227,1.0,0.0,0.05610674827383824,80252.68280783543,66.74914151140861
1251,0.3606035377852153,0.9981308304301537,0.0014018771773847138,0.06507232496585996,76724.75751855744,68.15733682573342
1252,0.36088391322069224,0.9981301989651697,0.0014023507761226905,0.065173508113422,76687.63065274815,68.1714247684958
1253,0.36088400794043984,0.9981311160947234,0.0014016629289574645,0.06517352573320503,76687.618115387,68.1713671079914
1254,0.3608838703710068,0.9981319315423787,0.0014010513432159977,0.06517346158735862,76687.63632444921,68.17130473018662
1255,0.3608837480538585,0.9981326549545444,0.001400508784091703,0.06517340481648967,76687.65251468409,68.1712493789114
1256,0.3608836395420336,0.9981332962553003,0.0014000278085247453,0.06517335468142266,76687.66687761326,68.17120030640336
1257,0.3608835433469203,0.99813386430125,0.0013996017740625366,0.06517331045271081,76687.67961027188,68.17115683545008
1258,0.3608834581400278,0.9981343669978899,0.0013992247515825507,0.06517327148059346,76687.69088850147,68.17111836157797
1259,0.36088338273553183,0.9981348114038409,0.0013988914471193548,0.06517323718614804,76687.70086926002,68.17108434508563
1260,0.3608833160746392,0.99813520382323,0.0013985971325775337,0.0651732070534086,76687.70969269166,68.17105430397427
1261,0.3608832572117308,0.9981355498876385,0.0013983375842711032,0.06517318062239592,76687.71748396067,68.1710278076775
1262,0.3608832053020695,0.9981358546288583,0.0013981090283562425,0.06517315748294825,76687.72435487842,68.17100447149488
1263,0.36088315959088657,0.998136122543519,0.0013979080923607334,0.06517313726925514,76687.73040534796,68.17098395164763
1264,0.36088311940368745,0.99813635765055,0.0013977317620875174,0.06517311965501171,76687.73572464708,68.170965940883
1265,0.3608830841376328,0.9981365635422971,0.0013975773432771954,0.06517310434911865,76687.74039256918,68.1709501645643
1266,0.3608830532538707,0.9981367434300236,0.001397442427482326,0.06517309109186384,76687.74448043812,68.17093637719078
1267,0.3608830262707118,0.9981369001844432,0.001397324861667576,0.06517307965152981,76687.74805201165,68.17092435929756
1268,0.3608830027575488,0.9981370363718405,0.0013972227211196397,0.06517306982137668,76687.7511642861,68.17091391469333
1269,0.3608829823294393,0.9981371542862814,0.0013971342852889812,0.06517306141695817,76687.75386821365,68.17090486799722
1270,0.1419777877530123,1.0,0.0,0.010078846107619707,117651.8384169732,57.09888938765062
1271,0.13529318400669377,1.0,0.0,0.009152122819334549,119375.34286343465,56.76465920033469
1272,0.12888800711743295,1.0,0.0,0.008306059189351723,121059.54611595732,56.44440035587165
1273,0.12248283022817216,1.0,0.0,0.0075010218503516225,122776.4251636832,56.12414151140861
1274,0.11607765333891143,1.0,0.0,0.0067370108023342475,124526.61396073304,55.80388266694557
1275,0.10967247644965064,1.0,0.0,0.0060140260452995874,126310.75876078535,55.48362382248253
1276,0.10326729956038988,1.0,0.0,0.00533206757924765,128129.51835570403,55.163364978019494
1277,0.09686212267112912,1.0,0.0,0.004691135404178433,129983.56431879617,54.843106133556454
1278,0.09045694578186833,1.0,0.0,0.004091229520091933,131873.58125278904,54.52284728909341
1279,0.08405176889260757,1.0,0.0,0.003532349926988157,133800.26704261813,54.20258844463037
1280,0.07764659200334678,1.0,0.0,0.0030144966248670984,135764.33311312008,53.882329600167346
1281,0.07124141511408602,1.0,0.0,0.002537669613728762,137766.50469172458,53.562070755704305
1282,0.06483623822482523,1.0,0.0,0.002101868893573144,139807.52107624317,53.241811911241264
1283,0.058431061335564444,1.0,0.0,0.0017070944644002471,141888.13590785363,52.92155306677822
1284,0.05202588444630363,1.0,0.0,0.0013533463262100688,144009.1174493803,52.60129422231519
1285,0.04562070755704306,1.0,0.0,0.001040624479002623,146171.2488689735,52.281035377852156
1286,0.04562070755704306,1.0,0.0,0.001040624479002623,146171.2488689735,52.281035377852156
1287,0.04562070755704306,1.0,0.0,0.001040624479002623,146171.2488689735,52.281035377852156
1288,0.04562070755704306,1.0,0.0,0.001040624479002623,146171.2488689735,52.281035377852156
1289,0.04562070755704306,1.0,0.0,0.001040624479002623,146171.2488689735,52.281035377852156
1290,0.04562070755704306,1.0,0.0,0.001040624479002623,146171.2488689735,52.281035377852156
1291,0.04562070755704306,1.0,0.0,0.001040624479002623,146171.2488689735,52.281035377852156
1292,0.04562070755704306,1.0,0.0,0.001040624479002623,146171.2488689735,52.281035377852156
1293,0.04562070755704306,1.0,0.0,0.001040624479002623,146171.2488689735,52.281035377852156
1294,0.04562070755704306,1.0,0.0,0.001040624479002623,146171.2488689735,52.281035377852156
1295,0.04562070755704306,1.0,0.0,0.001040624479002623,146171.2488689735,52.281035377852156
1296,0.04562070755704306,1.0,0.0,0.001040624479002623,146171.2488689735,52.281035377852156
1297,0.04562070755704306,1.0,0.0,0.001040624479002623,146171.2488689735,52.281035377852156
1298,0.04562070755704306,1.0,0.0,0.001040624479002623,146171.2488689735,52.281035377852156
1299,0.04562070755704306,1.0,0.0,0.001040624479002623,146171.2488689735,52.281035377852156
1300,0.04562070755704306,1.0,0.0,0.001040624479002623,146171.2488689735,52.281035377852156
1301,0.04562070755704306,1.0,0.0,0.001040624479002623,146171.2488689735,52.281035377852156
1302,0.04562070755704306,1.0,0.0,0.001040624479002623,146171.2488689735,52.281035377852156
1303,0.04562070755704306,1.0,0.0,0.001040624479002623,146171.2488689735,52.281035377852156
1304,0.04562070755704306,1.0,0.0,0.001040624479002623,146171.2488689735,52.281035377852156
1305,0.04562070755704306,1.0,0.0,0.001040624479002623,146171.2488689735,52.281035377852156
1306,0.04562070755704306,1.0,0.0,0.001040624479002623,146171.2488689735,52.281035377852156
1307,0.04562070755704306,1.0,0.0,0.001040624479002623,146171.2488689735,52.281035377852156
1308,0.04562070755704306,1.0,0.0,0.001040624479002623,146171.2488689735,52.281035377852156
1309,0.04562070755704306,1.0,0.0,0.001040624479002623,146171.2488689735,52.281035377852156
1310,0.04562070755704306,1.0,0.0,0.001040624479002623,146171.2488689735,52.281035377852156
1311,0.04562070755704306,1.0,0.0,0.001040624479002623,146171.2488689735,52.281035377852156
1312,0.04562070755704306,1.0,0.0,0.001040624479002623,146171.2488689735,52.281035377852156
1313,0.04562070755704306,1.0,0.0,0.001040624479002623,146171.2488689735,52.281035377852156
1314,0.04562070755704306,1.0,0.0,0.001040624479002623,146171.2488689735,52.281035377852156
1315,0.04562070755704306,1.0,0.0,0.001040624479002623,146171.2488689735,52.281035377852156
1316,0.04562070755704306,1.0,0.0,0.001040624479002623,146171.2488689735,52.281035377852156
1317,0.04562070755704306,1.0,0.0,0.001040624479002623,146171.2488689735,52.281035377852156
1318,0.04562070755704306,1.0,0.0,0.001040624479002623,146171.2488689735,52.281035377852156
1319,0.04562070755704306,1.0,0.0,0.001040624479002623,146171.2488689735,52.281035377852156
1320,0.04562070755704306,1.0,0.0,0.001040624479002623,146171.2488689735,52.281035377852156
1321,0.04562070755704306,1.0,0.0,0.001040624479002623,146171.2488689735,52.281035377852156
1322,0.04562070755704306,1.0,0.0,0.001040624479002623,146171.2488689735,52.281035377852156
1323,0.04562070755704306,1.0,0.0,0.001040624479002623,146171.2488689735,52.281035377852156
1324,0.04562070755704306,1.0,0.0,0.001040624479002623,146171.2488689735,52.281035377852156
1325,0.04562070755704306,1.0,0.0,0.001040624479002623,146171.2488689735,52.281035377852156
1326,0.04562070755704306,1.0,0.0,0.001040624479002623,146171.2488689735,52.281035377852156
1327,0.04562070755704306,1.0,0.0,0.001040624479002623,146171.2488689735,52.281035377852156
1328,0.04562070755704306,1.0,0.0,0.001040624479002623,146171.2488689735,52.281035377852156
1329,0.04562070755704306,1.0,0.0,0.001040624479002623,146171.2488689735,52.281035377852156
1330,0.04562070755704306,1.0,0.0,0.001040624479002623,146171.2488689735,52.281035377852156
1331,0.04562070755704306,1.0,0.0,0.001040624479002623,146171.2488689735,52.281035377852156
1332,0.04562070755704306,1.0,0.0,0.001040624479002623,146171.2488689735,52.281035377852156
1333,0.04562070755704306,1.0,0.0,0.001040624479002623,146171.2488689735,52.281035377852156
1334,0.04562070755704306,1.0,0.0,0.001040624479002623,146171.2488689735,52.281035377852156
1335,0.04562070755704306,1.0,0.0,0.001040624479002623,146171.2488689735,52.281035377852156
1336,0.04562070755704306,1.0,0.0,0.001040624479002623,146171.2488689735,52.281035377852156
1337,0.04562070755704306,1.0,0.0,0.001040624479002623,146171.2488689735,52.281035377852156
1338,0.04562070755704306,1.0,0.0,0.001040624479002623,146171.2488689735,52.281035377852156
1339,0.04562070755704306,1.0,0.0,0.001040624479002623,146171.2488689735,52.281035377852156
1340,0.04562070755704306,1.0,0.0,0.001040624479002623,146171.2488689735,52.281035377852156
1341,0.04562070755704306,1.0,0.0,0.001040624479002623,146171.2488689735,52.281035377852156
1342,0.04562070755704306,1.0,0.0,0.001040624479002623,146171.2488689735,52.281035377852156
1343,0.04562070755704306,1.0,0.0,0.001040624479002623,146171.2488689735,52.281035377852156
1344,0.04562070755704306,1.0,0.0,0.001040624479002623,146171.2488689735,52.281035377852156
1345,0.04562070755704306,1.0,0.0,0.001040624479002623,146171.2488689735,52.281035377852156
1346,0.04562070755704306,1.0,0.0,0.001040624479002623,146171.2488689735,52.281035377852156
1347,0.04562070755704306,1.0,0.0,0.001040624479002623,146171.2488689735,52.281035377852156
1348,0.04562070755704306,1.0,0.0,0.001040624479002623,146171.2488689735,52.281035377852156
1349,0.04562070755704306,1.0,0.0,0.001040624479002623,146171.2488689735,52.281035377852156
1350,0.04562070755704306,1.0,0.0,0.001040624479002623,146171.2488689735,52.281035377852156
1351,0.04562070755704306,1.0,0.0,0.001040624479002623,146171.2488689735,52.281035377852156
1352,0.04562070755704306,1.0,0.0,0.001040624479002623,146171.2488689735,52.281035377852156
1353,0.04562070755704306,1.0,0.0,0.001040624479002623,146171.2488689735,52.281035377852156
1354,0.04562070755704306,1.0,0.0,0.001040624479002623,146171.2488689735,52.281035377852156
1355,0.04562070755704306,1.0,0.0,0.001040624479002623,146171.2488689735,52.281035377852156
1356,0.04562070755704306,1.0,0.0,0.001040624479002623,146171.2488689735,52.281035377852156
1357,0.04562070755704306,1.0,0.0,0.001040624479002623,146171.2488689735,52.281035377852156
1358,0.04562070755704306,1.0,0.0,0.001040624479002623,146171.2488689735,52.281035377852156
1359,0.04562070755704306,1.0,0.0,0.001040624479002623,146171.2488689735,52.281035377852156
1360,0.04562070755704306,1.0,0.0,0.001040624479002623,146171.2488689735,52.281035377852156
1361,0.04562070755704306,1.0,0.0,0.001040624479002623,146171.2488689735,52.281035377852156
1362,0.04562070755704306,1.0,0.0,0.001040624479002623,146171.2488689735,52.281035377852156
1363,0.04562070755704306,1.0,0.0,0.001040624479002623,146171.2488689735,52.281035377852156
1364,0.04562070755704306,1.0,0.0,0.001040624479002623,146171.2488689735,52.281035377852156
1365,0.04562070755704306,1.0,0.0,0.001040624479002623,146171.2488689735,52.281035377852156
1366,0.04562070755704306,1.0,0.0,0.001040624479002623,146171.2488689735,52.281035377852156
1367,0.04562070755704306,1.0,0.0,0.001040624479002623,146171.2488689735,52.281035377852156
1368,0.04562070755704306,1.0,0.0,0.001040624479002623,146171.2488689735,52.281035377852156
1369,0.04562070755704306,1.0,0.0,0.001040624479002623,146171.2488689735,52.281035377852156
1370,0.04562070755704306,1.0,0.0,0.001040624479002623,146171.2488689735,52.281035377852156
1371,0.04562070755704306,1.0,0.0,0.001040624479002623,146171.2488689735,52.281035377852156
1372,0.04562070755704306,1.0,0.0,0.001040624479002623,146171.2488689735,52.281035377852156
1373,0.04562070755704306,1.0,0.0,0.001040624479002623,146171.2488689735,52.281035377852156
1374,0.04562070755704306,1.0,0.0,0.001040624479002623,146171.2488689735,52.281035377852156
1375,0.04562070755704306,1.0,0.0,0.001040624479002623,146171.2488689735,52.281035377852156
1376,0.04562070755704306,1.0,0.0,0.001040624479002623,146171.2488689735,52.281035377852156
1377,0.04562070755704306,1.0,0.0,0.001040624479002623,146171.2488689735,52.281035377852156
1378,0.04562070755704306,1.0,0.0,0.001040624479002623,146171.2488689735,52.281035377852156
1379,0.04562070755704306,1.0,0.0,0.001040624479002623,146171.2488689735,52.281035377852156
1380,0.04562070755704306,1.0,0.0,0.001040624479002623,146171.2488689735,52.281035377852156
1381,0.04562070755704306,1.0,0.0,0.001040624479002623,146171.2488689735,52.281035377852156
1382,0.04562070755704306,1.0,0.0,0.001040624479002623,146171.2488689735,52.281035377852156
1383,0.04562070755704306,1.0,0.0,0.001040624479002623,146171.2488689735,52.281035377852156
1384,0.04562070755704306,1.0,0.0,0.001040624479002623,146171.2488689735,52.281035377852156
1385,0.04562070755704306,1.0,0.0,0.001040624479002623,146171.2488689735,52.281035377852156
1386,0.04562070755704306,1.0,0.0,0.001040624479002623,146171.2488689735,52.281035377852156
1387,0.04562070755704306,1.0,0.0,0.001040624479002623,146171.2488689735,52.281035377852156
1388,0.04562070755704306,1.0,0.0,0.001040624479002623,146171.2488689735,52.281035377852156
1389,0.04562070755704306,1.0,0.0,0.001040624479002623,146171.2488689735,52.281035377852156
1390,0.04562070755704306,1.0,0.0,0.001040624479002623,146171.2488689735,52.281035377852156
1391,0.04562070755704306,1.0,0.0,0.001040624479002623,146171.2488689735,52.281035377852156
1392,0.04562070755704306,1.0,0.0,0.001040624479002623,146171.2488689735,52.281035377852156
1393,0.04562070755704306,1.0,0.0,0.001040624479002623,146171.2488689735,52.281035377852156
1394,0.04562070755704306,1.0,0.0,0.001040624479002623,146171.2488689735,52.281035377852156
1395,0.04562070755704306,1.0,0.0,0.001040624479002623,146171.2488689735,52.281035377852156
1396,0.04562070755704306,1.0,0.0,0.001040624479002623,146171.2488689735,52.281035377852156
1397,0.04562070755704306,1.0,0.0,0.001040624479002623,146171.2488689735,52.281035377852156
1398,0.04562070755704306,1.0,0.0,0.001040624479002623,146171.2488689735,52.281035377852156
1399,0.04562070755704306,1.0,0.0,0.001040624479002623,146171.2488689735,52.281035377852156
1400,0.04562070755704306,1.0,0.0,0.001040624479002623,146171.2488689735,52.281035377852156
1401,0.04562070755704306,1.0,0.0,0.001040624479002623,146171.2488689735,52.281035377852156
1402,0.04562070755704306,1.0,0.0,0.001040624479002623,146171.2488689735,52.281035377852156
1403,0.04562070755704306,1.0,0.0,0.001040624479002623,146171.2488689735,52.281035377852156
1404,0.04562070755704306,1.0,0.0,0.001040624479002623,146171.2488689735,52.281035377852156
1405,0.04562070755704306,1.0,0.0,0.001040624479002623,146171.2488689735,52.281035377852156
1406,0.04562070755704306,1.0,0.0,0.001040624479002623,146171.2488689735,52.281035377852156
1407,0.04562070755704306,1.0,0.0,0.001040624479002623,146171.2488689735,52.281035377852156
1408,0.04562070755704306,1.0,0.0,0.001040624479002623,146171.2488689735,52.281035377852156
1409,0.04562070755704306,1.0,0.0,0.001040624479002623,146171.2488689735,52.281035377852156
1410,0.04562070755704306,1.0,0.0,0.001040624479002623,146171.2488689735,52.281035377852156
1411,0.04562070755704306,1.0,0.0,0.001040624479002623,146171.2488689735,52.281035377852156
1412,0.04562070755704306,1.0,0.0,0.001040624479002623,146171.2488689735,52.281035377852156
1413,0.04562070755704306,1.0,0.0,0.001040624479002623,146171.2488689735,52.281035377852156
1414,0.04562070755704306,1.0,0.0,0.001040624479002623,146171.2488689735,52.281035377852156
1415,0.04562070755704306,1.0,0.0,0.001040624479002623,146171.2488689735,52.281035377852156
1416,0.04562070755704306,1.0,0.0,0.001040624479002623,146171.2488689735,52.281035377852156
1417,0.04562070755704306,1.0,0.0,0.001040624479002623,146171.2488689735,52.281035377852156
1418,0.04562070755704306,1.0,0.0,0.001040624479002623,146171.2488689735,52.281035377852156
1419,0.04562070755704306,1.0,0.0,0.001040624479002623,146171.2488689735,52.281035377852156
1420,0.04562070755704306,1.0,0.0,0.001040624479002623,146171.2488689735,52.281035377852156
1421,0.04562070755704306,1.0,0.0,0.001040624479002623,146171.2488689735,52.281035377852156
1422,0.04562070755704306,1.0,0.0,0.001040624479002623,146171.2488689735,52.281035377852156
1423,0.04562070755704306,1.0,0.0,0.001040624479002623,146171.2488689735,52.281035377852156
1424,0.04562070755704306,1.0,0.0,0.001040624479002623,146171.2488689735,52.281035377852156
1425,0.04562070755704306,1.0,0.0,0.001040624479002623,146171.2488689735,52.281035377852156
1426,0.04562070755704306,1.0,0.0,0.001040624479002623,146171.2488689735,52.281035377852156
1427,0.04562070755704306,1.0,0.0,0.001040624479002623,146171.2488689735,52.281035377852156
1428,0.04562070755704306,1.0,0.0,0.001040624479002623,146171.2488689735,52.281035377852156
1429,0.04562070755704306,1.0,0.0,0.001040624479002623,146171.2488689735,52.281035377852156
1430,0.04562070755704306,1.0,0.0,0.001040624479002623,146171.2488689735,52.281035377852156
1431,0.04562070755704306,1.0,0.0,0.001040624479002623,146171.2488689735,52.281035377852156
1432,0.04562070755704306,1.0,0.0,0.001040624479002623,146171.2488689735,52.281035377852156
1433,0.04562070755704306,1.0,0.0,0.001040624479002623,146171.2488689735,52.281035377852156
1434,0.04562070755704306,1.0,0.0,0.001040624479002623,146171.2488689735,52.281035377852156
1435,0.04562070755704306,1.0,0.0,0.001040624479002623,146171.2488689735,52.281035377852156
1436,0.04562070755704306,1.0,0.0,0.001040624479002623,146171.2488689735,52.281035377852156
1437,0.04562070755704306,1.0,0.0,0.001040624479002623,146171.2488689735,52.281035377852156
1438,0.04562070755704306,1.0,0.0,0.001040624479002623,146171.2488689735,52.281035377852156
1439,0.04562070755704306,1.0,0.0,0.001040624479002623,146171.2488689735,52.281035377852156
1440,0.04562070755704306,1.0,0.0,0.001040624479002623,146171.2488689735,52.281035377852156
1441,0.04562070755704306,1.0,0.0,0.001040624479002623,146171.2488689735,52.281035377852156
1442,0.04562070755704306,1.0,0.0,0.001040624479002623,146171.2488689735,52.281035377852156
1443,0.04562070755704306,1.0,0.0,0.001040624479002623,146171.2488689735,52.281035377852156
1444,0.04562070755704306,1.0,0.0,0.001040624479002623,146171.2488689735,52.281035377852156
1445,0.04562070755704306,1.0,0.0,0.001040624479002623,146171.2488689735,52.281035377852156
1446,0.04562070755704306,1.0,0.0,0.001040624479002623,146171.2488689735,52.281035377852156
1447,0.04562070755704306,1.0,0.0,0.001040624479002623,146171.2488689735,52.281035377852156
1448,0.04562070755704306,1.0,0.0,0.001040624479002623,146171.2488689735,52.281035377852156
1449,0.04562070755704306,1.0,0.0,0.001040624479002623,146171.2488689735,52.281035377852156
1450,0.04562070755704306,1.0,0.0,0.001040624479002623,146171.2488689735,52.281035377852156
1451,0.04562070755704306,1.0,0.0,0.001040624479002623,146171.2488689735,52.281035377852156
1452,0.04562070755704306,1.0,0.0,0.001040624479002623,146171.2488689735,52.281035377852156
1453,0.04562070755704306,1.0,0.0,0.001040624479002623,146171.2488689735,52.281035377852156
1454,0.04562070755704306,1.0,0.0,0.001040624479002623,146171.2488689735,52.281035377852156
1455,0.04562070755704306,1.0,0.0,0.001040624479002623,146171.2488689735,52.281035377852156
1456,0.04562070755704306,1.0,0.0,0.001040624479002623,146171.2488689735,52.281035377852156
1457,0.04562070755704306,1.0,0.0,0.001040624479002623,146171.2488689735,52.281035377852156
1458,0.04562070755704306,1.0,0.0,0.001040624479002623,146171.2488689735,52.281035377852156
1459,0.04562070755704306,1.0,0.0,0.001040624479002623,146171.2488689735,52.281035377852156
1460,0.04562070755704306,1.0,0.0,0.001040624479002623,146171.2488689735,52.281035377852156
1461,0.04562070755704306,1.0,0.0,0.001040624479002623,146171.2488689735,52.281035377852156
1462,0.04562070755704306,1.0,0.0,0.001040624479002623,146171.2488689735,52.281035377852156
1463,0.04562070755704306,1.0,0.0,0.001040624479002623,146171.2488689735,52.281035377852156
1464,0.04562070755704306,1.0,0.0,0.001040624479002623,146171.2488689735,52.281035377852156
1465,0.04562070755704306,1.0,0.0,0.001040624479002623,146171.2488689735,52.281035377852156
1466,0.04562070755704306,1.0,0.0,0.001040624479002623,146171.2488689735,52.281035377852156
1467,0.04562070755704306,1.0,0.0,0.001040624479002623,146171.2488689735,52.281035377852156
1468,0.04562070755704306,1.0,0.0,0.001040624479002623,146171.2488689735,52.281035377852156
1469,0.04562070755704306,1.0,0.0,0.001040624479002623,146171.2488689735,52.281035377852156
1470,0.04562070755704306,1.0,0.0,0.001040624479002623,146171.2488689735,52.281035377852156
1471,0.04562070755704306,1.0,0.0,0.001040624479002623,146171.2488689735,52.281035377852156
1472,0.04562070755704306,1.0,0.0,0.001040624479002623,146171.2488689735,52.281035377852156
1473,0.04562070755704306,1.0,0.0,0.001040624479002623,146171.2488689735,52.281035377852156
1474,0.04562070755704306,1.0,0.0,0.001040624479002623,146171.2488689735,52.281035377852156
1475,0.04562070755704306,1.0,0.0,0.001040624479002623,146171.2488689735,52.281035377852156
1476,0.04562070755704306,1.0,0.0,0.001040624479002623,146171.2488689735,52.281035377852156
1477,0.04562070755704306,1.0,0.0,0.001040624479002623,146171.2488689735,52.281035377852156
1478,0.04562070755704306,1.0,0.0,0.001040624479002623,146171.2488689735,52.281035377852156
1479,0.04562070755704306,1.0,0.0,0.001040624479002623,146171.2488689735,52.281035377852156
1480,0.04562070755704306,1.0,0.0,0.001040624479002623,146171.2488689735,52.281035377852156
1481,0.04562070755704306,1.0,0.0,0.001040624479002623,146171.2488689735,52.281035377852156
1482,0.04562070755704306,1.0,0.0,0.001040624479002623,146171.2488689735,52.281035377852156
1483,0.04562070755704306,1.0,0.0,0.001040624479002623,146171.2488689735,52.281035377852156
1484,0.04562070755704306,1.0,0.0,0.001040624479002623,146171.2488689735,52.281035377852156
1485,0.04562070755704306,1.0,0.0,0.001040624479002623,146171.2488689735,52.281035377852156
1486,0.04562070755704306,1.0,0.0,0.001040624479002623,146171.2488689735,52.281035377852156
1487,0.04562070755704306,1.0,0.0,0.001040624479002623,146171.2488689735,52.281035377852156
1488,0.04562070755704306,1.0,0.0,0.001040624479002623,146171.2488689735,52.281035377852156
1489,0.04562070755704306,1.0,0.0,0.001040624479002623,146171.2488689735,52.281035377852156
1490,0.04562070755704306,1.0,0.0,0.001040624479002623,146171.2488689735,52.281035377852156
1491,0.04562070755704306,1.0,0.0,0.001040624479002623,146171.2488689735,52.281035377852156
1492,0.04562070755704306,1.0,0.0,0.001040624479002623,146171.2488689735,52.281035377852156
1493,0.04562070755704306,1.0,0.0,0.001040624479002623,146171.2488689735,52.281035377852156
1494,0.04562070755704306,1.0,0.0,0.001040624479002623,146171.2488689735,52.281035377852156
1495,0.04562070755704306,1.0,0.0,0.001040624479002623,146171.2488689735,52.281035377852156
1496,0.04562070755704306,1.0,0.0,0.001040624479002623,146171.2488689735,52.281035377852156
1497,0.04562070755704306,1.0,0.0,0.001040624479002623,146171.2488689735,52.281035377852156
1498,0.04562070755704306,1.0,0.0,0.001040624479002623,146171.2488689735,52.281035377852156
1499,0.04562070755704306,1.0,0.0,0.001040624479002623,146171.2488689735,52.281035377852156
1500,0.04562070755704306,1.0,0.0,0.001040624479002623,146171.2488689735,52.281035377852156
1501,0.04562070755704306,1.0,0.0,0.001040624479002623,146171.2488689735,52.281035377852156
1502,0.04562070755704306,1.0,0.0,0.001040624479002623,146171.2488689735,52.281035377852156
1503,0.04562070755704306,1.0,0.0,0.001040624479002623,146171.2488689735,52.281035377852156
1504,0.04562070755704306,1.0,0.0,0.001040624479002623,146171.2488689735,52.281035377852156
1505,0.04562070755704306,1.0,0.0,0.001040624479002623,146171.2488689735,52.281035377852156
1506,0.04562070755704306,1.0,0.0,0.001040624479002623,146171.2488689735,52.281035377852156
1507,0.04562070755704306,1.0,0.0,0.001040624479002623,146171.2488689735,52.281035377852156
1508,0.04562070755704306,1.0,0.0,0.001040624479002623,146171.2488689735,52.281035377852156
1509,0.04562070755704306,1.0,0.0,0.001040624479002623,146171.2488689735,52.281035377852156
1510,0.04562070755704306,1.0,0.0,0.001040624479002623,146171.2488689735,52.281035377852156
1511,0.04562070755704306,1.0,0.0,0.001040624479002623,146171.2488689735,52.281035377852156
1512,0.04562070755704306,1.0,0.0,0.001040624479002623,146171.2488689735,52.281035377852156
1513,0.04562070755704306,1.0,0.0,0.001040624479002623,146171.2488689735,52.281035377852156
1514,0.04562070755704306,1.0,0.0,0.001040624479002623,146171.2488689735,52.281035377852156
1515,0.04562070755704306,1.0,0.0,0.001040624479002623,146171.2488689735,52.281035377852156
1516,0.04562070755704306,1.0,0.0,0.001040624479002623,146171.2488689735,52.281035377852156
1517,0.04562070755704306,1.0,0.0,0.001040624479002623,146171.2488689735,52.281035377852156
1518,0.04562070755704306,1.0,0.0,0.001040624479002623,146171.2488689735,52.281035377852156
1519,0.04562070755704306,1.0,0.0,0.001040624479002623,146171.2488689735,52.281035377852156
1520,0.04562070755704306,1.0,0.0,0.001040624479002623,146171.2488689735,52.281035377852156
1521,0.04562070755704306,1.0,0.0,0.001040624479002623,146171.2488689735,52.281035377852156
1522,0.04562070755704306,1.0,0.0,0.001040624479002623,146171.2488689735,52.281035377852156
1523,0.04562070755704306,1.0,0.0,0.001040624479002623,146171.2488689735,52.281035377852156
1524,0.04562070755704306,1.0,0.0,0.001040624479002623,146171.2488689735,52.281035377852156
1525,0.04562070755704306,1.0,0.0,0.001040624479002623,146171.2488689735,52.281035377852156
1526,0.04562070755704306,1.0,0.0,0.001040624479002623,146171.2488689735,52.281035377852156
1527,0.04562070755704306,1.0,0.0,0.001040624479002623,146171.2488689735,52.281035377852156
1528,0.04562070755704306,1.0,0.0,0.001040624479002623,146171.2488689735,52.281035377852156
1529,0.04562070755704306,1.0,0.0,0.001040624479002623,146171.2488689735,52.281035377852156
1530,0.04562070755704306,1.0,0.0,0.001040624479002623,146171.2488689735,52.281035377852156
1531,0.04562070755704306,1.0,0.0,0.001040624479002623,146171.2488689735,52.281035377852156
1532,0.04562070755704306,1.0,0.0,0.001040624479002623,146171.2488689735,52.281035377852156
1533,0.04562070755704306,1.0,0.0,0.001040624479002623,146171.2488689735,52.281035377852156
1534,0.04562070755704306,1.0,0.0,0.001040624479002623,146171.2488689735,52.281035377852156
1535,0.04562070755704306,1.0,0.0,0.001040624479002623,146171.2488689735,52.281035377852156
1536,0.04562070755704306,1.0,0.0,0.001040624479002623,146171.2488689735,52.281035377852156
1537,0.04562070755704306,1.0,0.0,0.001040624479002623,146171.2488689735,52.281035377852156
1538,0.04562070755704306,1.0,0.0,0.001040624479002623,146171.2488689735,52.281035377852156
1539,0.04562070755704306,1.0,0.0,0.001040624479002623,146171.2488689735,52.281035377852156
1540,0.04562070755704306,1.0,0.0,0.001040624479002623,146171.2488689735,52.281035377852156
1541,0.04562070755704306,1.0,0.0,0.001040624479002623,146171.2488689735,52.281035377852156
1542,0.04562070755704306,1.0,0.0,0.001040624479002623,146171.2488689735,52.281035377852156
1543,0.04562070755704306,1.0,0.0,0.001040624479002623,146171.2488689735,52.281035377852156
1544,0.04562070755704306,1.0,0.0,0.001040624479002623,146171.2488689735,52.281035377852156
1545,0.04562070755704306,1.0,0.0,0.001040624479002623,146171.2488689735,52.281035377852156
1546,0.04562070755704306,1.0,0.0,0.001040624479002623,146171.2488689735,52.281035377852156
1547,0.04562070755704306,1.0,0.0,0.001040624479002623,146171.2488689735,52.281035377852156
1548,0.04562070755704306,1.0,0.0,0.001040624479002623,146171.2488689735,52.281035377852156
1549,0.04562070755704306,1.0,0.0,0.001040624479002623,146171.2488689735,52.281035377852156
1550,0.04562070755704306,1.0,0.0,0.001040624479002623,146171.2488689735,52.281035377852156
1551,0.04562070755704306,1.0,0.0,0.001040624479002623,146171.2488689735,52.281035377852156
1552,0.04562070755704306,1.0,0.0,0.001040624479002623,146171.2488689735,52.281035377852156
1553,0.04562070755704306,1.0,0.0,0.001040624479002623,146171.2488689735,52.281035377852156
1554,0.04562070755704306,1.0,0.0,0.001040624479002623,146171.2488689735,52.281035377852156
1555,0.04562070755704306,1.0,0.0,0.001040624479002623,146171.2488689735,52.281035377852156
1556,0.04562070755704306,1.0,0.0,0.001040624479002623,146171.2488689735,52.281035377852156
1557,0.04562070755704306,1.0,0.0,0.001040624479002623,146171.2488689735,52.281035377852156
1558,0.04562070755704306,1.0,0.0,0.001040624479002623,146171.2488689735,52.281035377852156
1559,0.04562070755704306,1.0,0.0,0.001040624479002623,146171.2488689735,52.281035377852156
1560,0.04562070755704306,1.0,0.0,0.001040624479002623,146171.2488689735,52.281035377852156
1561,0.04562070755704306,1.0,0.0,0.001040624479002623,146171.2488689735,52.281035377852156
1562,0.04562070755704306,1.0,0.0,0.001040624479002623,146171.2488689735,52.281035377852156
1563,0.04562070755704306,1.0,0.0,0.001040624479002623,146171.2488689735,52.281035377852156
1564,0.04562070755704306,1.0,0.0,0.001040624479002623,146171.2488689735,52.281035377852156
1565,0.04562070755704306,1.0,0.0,0.001040624479002623,146171.2488689735,52.281035377852156
1566,0.04562070755704306,1.0,0.0,0.001040624479002623,146171.2488689735,52.281035377852156
1567,0.04562070755704306,1.0,0.0,0.001040624479002623,146171.2488689735,52.281035377852156
1568,0.04562070755704306,1.0,0.0,0.001040624479002623,146171.2488689735,52.281035377852156
1569,0.04562070755704306,1.0,0.0,0.001040624479002623,146171.2488689735,52.281035377852156
1570,0.04562070755704306,1.0,0.0,0.001040624479002623,146171.2488689735,52.281035377852156
1571,0.04562070755704306,1.0,0.0,0.001040624479002623,146171.2488689735,52.281035377852156
1572,0.04562070755704306,1.0,0.0,0.001040624479002623,146171.2488689735,52.281035377852156
1573,0.04562070755704306,1.0,0.0,0.001040624479002623,146171.2488689735,52.281035377852156
1574,0.04562070755704306,1.0,0.0,0.001040624479002623,146171.2488689735,52.281035377852156
1575,0.04562070755704306,1.0,0.0,0.001040624479002623,146171.2488689735,52.281035377852156
1576,0.04562070755704306,1.0,0.0,0.001040624479002623,146171.2488689735,52.281035377852156
1577,0.04562070755704306,1.0,0.0,0.001040624479002623,146171.2488689735,52.281035377852156
1578,0.04562070755704306,1.0,0.0,0.001040624479002623,146171.2488689735,52.281035377852156
1579,0.04562070755704306,1.0,0.0,0.001040624479002623,146171.2488689735,52.281035377852156
1580,0.04562070755704306,1.0,0.0,0.001040624479002623,146171.2488689735,52.281035377852156
1581,0.04562070755704306,1.0,0.0,0.001040624479002623,146171.2488689735,52.281035377852156
1582,0.04562070755704306,1.0,0.0,0.001040624479002623,146171.2488689735,52.281035377852156
1583,0.04562070755704306,1.0,0.0,0.001040624479002623,146171.2488689735,52.281035377852156
1584,0.04562070755704306,1.0,0.0,0.001040624479002623,146171.2488689735,52.281035377852156
1585,0.04562070755704306,1.0,0.0,0.001040624479002623,146171.2488689735,52.281035377852156
1586,0.04562070755704306,1.0,0.0,0.001040624479002623,146171.2488689735,52.281035377852156
1587,0.04562070755704306,1.0,0.0,0.001040624479002623,146171.2488689735,52.281035377852156
1588,0.04562070755704306,1.0,0.0,0.001040624479002623,146171.2488689735,52.281035377852156
1589,0.04562070755704306,1.0,0.0,0.001040624479002623,146171.2488689735,52.281035377852156
1590,0.04562070755704306,1.0,0.0,0.001040624479002623,146171.2488689735,52.281035377852156
1591,0.04562070755704306,1.0,0.0,0.001040624479002623,146171.2488689735,52.281035377852156
1592,0.04562070755704306,1.0,0.0,0.001040624479002623,146171.2488689735,52.281035377852156
1593,0.04562070755704306,1.0,0.0,0.001040624479002623,146171.2488689735,52.281035377852156
1594,0.04562070755704306,1.0,0.0,0.001040624479002623,146171.2488689735,52.281035377852156
1595,0.04562070755704306,1.0,0.0,0.001040624479002623,146171.2488689735,52.281035377852156
1596,0.04562070755704306,1.0,0.0,0.001040624479002623,146171.2488689735,52.281035377852156
1597,0.04562070755704306,1.0,0.0,0.001040624479002623,146171.2488689735,52.281035377852156
1598,0.04562070755704306,1.0,0.0,0.001040624479002623,146171.2488689735,52.281035377852156
1599,0.04562070755704306,1.0,0.0,0.001040624479002623,146171.2488689735,52.281035377852156
1600,0.04562070755704306,1.0,0.0,0.001040624479002623,146171.2488689735,52.281035377852156
1601,0.04562070755704306,1.0,0.0,0.001040624479002623,146171.2488689735,52.281035377852156
1602,0.04562070755704306,1.0,0.0,0.001040624479002623,146171.2488689735,52.281035377852156
1603,0.04562070755704306,1.0,0.0,0.001040624479002623,146171.2488689735,52.281035377852156
1604,0.04562070755704306,1.0,0.0,0.001040624479002623,146171.2488689735,52.281035377852156
1605,0.04562070755704306,1.0,0.0,0.001040624479002623,146171.2488689735,52.281035377852156
1606,0.04562070755704306,1.0,0.0,0.001040624479002623,146171.2488689735,52.281035377852156
1607,0.04562070755704306,1.0,0.0,0.001040624479002623,146171.2488689735,52.281035377852156
1608,0.04562070755704306,1.0,0.0,0.001040624479002623,146171.2488689735,52.281035377852156
1609,0.04562070755704306,1.0,0.0,0.001040624479002623,146171.2488689735,52.281035377852156
1610,0.04562070755704306,1.0,0.0,0.001040624479002623,146171.2488689735,52.281035377852156
1611,0.04562070755704306,1.0,0.0,0.001040624479002623,146171.2488689735,52.281035377852156
1612,0.04562070755704306,1.0,0.0,0.001040624479002623,146171.2488689735,52.281035377852156
1613,0.04562070755704306,1.0,0.0,0.001040624479002623,146171.2488689735,52.281035377852156
1614,0.04562070755704306,1.0,0.0,0.001040624479002623,146171.2488689735,52.281035377852156
1615,0.04562070755704306,1.0,0.0,0.001040624479002623,146171.2488689735,52.281035377852156
1616,0.04562070755704306,1.0,0.0,0.001040624479002623,146171.2488689735,52.281035377852156
1617,0.04562070755704306,1.0,0.0,0.001040624479002623,146171.2488689735,52.281035377852156
1618,0.04562070755704306,1.0,0.0,0.001040624479002623,146171.2488689735,52.281035377852156
1619,0.04562070755704306,1.0,0.0,0.001040624479002623,146171.2488689735,52.281035377852156
1620,0.04562070755704306,1.0,0.0,0.001040624479002623,146171.2488689735,52.281035377852156
1621,0.04562070755704306,1.0,0.0,0.001040624479002623,146171.2488689735,52.281035377852156
1622,0.04562070755704306,1.0,0.0,0.001040624479002623,146171.2488689735,52.281035377852156
1623,0.04562070755704306,1.0,0.0,0.001040624479002623,146171.2488689735,52.281035377852156
1624,0.04562070755704306,1.0,0.0,0.001040624479002623,146171.2488689735,52.281035377852156
1625,0.04562070755704306,1.0,0.0,0.001040624479002623,146171.2488689735,52.281035377852156
1626,0.04562070755704306,1.0,0.0,0.001040624479002623,146171.2488689735,52.281035377852156
1627,0.04562070755704306,1.0,0.0,0.001040624479002623,146171.2488689735,52.281035377852156
1628,0.04562070755704306,1.0,0.0,0.001040624479002623,146171.2488689735,52.281035377852156
1629,0.04562070755704306,1.0,0.0,0.001040624479002623,146171.2488689735,52.281035377852156
1630,0.04562070755704306,1.0,0.0,0.001040624479002623,146171.2488689735,52.281035377852156
1631,0.04562070755704306,1.0,0.0,0.001040624479002623,146171.2488689735,52.281035377852156
1632,0.04562070755704306,1.0,0.0,0.001040624479002623,146171.2488689735,52.281035377852156
1633,0.04562070755704306,1.0,0.0,0.001040624479002623,146171.2488689735,52.281035377852156
1634,0.04562070755704306,1.0,0.0,0.001040624479002623,146171.2488689735,52.281035377852156
1635,0.04562070755704306,1.0,0.0,0.001040624479002623,146171.2488689735,52.281035377852156
1636,0.04562070755704306,1.0,0.0,0.001040624479002623,146171.2488689735,52.281035377852156
1637,0.04562070755704306,1.0,0.0,0.001040624479002623,146171.2488689735,52.281035377852156
1638,0.04562070755704306,1.0,0.0,0.001040624479002623,146171.2488689735,52.281035377852156
1639,0.04562070755704306,1.0,0.0,0.001040624479002623,146171.2488689735,52.281035377852156
1640,0.04562070755704306,1.0,0.0,0.001040624479002623,146171.2488689735,52.281035377852156
1641,0.04562070755704306,1.0,0.0,0.001040624479002623,146171.2488689735,52.281035377852156
1642,0.04562070755704306,1.0,0.0,0.001040624479002623,146171.2488689735,52.281035377852156
1643,0.04562070755704306,1.0,0.0,0.001040624479002623,146171.2488689735,52.281035377852156
1644,0.04562070755704306,1.0,0.0,0.001040624479002623,146171.2488689735,52.281035377852156
1645,0.04562070755704306,1.0,0.0,0.001040624479002623,146171.2488689735,52.281035377852156
1646,0.04562070755704306,1.0,0.0,0.001040624479002623,146171.2488689735,52.281035377852156
1647,0.04562070755704306,1.0,0.0,0.001040624479002623,146171.2488689735,52.281035377852156
1648,0.04562070755704306,1.0,0.0,0.001040624479002623,146171.2488689735,52.281035377852156
1649,0.04562070755704306,1.0,0.0,0.001040624479002623,146171.2488689735,52.281035377852156
1650,0.04562070755704306,1.0,0.0,0.001040624479002623,146171.2488689735,52.281035377852156
1651,0.04562070755704306,1.0,0.0,0.001040624479002623,146171.2488689735,52.281035377852156
1652,0.04562070755704306,1.0,0.0,0.001040624479002623,146171.2488689735,52.281035377852156
1653,0.04562070755704306,1.0,0.0,0.001040624479002623,146171.2488689735,52.281035377852156
1654,0.04562070755704306,1.0,0.0,0.001040624479002623,146171.2488689735,52.281035377852156
1655,0.04562070755704306,1.0,0.0,0.001040624479002623,146171.2488689735,52.281035377852156
1656,0.04562070755704306,1.0,0.0,0.001040624479002623,146171.2488689735,52.281035377852156
1657,0.04562070755704306,1.0,0.0,0.001040624479002623,146171.2488689735,52.281035377852156
1658,0.04562070755704306,1.0,0.0,0.001040624479002623,146171.2488689735,52.281035377852156
1659,0.04562070755704306,1.0,0.0,0.001040624479002623,146171.2488689735,52.281035377852156
1660,0.04562070755704306,1.0,0.0,0.001040624479002623,146171.2488689735,52.281035377852156
1661,0.04562070755704306,1.0,0.0,0.001040624479002623,146171.2488689735,52.281035377852156
1662,0.04562070755704306,1.0,0.0,0.001040624479002623,146171.2488689735,52.281035377852156
1663,0.04562070755704306,1.0,0.0,0.001040624479002623,146171.2488689735,52.281035377852156
1664,0.04562070755704306,1.0,0.0,0.001040624479002623,146171.2488689735,52.281035377852156
1665,0.04562070755704306,1.0,0.0,0.001040624479002623,146171.2488689735,52.281035377852156
1666,0.04562070755704306,1.0,0.0,0.001040624479002623,146171.2488689735,52.281035377852156
1667,0.04562070755704306,1.0,0.0,0.001040624479002623,146171.2488689735,52.281035377852156
1668,0.04562070755704306,1.0,0.0,0.001040624479002623,146171.2488689735,52.281035377852156
1669,0.04562070755704306,1.0,0.0,0.001040624479002623,146171.2488689735,52.281035377852156
1670,0.04562070755704306,1.0,0.0,0.001040624479002623,146171.2488689735,52.281035377852156
1671,0.04562070755704306,1.0,0.0,0.001040624479002623,146171.2488689735,52.281035377852156
1672,0.04562070755704306,1.0,0.0,0.001040624479002623,146171.2488689735,52.281035377852156
1673,0.04562070755704306,1.0,0.0,0.001040624479002623,146171.2488689735,52.281035377852156
1674,0.04562070755704306,1.0,0.0,0.001040624479002623,146171.2488689735,52.281035377852156
1675,0.04562070755704306,1.0,0.0,0.001040624479002623,146171.2488689735,52.281035377852156
1676,0.04562070755704306,1.0,0.0,0.001040624479002623,146171.2488689735,52.281035377852156
1677,0.04562070755704306,1.0,0.0,0.001040624479002623,146171.2488689735,52.281035377852156
1678,0.04562070755704306,1.0,0.0,0.001040624479002623,146171.2488689735,52.281035377852156
1679,0.04562070755704306,1.0,0.0,0.001040624479002623,146171.2488689735,52.281035377852156
1680,0.04562070755704306,1.0,0.0,0.001040624479002623,146171.2488689735,52.281035377852156
1681,0.04562070755704306,1.0,0.0,0.001040624479002623,146171.2488689735,52.281035377852156
1682,0.04562070755704306,1.0,0.0,0.001040624479002623,146171.2488689735,52.281035377852156
1683,0.04562070755704306,1.0,0.0,0.001040624479002623,146171.2488689735,52.281035377852156
1684,0.04562070755704306,1.0,0.0,0.001040624479002623,146171.2488689735,52.281035377852156
1685,0.04562070755704306,1.0,0.0,0.001040624479002623,146171.2488689735,52.281035377852156
1686,0.04562070755704306,1.0,0.0,0.001040624479002623,146171.2488689735,52.281035377852156
1687,0.04562070755704306,1.0,0.0,0.001040624479002623,146171.2488689735,52.281035377852156
1688,0.04562070755704306,1.0,0.0,0.001040624479002623,146171.2488689735,52.281035377852156
1689,0.04562070755704306,1.0,0.0,0.001040624479002623,146171.2488689735,52.281035377852156
1690,0.04562070755704306,1.0,0.0,0.001040624479002623,146171.2488689735,52.281035377852156
1691,0.04562070755704306,1.0,0.0,0.001040624479002623,146171.2488689735,52.281035377852156
1692,0.04562070755704306,1.0,0.0,0.001040624479002623,146171.2488689735,52.281035377852156
1693,0.04562070755704306,1.0,0.0,0.001040624479002623,146171.2488689735,52.281035377852156
1694,0.04562070755704306,1.0,0.0,0.001040624479002623,146171.2488689735,52.281035377852156
1695,0.04562070755704306,1.0,0.0,0.001040624479002623,146171.2488689735,52.281035377852156
1696,0.04562070755704306,1.0,0.0,0.001040624479002623,146171.2488689735,52.281035377852156
1697,0.04562070755704306,1.0,0.0,0.001040624479002623,146171.2488689735,52.281035377852156
1698,0.04562070755704306,1.0,0.0,0.001040624479002623,146171.2488689735,52.281035377852156
1699,0.04562070755704306,1.0,0.0,0.001040624479002623,146171.2488689735,52.281035377852156
1700,0.04562070755704306,1.0,0.0,0.001040624479002623,146171.2488689735,52.281035377852156
1701,0.04562070755704306,1.0,0.0,0.001040624479002623,146171.2488689735,52.281035377852156
1702,0.04562070755704306,1.0,0.0,0.001040624479002623,146171.2488689735,52.281035377852156
1703,0.04562070755704306,1.0,0.0,0.001040624479002623,146171.2488689735,52.281035377852156
1704,0.04562070755704306,1.0,0.0,0.001040624479002623,146171.2488689735,52.281035377852156
1705,0.04562070755704306,1.0,0.0,0.001040624479002623,146171.2488689735,52.281035377852156
1706,0.04562070755704306,1.0,0.0,0.001040624479002623,146171.2488689735,52.281035377852156
1707,0.04562070755704306,1.0,0.0,0.001040624479002623,146171.2488689735,52.281035377852156
1708,0.04562070755704306,1.0,0.0,0.001040624479002623,146171.2488689735,52.281035377852156
1709,0.04562070755704306,1.0,0.0,0.001040624479002623,146171.2488689735,52.281035377852156
1710,0.04562070755704306,1.0,0.0,0.001040624479002623,146171.2488689735,52.281035377852156
1711,0.04562070755704306,1.0,0.0,0.001040624479002623,146171.2488689735,52.281035377852156
1712,0.04562070755704306,1.0,0.0,0.001040624479002623,146171.2488689735,52.281035377852156
1713,0.04562070755704306,1.0,0.0,0.001040624479002623,146171.2488689735,52.281035377852156
1714,0.04562070755704306,1.0,0.0,0.001040624479002623,146171.2488689735,52.281035377852156
1715,0.04562070755704306,1.0,0.0,0.001040624479002623,146171.2488689735,52.281035377852156
1716,0.04562070755704306,1.0,0.0,0.001040624479002623,146171.2488689735,52.281035377852156
1717,0.04562070755704306,1.0,0.0,0.001040624479002623,146171.2488689735,52.281035377852156
1718,0.04562070755704306,1.0,0.0,0.001040624479002623,146171.2488689735,52.281035377852156
1719,0.04562070755704306,1.0,0.0,0.001040624479002623,146171.2488689735,52.281035377852156
1720,0.04562070755704306,1.0,0.0,0.001040624479002623,146171.2488689735,52.281035377852156
1721,0.04562070755704306,1.0,0.0,0.001040624479002623,146171.2488689735,52.281035377852156
1722,0.04562070755704306,1.0,0.0,0.001040624479002623,146171.2488689735,52.281035377852156
1723,0.04562070755704306,1.0,0.0,0.001040624479002623,146171.2488689735,52.281035377852156
1724,0.04562070755704306,1.0,0.0,0.001040624479002623,146171.2488689735,52.281035377852156
1725,0.04562070755704306,1.0,0.0,0.001040624479002623,146171.2488689735,52.281035377852156
1726,0.04562070755704306,1.0,0.0,0.001040624479002623,146171.2488689735,52.281035377852156
1727,0.04562070755704306,1.0,0.0,0.001040624479002623,146171.2488689735,52.281035377852156
1728,0.04562070755704306,1.0,0.0,0.001040624479002623,146171.2488689735,52.281035377852156
1729,0.04562070755704306,1.0,0.0,0.001040624479002623,146171.2488689735,52.281035377852156
1730,0.04562070755704306,1.0,0.0,0.001040624479002623,146171.2488689735,52.281035377852156
1731,0.04562070755704306,1.0,0.0,0.001040624479002623,146171.2488689735,52.281035377852156
1732,0.04562070755704306,1.0,0.0,0.001040624479002623,146171.2488689735,52.281035377852156
1733,0.04562070755704306,1.0,0.0,0.001040624479002623,146171.2488689735,52.281035377852156
1734,0.04562070755704306,1.0,0.0,0.001040624479002623,146171.2488689735,52.281035377852156
1735,0.04562070755704306,1.0,0.0,0.001040624479002623,146171.2488689735,52.281035377852156
1736,0.04562070755704306,1.0,0.0,0.001040624479002623,146171.2488689735,52.281035377852156
1737,0.04562070755704306,1.0,0.0,0.001040624479002623,146171.2488689735,52.281035377852156
1738,0.04562070755704306,1.0,0.0,0.001040624479002623,146171.2488689735,52.281035377852156
1739,0.04562070755704306,1.0,0.0,0.001040624479002623,146171.2488689735,52.281035377852156
1740,0.04562070755704306,1.0,0.0,0.001040624479002623,146171.2488689735,52.281035377852156
1741,0.04562070755704306,1.0,0.0,0.001040624479002623,146171.2488689735,52.281035377852156
1742,0.04562070755704306,1.0,0.0,0.001040624479002623,146171.2488689735,52.281035377852156
1743,0.04562070755704306,1.0,0.0,0.001040624479002623,146171.2488689735,52.281035377852156
1744,0.04562070755704306,1.0,0.0,0.001040624479002623,146171.2488689735,52.281035377852156
1745,0.04562070755704306,1.0,0.0,0.001040624479002623,146171.2488689735,52.281035377852156
1746,0.04562070755704306,1.0,0.0,0.001040624479002623,146171.2488689735,52.281035377852156
1747,0.04562070755704306,1.0,0.0,0.001040624479002623,146171.2488689735,52.281035377852156
1748,0.04562070755704306,1.0,0.0,0.001040624479002623,146171.2488689735,52.281035377852156
1749,0.04562070755704306,1.0,0.0,0.001040624479002623,146171.2488689735,52.281035377852156
1750,0.04562070755704306,1.0,0.0,0.001040624479002623,146171.2488689735,52.281035377852156
1751,0.04562070755704306,1.0,0.0,0.001040624479002623,146171.2488689735,52.281035377852156
1752,0.04562070755704306,1.0,0.0,0.001040624479002623,146171.2488689735,52.281035377852156
1753,0.04562070755704306,1.0,0.0,0.001040624479002623,146171.2488689735,52.281035377852156
1754,0.04562070755704306,1.0,0.0,0.001040624479002623,146171.2488689735,52.281035377852156
1755,0.04562070755704306,1.0,0.0,0.001040624479002623,146171.2488689735,52.281035377852156
1756,0.04562070755704306,1.0,0.0,0.001040624479002623,146171.2488689735,52.281035377852156
1757,0.04562070755704306,1.0,0.0,0.001040624479002623,146171.2488689735,52.281035377852156
1758,0.04562070755704306,1.0,0.0,0.001040624479002623,146171.2488689735,52.281035377852156
1759,0.04562070755704306,1.0,0.0,0.001040624479002623,146171.2488689735,52.281035377852156
1760,0.04562070755704306,1.0,0.0,0.001040624479002623,146171.2488689735,52.281035377852156
1761,0.04562070755704306,1.0,0.0,0.001040624479002623,146171.2488689735,52.281035377852156
1762,0.04562070755704306,1.0,0.0,0.001040624479002623,146171.2488689735,52.281035377852156
1763,0.04562070755704306,1.0,0.0,0.001040624479002623,146171.2488689735,52.281035377852156
1764,0.04562070755704306,1.0,0.0,0.001040624479002623,146171.2488689735,52.281035377852156
1765,0.04562070755704306,1.0,0.0,0.001040624479002623,146171.2488689735,52.281035377852156
1766,0.04562070755704306,1.0,0.0,0.001040624479002623,146171.2488689735,52.281035377852156
1767,0.04562070755704306,1.0,0.0,0.001040624479002623,146171.2488689735,52.281035377852156
1768,0.04562070755704306,1.0,0.0,0.001040624479002623,146171.2488689735,52.281035377852156
1769,0.04562070755704306,1.0,0.0,0.001040624479002623,146171.2488689735,52.281035377852156
1770,0.04562070755704306,1.0,0.0,0.001040624479002623,146171.2488689735,52.281035377852156
1771,0.04562070755704306,1.0,0.0,0.001040624479002623,146171.2488689735,52.281035377852156
1772,0.04562070755704306,1.0,0.0,0.001040624479002623,146171.2488689735,52.281035377852156
1773,0.04562070755704306,1.0,0.0,0.001040624479002623,146171.2488689735,52.281035377852156
1774,0.04562070755704306,1.0,0.0,0.001040624479002623,146171.2488689735,52.281035377852156
1775,0.04562070755704306,1.0,0.0,0.001040624479002623,146171.2488689735,52.281035377852156
1776,0.04562070755704306,1.0,0.0,0.001040624479002623,146171.2488689735,52.281035377852156
1777,0.04562070755704306,1.0,0.0,0.001040624479002623,146171.2488689735,52.281035377852156
1778,0.04562070755704306,1.0,0.0,0.001040624479002623,146171.2488689735,52.281035377852156
1779,0.04562070755704306,1.0,0.0,0.001040624479002623,146171.2488689735,52.281035377852156
1780,0.04562070755704306,1.0,0.0,0.001040624479002623,146171.2488689735,52.281035377852156
1781,0.04562070755704306,1.0,0.0,0.001040624479002623,146171.2488689735,52.281035377852156
1782,0.04562070755704306,1.0,0.0,0.001040624479002623,146171.2488689735,52.281035377852156
1783,0.04562070755704306,1.0,0.0,0.001040624479002623,146171.2488689735,52.281035377852156
1784,0.04562070755704306,1.0,0.0,0.001040624479002623,146171.2488689735,52.281035377852156
1785,0.04562070755704306,1.0,0.0,0.001040624479002623,146171.2488689735,52.281035377852156
1786,0.04562070755704306,1.0,0.0,0.001040624479002623,146171.2488689735,52.281035377852156
1787,0.04562070755704306,1.0,0.0,0.001040624479002623,146171.2488689735,52.281035377852156
1788,0.04562070755704306,1.0,0.0,0.001040624479002623,146171.2488689735,52.281035377852156
1789,0.04562070755704306,1.0,0.0,0.001040624479002623,146171.2488689735,52.281035377852156
1790,0.04562070755704306,1.0,0.0,0.001040624479002623,146171.2488689735,52.281035377852156
1791,0.04562070755704306,1.0,0.0,0.001040624479002623,146171.2488689735,52.281035377852156
1792,0.04562070755704306,1.0,0.0,0.001040624479002623,146171.2488689735,52.281035377852156
1793,0.04562070755704306,1.0,0.0,0.001040624479002623,146171.2488689735,52.281035377852156
1794,0.04562070755704306,1.0,0.0,0.001040624479002623,146171.2488689735,52.281035377852156
1795,0.04562070755704306,1.0,0.0,0.001040624479002623,146171.2488689735,52.281035377852156
1796,0.04562070755704306,1.0,0.0,0.001040624479002623,146171.2488689735,52.281035377852156
1797,0.04562070755704306,1.0,0.0,0.001040624479002623,146171.2488689735,52.281035377852156
1798,0.04562070755704306,1.0,0.0,0.001040624479002623,146171.2488689735,52.281035377852156
1799,0.04562070755704306,1.0,0.0,0.001040624479002623,146171.2488689735,52.281035377852156
1800,0.04562070755704306,1.0,0.0,0.001040624479002623,146171.2488689735,52.281035377852156
1801,0.04562070755704306,1.0,0.0,0.001040624479002623,146171.2488689735,52.281035377852156
1802,0.04562070755704306,1.0,0.0,0.001040624479002623,146171.2488689735,52.281035377852156
1803,0.04562070755704306,1.0,0.0,0.001040624479002623,146171.2488689735,52.281035377852156
1804,0.04562070755704306,1.0,0.0,0.001040624479002623,146171.2488689735,52.281035377852156
1805,0.04562070755704306,1.0,0.0,0.001040624479002623,146171.2488689735,52.281035377852156
1806,0.04562070755704306,1.0,0.0,0.001040624479002623,146171.2488689735,52.281035377852156
1807,0.04562070755704306,1.0,0.0,0.001040624479002623,146171.2488689735,52.281035377852156
1808,0.04562070755704306,1.0,0.0,0.001040624479002623,146171.2488689735,52.281035377852156
1809,0.04562070755704306,1.0,0.0,0.001040624479002623,146171.2488689735,52.281035377852156
1810,0.04562070755704306,1.0,0.0,0.001040624479002623,146171.2488689735,52.281035377852156
1811,0.04562070755704306,1.0,0.0,0.001040624479002623,146171.2488689735,52.281035377852156
1812,0.04562070755704306,1.0,0.0,0.001040624479002623,146171.2488689735,52.281035377852156
1813,0.04562070755704306,1.0,0.0,0.001040624479002623,146171.2488689735,52.281035377852156
1814,0.04562070755704306,1.0,0.0,0.001040624479002623,146171.2488689735,52.281035377852156
1815,0.04562070755704306,1.0,0.0,0.001040624479002623,146171.2488689735,52.281035377852156
1816,0.04562070755704306,1.0,0.0,0.001040624479002623,146171.2488689735,52.281035377852156
1817,0.04562070755704306,1.0,0.0,0.001040624479002623,146171.2488689735,52.281035377852156
1818,0.04562070755704306,1.0,0.0,0.001040624479002623,146171.2488689735,52.281035377852156
1819,0.04562070755704306,1.0,0.0,0.001040624479002623,146171.2488689735,52.281035377852156
1820,0.04562070755704306,1.0,0.0,0.001040624479002623,146171.2488689735,52.281035377852156
1821,0.04562070755704306,1.0,0.0,0.001040624479002623,146171.2488689735,52.281035377852156
1822,0.04562070755704306,1.0,0.0,0.001040624479002623,146171.2488689735,52.281035377852156
1823,0.04562070755704306,1.0,0.0,0.001040624479002623,146171.2488689735,52.281035377852156
1824,0.04562070755704306,1.0,0.0,0.001040624479002623,146171.2488689735,52.281035377852156
1825,0.04562070755704306,1.0,0.0,0.001040624479002623,146171.2488689735,52.281035377852156
1826,0.04562070755704306,1.0,0.0,0.001040624479002623,146171.2488689735,52.281035377852156
1827,0.04562070755704306,1.0,0.0,0.001040624479002623,146171.2488689735,52.281035377852156
1828,0.04562070755704306,1.0,0.0,0.001040624479002623,146171.2488689735,52.281035377852156
1829,0.04562070755704306,1.0,0.0,0.001040624479002623,146171.2488689735,52.281035377852156
1830,0.04562070755704306,1.0,0.0,0.001040624479002623,146171.2488689735,52.281035377852156
1831,0.04562070755704306,1.0,0.0,0.001040624479002623,146171.2488689735,52.281035377852156
1832,0.04562070755704306,1.0,0.0,0.001040624479002623,146171.2488689735,52.281035377852156
1833,0.04562070755704306,1.0,0.0,0.001040624479002623,146171.2488689735,52.281035377852156
1834,0.04562070755704306,1.0,0.0,0.001040624479002623,146171.2488689735,52.281035377852156
1835,0.04562070755704306,1.0,0.0,0.001040624479002623,146171.2488689735,52.281035377852156
1836,0.04562070755704306,1.0,0.0,0.001040624479002623,146171.2488689735,52.281035377852156
1837,0.04562070755704306,1.0,0.0,0.001040624479002623,146171.2488689735,52.281035377852156
1838,0.04562070755704306,1.0,0.0,0.001040624479002623,146171.2488689735,52.281035377852156
1839,0.04562070755704306,1.0,0.0,0.001040624479002623,146171.2488689735,52.281035377852156
1840,0.04562070755704306,1.0,0.0,0.001040624479002623,146171.2488689735,52.281035377852156
1841,0.04562070755704306,1.0,0.0,0.001040624479002623,146171.2488689735,52.281035377852156
1842,0.04562070755704306,1.0,0.0,0.001040624479002623,146171.2488689735,52.281035377852156
1843,0.04562070755704306,1.0,0.0,0.001040624479002623,146171.2488689735,52.281035377852156
1844,0.04562070755704306,1.0,0.0,0.001040624479002623,146171.2488689735,52.281035377852156
1845,0.04562070755704306,1.0,0.0,0.001040624479002623,146171.2488689735,52.281035377852156
1846,0.04562070755704306,1.0,0.0,0.001040624479002623,146171.2488689735,52.281035377852156
1847,0.04562070755704306,1.0,0.0,0.001040624479002623,146171.2488689735,52.281035377852156
1848,0.04562070755704306,1.0,0.0,0.001040624479002623,146171.2488689735,52.281035377852156
1849,0.04562070755704306,1.0,0.0,0.001040624479002623,146171.2488689735,52.281035377852156
1850,0.04562070755704306,1.0,0.0,0.001040624479002623,146171.2488689735,52.281035377852156
1851,0.04562070755704306,1.0,0.0,0.001040624479002623,146171.2488689735,52.281035377852156
1852,0.04562070755704306,1.0,0.0,0.001040624479002623,146171.2488689735,52.281035377852156
1853,0.04562070755704306,1.0,0.0,0.001040624479002623,146171.2488689735,52.281035377852156
1854,0.04562070755704306,1.0,0.0,0.001040624479002623,146171.2488689735,52.281035377852156
1855,0.04562070755704306,1.0,0.0,0.001040624479002623,146171.2488689735,52.281035377852156
1856,0.04562070755704306,1.0,0.0,0.001040624479002623,146171.2488689735,52.281035377852156
1857,0.04562070755704306,1.0,0.0,0.001040624479002623,146171.2488689735,52.281035377852156
1858,0.04562070755704306,1.0,0.0,0.001040624479002623,146171.2488689735,52.281035377852156
1859,0.04562070755704306,1.0,0.0,0.001040624479002623,146171.2488689735,52.281035377852156
1860,0.04562070755704306,1.0,0.0,0.001040624479002623,146171.2488689735,52.281035377852156
1861,0.04562070755704306,1.0,0.0,0.001040624479002623,146171.2488689735,52.281035377852156
1862,0.04562070755704306,1.0,0.0,0.001040624479002623,146171.2488689735,52.281035377852156
1863,0.04562070755704306,1.0,0.0,0.001040624479002623,146171.2488689735,52.281035377852156
1864,0.04562070755704306,1.0,0.0,0.001040624479002623,146171.2488689735,52.281035377852156
1865,0.04562070755704306,1.0,0.0,0.001040624479002623,146171.2488689735,52.281035377852156
1866,0.04562070755704306,1.0,0.0,0.001040624479002623,146171.2488689735,52.281035377852156
1867,0.04562070755704306,1.0,0.0,0.001040624479002623,146171.2488689735,52.281035377852156
1868,0.04562070755704306,1.0,0.0,0.001040624479002623,146171.2488689735,52.281035377852156
1869,0.04562070755704306,1.0,0.0,0.001040624479002623,146171.2488689735,52.281035377852156
1870,0.04562070755704306,1.0,0.0,0.001040624479002623,146171.2488689735,52.281035377852156
1871,0.04562070755704306,1.0,0.0,0.001040624479002623,146171.2488689735,52.281035377852156
1872,0.04562070755704306,1.0,0.0,0.001040624479002623,146171.2488689735,52.281035377852156
1873,0.04562070755704306,1.0,0.0,0.001040624479002623,146171.2488689735,52.281035377852156
1874,0.04562070755704306,1.0,0.0,0.001040624479002623,146171.2488689735,52.281035377852156
1875,0.04562070755704306,1.0,0.0,0.001040624479002623,146171.2488689735,52.281035377852156
1876,0.04562070755704306,1.0,0.0,0.001040624479002623,146171.2488689735,52.281035377852156
1877,0.04562070755704306,1.0,0.0,0.001040624479002623,146171.2488689735,52.281035377852156
1878,0.04562070755704306,1.0,0.0,0.001040624479002623,146171.2488689735,52.281035377852156
1879,0.04562070755704306,1.0,0.0,0.001040624479002623,146171.2488689735,52.281035377852156
1880,0.04562070755704306,1.0,0.0,0.001040624479002623,146171.2488689735,52.281035377852156
1881,0.04562070755704306,1.0,0.0,0.001040624479002623,146171.2488689735,52.281035377852156
1882,0.04562070755704306,1.0,0.0,0.001040624479002623,146171.2488689735,52.281035377852156
1883,0.04562070755704306,1.0,0.0,0.001040624479002623,146171.2488689735,52.281035377852156
1884,0.04562070755704306,1.0,0.0,0.001040624479002623,146171.2488689735,52.281035377852156
1885,0.04562070755704306,1.0,0.0,0.001040624479002623,146171.2488689735,52.281035377852156
1886,0.04562070755704306,1.0,0.0,0.001040624479002623,146171.2488689735,52.281035377852156
1887,0.04562070755704306,1.0,0.0,0.001040624479002623,146171.2488689735,52.281035377852156
1888,0.04562070755704306,1.0,0.0,0.001040624479002623,146171.2488689735,52.281035377852156
1889,0.04562070755704306,1.0,0.0,0.001040624479002623,146171.2488689735,52.281035377852156
1890,0.04562070755704306,1.0,0.0,0.001040624479002623,146171.2488689735,52.281035377852156
1891,0.04562070755704306,1.0,0.0,0.001040624479002623,146171.2488689735,52.281035377852156
1892,0.04562070755704306,1.0,0.0,0.001040624479002623,146171.2488689735,52.281035377852156
1893,0.04562070755704306,1.0,0.0,0.001040624479002623,146171.2488689735,52.281035377852156
1894,0.04562070755704306,1.0,0.0,0.001040624479002623,146171.2488689735,52.281035377852156
1895,0.04562070755704306,1.0,0.0,0.001040624479002623,146171.2488689735,52.281035377852156
1896,0.04562070755704306,1.0,0.0,0.001040624479002623,146171.2488689735,52.281035377852156
1897,0.04562070755704306,1.0,0.0,0.001040624479002623,146171.2488689735,52.281035377852156
1898,0.04562070755704306,1.0,0.0,0.001040624479002623,146171.2488689735,52.281035377852156
1899,0.04562070755704306,1.0,0.0,0.001040624479002623,146171.2488689735,52.281035377852156
1900,0.04562070755704306,1.0,0.0,0.001040624479002623,146171.2488689735,52.281035377852156
1901,0.04562070755704306,1.0,0.0,0.001040624479002623,146171.2488689735,52.281035377852156
1902,0.04562070755704306,1.0,0.0,0.001040624479002623,146171.2488689735,52.281035377852156
1903,0.04562070755704306,1.0,0.0,0.001040624479002623,146171.2488689735,52.281035377852156
1904,0.04562070755704306,1.0,0.0,0.001040624479002623,146171.2488689735,52.281035377852156
1905,0.04562070755704306,1.0,0.0,0.001040624479002623,146171.2488689735,52.281035377852156
1906,0.04562070755704306,1.0,0.0,0.001040624479002623,146171.2488689735,52.281035377852156
1907,0.04562070755704306,1.0,0.0,0.001040624479002623,146171.2488689735,52.281035377852156
1908,0.04562070755704306,1.0,0.0,0.001040624479002623,146171.2488689735,52.281035377852156
1909,0.04562070755704306,1.0,0.0,0.001040624479002623,146171.2488689735,52.281035377852156
1910,0.04562070755704306,1.0,0.0,0.001040624479002623,146171.2488689735,52.281035377852156
1911,0.04562070755704306,1.0,0.0,0.001040624479002623,146171.2488689735,52.281035377852156
1912,0.04562070755704306,1.0,0.0,0.001040624479002623,146171.2488689735,52.281035377852156
1913,0.04562070755704306,1.0,0.0,0.001040624479002623,146171.2488689735,52.281035377852156
1914,0.04562070755704306,1.0,0.0,0.001040624479002623,146171.2488689735,52.281035377852156
1915,0.04562070755704306,1.0,0.0,0.001040624479002623,146171.2488689735,52.281035377852156
1916,0.04562070755704306,1.0,0.0,0.001040624479002623,146171.2488689735,52.281035377852156
1917,0.04562070755704306,1.0,0.0,0.001040624479002623,146171.2488689735,52.281035377852156
1918,0.04562070755704306,1.0,0.0,0.001040624479002623,146171.2488689735,52.281035377852156
1919,0.04562070755704306,1.0,0.0,0.001040624479002623,146171.2488689735,52.281035377852156
1920,0.04562070755704306,1.0,0.0,0.001040624479002623,146171.2488689735,52.281035377852156
1921,0.04562070755704306,1.0,0.0,0.001040624479002623,146171.2488689735,52.281035377852156
1922,0.04562070755704306,1.0,0.0,0.001040624479002623,146171.2488689735,52.281035377852156
1923,0.04562070755704306,1.0,0.0,0.001040624479002623,146171.2488689735,52.281035377852156
1924,0.04562070755704306,1.0,0.0,0.001040624479002623,146171.2488689735,52.281035377852156
1925,0.04562070755704306,1.0,0.0,0.001040624479002623,146171.2488689735,52.281035377852156
1926,0.04562070755704306,1.0,0.0,0.001040624479002623,146171.2488689735,52.281035377852156
1927,0.04562070755704306,1.0,0.0,0.001040624479002623,146171.2488689735,52.281035377852156
1928,0.04562070755704306,1.0,0.0,0.001040624479002623,146171.2488689735,52.281035377852156
1929,0.04562070755704306,1.0,0.0,0.001040624479002623,146171.2488689735,52.281035377852156
1930,0.04562070755704306,1.0,0.0,0.001040624479002623,146171.2488689735,52.281035377852156
1931,0.04562070755704306,1.0,0.0,0.001040624479002623,146171.2488689735,52.281035377852156
1932,0.04562070755704306,1.0,0.0,0.001040624479002623,146171.2488689735,52.281035377852156
1933,0.04562070755704306,1.0,0.0,0.001040624479002623,146171.2488689735,52.281035377852156
1934,0.04562070755704306,1.0,0.0,0.001040624479002623,146171.2488689735,52.281035377852156
1935,0.04562070755704306,1.0,0.0,0.001040624479002623,146171.2488689735,52.281035377852156
1936,0.04562070755704306,1.0,0.0,0.001040624479002623,146171.2488689735,52.281035377852156
1937,0.04562070755704306,1.0,0.0,0.001040624479002623,146171.2488689735,52.281035377852156
1938,0.04562070755704306,1.0,0.0,0.001040624479002623,146171.2488689735,52.281035377852156
1939,0.04562070755704306,1.0,0.0,0.001040624479002623,146171.2488689735,52.281035377852156
1940,0.04562070755704306,1.0,0.0,0.001040624479002623,146171.2488689735,52.281035377852156
1941,0.04562070755704306,1.0,0.0,0.001040624479002623,146171.2488689735,52.281035377852156
1942,0.04562070755704306,1.0,0.0,0.001040624479002623,146171.2488689735,52.281035377852156
1943,0.04562070755704306,1.0,0.0,0.001040624479002623,146171.2488689735,52.281035377852156
1944,0.04562070755704306,1.0,0.0,0.001040624479002623,146171.2488689735,52.281035377852156
1945,0.04562070755704306,1.0,0.0,0.001040624479002623,146171.2488689735,52.281035377852156
1946,0.04562070755704306,1.0,0.0,0.001040624479002623,146171.2488689735,52.281035377852156
1947,0.04562070755704306,1.0,0.0,0.001040624479002623,146171.2488689735,52.281035377852156
1948,0.04562070755704306,1.0,0.0,0.001040624479002623,146171.2488689735,52.281035377852156
1949,0.04562070755704306,1.0,0.0,0.001040624479002623,146171.2488689735,52.281035377852156
1950,0.04562070755704306,1.0,0.0,0.001040624479002623,146171.2488689735,52.281035377852156
1951,0.04562070755704306,1.0,0.0,0.001040624479002623,146171.2488689735,52.281035377852156
1952,0.04562070755704306,1.0,0.0,0.001040624479002623,146171.2488689735,52.281035377852156
1953,0.04562070755704306,1.0,0.0,0.001040624479002623,146171.2488689735,52.281035377852156
1954,0.04562070755704306,1.0,0.0,0.001040624479002623,146171.2488689735,52.281035377852156
1955,0.04562070755704306,1.0,0.0,0.001040624479002623,146171.2488689735,52.281035377852156
1956,0.04562070755704306,1.0,0.0,0.001040624479002623,146171.2488689735,52.281035377852156
1957,0.04562070755704306,1.0,0.0,0.001040624479002623,146171.2488689735,52.281035377852156
1958,0.04562070755704306,1.0,0.0,0.001040624479002623,146171.2488689735,52.281035377852156
1959,0.04562070755704306,1.0,0.0,0.001040624479002623,146171.2488689735,52.281035377852156
1960,0.04562070755704306,1.0,0.0,0.001040624479002623,146171.2488689735,52.281035377852156
1961,0.04562070755704306,1.0,0.0,0.001040624479002623,146171.2488689735,52.281035377852156
1962,0.04562070755704306,1.0,0.0,0.001040624479002623,146171.2488689735,52.281035377852156
1963,0.04562070755704306,1.0,0.0,0.001040624479002623,146171.2488689735,52.281035377852156
1964,0.04562070755704306,1.0,0.0,0.001040624479002623,146171.2488689735,52.281035377852156
1965,0.04562070755704306,1.0,0.0,0.001040624479002623,146171.2488689735,52.281035377852156
1966,0.04562070755704306,1.0,0.0,0.001040624479002623,146171.2488689735,52.281035377852156
1967,0.04562070755704306,1.0,0.0,0.001040624479002623,146171.2488689735,52.281035377852156
1968,0.04562070755704306,1.0,0.0,0.001040624479002623,146171.2488689735,52.281035377852156
1969,0.04562070755704306,1.0,0.0,0.001040624479002623,146171.2488689735,52.281035377852156
1970,0.04562070755704306,1.0,0.0,0.001040624479002623,146171.2488689735,52.281035377852156
1971,0.04562070755704306,1.0,0.0,0.001040624479002623,146171.2488689735,52.281035377852156
1972,0.04562070755704306,1.0,0.0,0.001040624479002623,146171.2488689735,52.281035377852156
1973,0.04562070755704306,1.0,0.0,0.001040624479002623,146171.2488689735,52.281035377852156
1974,0.04562070755704306,1.0,0.0,0.001040624479002623,146171.2488689735,52.281035377852156
1975,0.04562070755704306,1.0,0.0,0.001040624479002623,146171.2488689735,52.281035377852156
1976,0.04562070755704306,1.0,0.0,0.001040624479002623,146171.2488689735,52.281035377852156
1977,0.04562070755704306,1.0,0.0,0.001040624479002623,146171.2488689735,52.281035377852156
1978,0.04562070755704306,1.0,0.0,0.001040624479002623,146171.2488689735,52.281035377852156
1979,0.04562070755704306,1.0,0.0,0.001040624479002623,146171.2488689735,52.281035377852156
1980,0.04562070755704306,1.0,0.0,0.001040624479002623,146171.2488689735,52.281035377852156
1981,0.04562070755704306,1.0,0.0,0.001040624479002623,146171.2488689735,52.281035377852156
1982,0.04562070755704306,1.0,0.0,0.001040624479002623,146171.2488689735,52.281035377852156
1983,0.04562070755704306,1.0,0.0,0.001040624479002623,146171.2488689735,52.281035377852156
1984,0.04562070755704306,1.0,0.0,0.001040624479002623,146171.2488689735,52.281035377852156
1985,0.04562070755704306,1.0,0.0,0.001040624479002623,146171.2488689735,52.281035377852156
1986,0.04562070755704306,1.0,0.0,0.001040624479002623,146171.2488689735,52.281035377852156
1987,0.04562070755704306,1.0,0.0,0.001040624479002623,146171.2488689735,52.281035377852156
1988,0.04562070755704306,1.0,0.0,0.001040624479002623,146171.2488689735,52.281035377852156
1989,0.04562070755704306,1.0,0.0,0.001040624479002623,146171.2488689735,52.281035377852156
1990,0.04562070755704306,1.0,0.0,0.001040624479002623,146171.2488689735,52.281035377852156
1991,0.04562070755704306,1.0,0.0,0.001040624479002623,146171.2488689735,52.281035377852156
1992,0.04562070755704306,1.0,0.0,0.001040624479002623,146171.2488689735,52.281035377852156
1993,0.04562070755704306,1.0,0.0,0.001040624479002623,146171.2488689735,52.281035377852156
1994,0.04562070755704306,1.0,0.0,0.001040624479002623,146171.2488689735,52.281035377852156
1995,0.04562070755704306,1.0,0.0,0.001040624479002623,146171.2488689735,52.281035377852156
1996,0.04562070755704306,1.0,0.0,0.001040624479002623,146171.2488689735,52.281035377852156
1997,0.04562070755704306,1.0,0.0,0.001040624479002623,146171.2488689735,52.281035377852156
1998,0.04562070755704306,1.0,0.0,0.001040624479002623,146171.2488689735,52.281035377852156
1999,0.04562070755704306,1.0,0.0,0.001040624479002623,146171.2488689735,52.281035377852156
2000,0.04562070755704306,1.0,0.0,0.001040624479002623,146171.2488689735,52.281035377852156
2001,0.04562070755704306,1.0,0.0,0.001040624479002623,146171.2488689735,52.281035377852156
2002,0.04562070755704306,1.0,0.0,0.001040624479002623,146171.2488689735,52.281035377852156
2003,0.04562070755704306,1.0,0.0,0.001040624479002623,146171.2488689735,52.281035377852156
2004,0.04562070755704306,1.0,0.0,0.001040624479002623,146171.2488689735,52.281035377852156
2005,0.04562070755704306,1.0,0.0,0.001040624479002623,146171.2488689735,52.281035377852156
2006,0.04562070755704306,1.0,0.0,0.001040624479002623,146171.2488689735,52.281035377852156
2007,0.04562070755704306,1.0,0.0,0.001040624479002623,146171.2488689735,52.281035377852156
2008,0.04562070755704306,1.0,0.0,0.001040624479002623,146171.2488689735,52.281035377852156
2009,0.04562070755704306,1.0,0.0,0.001040624479002623,146171.2488689735,52.281035377852156
2010,0.04562070755704306,1.0,0.0,0.001040624479002623,146171.2488689735,52.281035377852156
2011,0.04562070755704306,1.0,0.0,0.001040624479002623,146171.2488689735,52.281035377852156
2012,0.04562070755704306,1.0,0.0,0.001040624479002623,146171.2488689735,52.281035377852156
2013,0.04562070755704306,1.0,0.0,0.001040624479002623,146171.2488689735,52.281035377852156
2014,0.04562070755704306,1.0,0.0,0.001040624479002623,146171.2488689735,52.281035377852156
2015,0.04562070755704306,1.0,0.0,0.001040624479002623,146171.2488689735,52.281035377852156
2016,0.04562070755704306,1.0,0.0,0.001040624479002623,146171.2488689735,52.281035377852156
2017,0.04562070755704306,1.0,0.0,0.001040624479002623,146171.2488689735,52.281035377852156
2018,0.04562070755704306,1.0,0.0,0.001040624479002623,146171.2488689735,52.281035377852156
2019,0.04562070755704306,1.0,0.0,0.001040624479002623,146171.2488689735,52.281035377852156
2020,0.04562070755704306,1.0,0.0,0.001040624479002623,146171.2488689735,52.281035377852156
2021,0.04562070755704306,1.0,0.0,0.001040624479002623,146171.2488689735,52.281035377852156
2022,0.04562070755704306,1.0,0.0,0.001040624479002623,146171.2488689735,52.281035377852156
2023,0.04562070755704306,1.0,0.0,0.001040624479002623,146171.2488689735,52.281035377852156
2024,0.04562070755704306,1.0,0.0,0.001040624479002623,146171.2488689735,52.281035377852156
2025,0.04562070755704306,1.0,0.0,0.001040624479002623,146171.2488689735,52.281035377852156
2026,0.04562070755704306,1.0,0.0,0.001040624479002623,146171.2488689735,52.281035377852156
2027,0.04562070755704306,1.0,0.0,0.001040624479002623,146171.2488689735,52.281035377852156
2028,0.04562070755704306,1.0,0.0,0.001040624479002623,146171.2488689735,52.281035377852156
2029,0.04562070755704306,1.0,0.0,0.001040624479002623,146171.2488689735,52.281035377852156
2030,0.04562070755704306,1.0,0.0,0.001040624479002623,146171.2488689735,52.281035377852156
2031,0.04562070755704306,1.0,0.0,0.001040624479002623,146171.2488689735,52.281035377852156
2032,0.04562070755704306,1.0,0.0,0.001040624479002623,146171.2488689735,52.281035377852156
2033,0.04562070755704306,1.0,0.0,0.001040624479002623,146171.2488689735,52.281035377852156
2034,0.04562070755704306,1.0,0.0,0.001040624479002623,146171.2488689735,52.281035377852156
2035,0.04562070755704306,1.0,0.0,0.001040624479002623,146171.2488689735,52.281035377852156
2036,0.04562070755704306,1.0,0.0,0.001040624479002623,146171.2488689735,52.281035377852156
2037,0.04562070755704306,1.0,0.0,0.001040624479002623,146171.2488689735,52.281035377852156
2038,0.04562070755704306,1.0,0.0,0.001040624479002623,146171.2488689735,52.281035377852156
2039,0.04562070755704306,1.0,0.0,0.001040624479002623,146171.2488689735,52.281035377852156
2040,0.04562070755704306,1.0,0.0,0.001040624479002623,146171.2488689735,52.281035377852156
2041,0.04562070755704306,1.0,0.0,0.001040624479002623,146171.2488689735,52.281035377852156
2042,0.04562070755704306,1.0,0.0,0.001040624479002623,146171.2488689735,52.281035377852156
2043,0.04562070755704306,1.0,0.0,0.001040624479002623,146171.2488689735,52.281035377852156
2044,0.04562070755704306,1.0,0.0,0.001040624479002623,146171.2488689735,52.281035377852156
2045,0.04562070755704306,1.0,0.0,0.001040624479002623,146171.2488689735,52.281035377852156
2046,0.04562070755704306,1.0,0.0,0.001040624479002623,146171.2488689735,52.281035377852156
2047,0.04562070755704306,1.0,0.0,0.001040624479002623,146171.2488689735,52.281035377852156
2048,0.04562070755704306,1.0,0.0,0.001040624479002623,146171.2488689735,52.281035377852156
2049,0.04562070755704306,1.0,0.0,0.001040624479002623,146171.2488689735,52.281035377852156
2050,0.04562070755704306,1.0,0.0,0.001040624479002623,146171.2488689735,52.281035377852156
2051,0.04562070755704306,1.0,0.0,0.001040624479002623,146171.2488689735,52.281035377852156
2052,0.04562070755704306,1.0,0.0,0.001040624479002623,146171.2488689735,52.281035377852156
2053,0.04562070755704306,1.0,0.0,0.001040624479002623,146171.2488689735,52.281035377852156
2054,0.04562070755704306,1.0,0.0,0.001040624479002623,146171.2488689735,52.281035377852156
2055,0.04562070755704306,1.0,0.0,0.001040624479002623,146171.2488689735,52.281035377852156
2056,0.04562070755704306,1.0,0.0,0.001040624479002623,146171.2488689735,52.281035377852156
2057,0.04562070755704306,1.0,0.0,0.001040624479002623,146171.2488689735,52.281035377852156
2058,0.04562070755704306,1.0,0.0,0.001040624479002623,146171.2488689735,52.281035377852156
2059,0.04562070755704306,1.0,0.0,0.001040624479002623,146171.2488689735,52.281035377852156
2060,0.04562070755704306,1.0,0.0,0.001040624479002623,146171.2488689735,52.281035377852156
2061,0.04562070755704306,1.0,0.0,0.001040624479002623,146171.2488689735,52.281035377852156
2062,0.04562070755704306,1.0,0.0,0.001040624479002623,146171.2488689735,52.281035377852156
2063,0.04562070755704306,1.0,0.0,0.001040624479002623,146171.2488689735,52.281035377852156
2064,0.04562070755704306,1.0,0.0,0.001040624479002623,146171.2488689735,52.281035377852156
2065,0.04562070755704306,1.0,0.0,0.001040624479002623,146171.2488689735,52.281035377852156
2066,0.04562070755704306,1.0,0.0,0.001040624479002623,146171.2488689735,52.281035377852156
2067,0.04562070755704306,1.0,0.0,0.001040624479002623,146171.2488689735,52.281035377852156
2068,0.04562070755704306,1.0,0.0,0.001040624479002623,146171.2488689735,52.281035377852156
2069,0.04562070755704306,1.0,0.0,0.001040624479002623,146171.2488689735,52.281035377852156
2070,0.04562070755704306,1.0,0.0,0.001040624479002623,146171.2488689735,52.281035377852156
2071,0.04562070755704306,1.0,0.0,0.001040624479002623,146171.2488689735,52.281035377852156
2072,0.04562070755704306,1.0,0.0,0.001040624479002623,146171.2488689735,52.281035377852156
2073,0.04562070755704306,1.0,0.0,0.001040624479002623,146171.2488689735,52.281035377852156
2074,0.04562070755704306,1.0,0.0,0.001040624479002623,146171.2488689735,52.281035377852156
2075,0.04562070755704306,1.0,0.0,0.001040624479002623,146171.2488689735,52.281035377852156
2076,0.04562070755704306,1.0,0.0,0.001040624479002623,146171.2488689735,52.281035377852156
2077,0.04562070755704306,1.0,0.0,0.001040624479002623,146171.2488689735,52.281035377852156
2078,0.04562070755704306,1.0,0.0,0.001040624479002623,146171.2488689735,52.281035377852156
2079,0.04562070755704306,1.0,0.0,0.001040624479002623,146171.2488689735,52.281035377852156
2080,0.04562070755704306,1.0,0.0,0.001040624479002623,146171.2488689735,52.281035377852156
2081,0.04562070755704306,1.0,0.0,0.001040624479002623,146171.2488689735,52.281035377852156
2082,0.04562070755704306,1.0,0.0,0.001040624479002623,146171.2488689735,52.281035377852156
2083,0.04562070755704306,1.0,0.0,0.001040624479002623,146171.2488689735,52.281035377852156
2084,0.04562070755704306,1.0,0.0,0.001040624479002623,146171.2488689735,52.281035377852156
2085,0.04562070755704306,1.0,0.0,0.001040624479002623,146171.2488689735,52.281035377852156
2086,0.04562070755704306,1.0,0.0,0.001040624479002623,146171.2488689735,52.281035377852156
2087,0.04562070755704306,1.0,0.0,0.001040624479002623,146171.2488689735,52.281035377852156
2088,0.04562070755704306,1.0,0.0,0.001040624479002623,146171.2488689735,52.281035377852156
2089,0.04562070755704306,1.0,0.0,0.001040624479002623,146171.2488689735,52.281035377852156
2090,0.04562070755704306,1.0,0.0,0.001040624479002623,146171.2488689735,52.281035377852156
2091,0.04562070755704306,1.0,0.0,0.001040624479002623,146171.2488689735,52.281035377852156
2092,0.04562070755704306,1.0,0.0,0.001040624479002623,146171.2488689735,52.281035377852156
2093,0.04562070755704306,1.0,0.0,0.001040624479002623,146171.2488689735,52.281035377852156
2094,0.04562070755704306,1.0,0.0,0.001040624479002623,146171.2488689735,52.281035377852156
2095,0.04562070755704306,1.0,0.0,0.001040624479002623,146171.2488689735,52.281035377852156
2096,0.04562070755704306,1.0,0.0,0.001040624479002623,146171.2488689735,52.281035377852156
2097,0.04562070755704306,1.0,0.0,0.001040624479002623,146171.2488689735,52.281035377852156
2098,0.04562070755704306,1.0,0.0,0.001040624479002623,146171.2488689735,52.281035377852156
2099,0.04562070755704306,1.0,0.0,0.001040624479002623,146171.2488689735,52.281035377852156
2100,0.04562070755704306,1.0,0.0,0.001040624479002623,146171.2488689735,52.281035377852156
2101,0.04562070755704306,1.0,0.0,0.001040624479002623,146171.2488689735,52.281035377852156
2102,0.04562070755704306,1.0,0.0,0.001040624479002623,146171.2488689735,52.281035377852156
2103,0.04562070755704306,1.0,0.0,0.001040624479002623,146171.2488689735,52.281035377852156
2104,0.04562070755704306,1.0,0.0,0.001040624479002623,146171.2488689735,52.281035377852156
2105,0.04562070755704306,1.0,0.0,0.001040624479002623,146171.2488689735,52.281035377852156
2106,0.04562070755704306,1.0,0.0,0.001040624479002623,146171.2488689735,52.281035377852156
2107,0.04562070755704306,1.0,0.0,0.001040624479002623,146171.2488689735,52.281035377852156
2108,0.04562070755704306,1.0,0.0,0.001040624479002623,146171.2488689735,52.281035377852156
2109,0.04562070755704306,1.0,0.0,0.001040624479002623,146171.2488689735,52.281035377852156
2110,0.04562070755704306,1.0,0.0,0.001040624479002623,146171.2488689735,52.281035377852156
2111,0.04562070755704306,1.0,0.0,0.001040624479002623,146171.2488689735,52.281035377852156
2112,0.04562070755704306,1.0,0.0,0.001040624479002623,146171.2488689735,52.281035377852156
2113,0.04562070755704306,1.0,0.0,0.001040624479002623,146171.2488689735,52.281035377852156
2114,0.04562070755704306,1.0,0.0,0.001040624479002623,146171.2488689735,52.281035377852156
2115,0.04562070755704306,1.0,0.0,0.001040624479002623,146171.2488689735,52.281035377852156
2116,0.04562070755704306,1.0,0.0,0.001040624479002623,146171.2488689735,52.281035377852156
2117,0.04562070755704306,1.0,0.0,0.001040624479002623,146171.2488689735,52.281035377852156
2118,0.04562070755704306,1.0,0.0,0.001040624479002623,146171.2488689735,52.281035377852156
2119,0.04562070755704306,1.0,0.0,0.001040624479002623,146171.2488689735,52.281035377852156
2120,0.04562070755704306,1.0,0.0,0.001040624479002623,146171.2488689735,52.281035377852156
2121,0.04562070755704306,1.0,0.0,0.001040624479002623,146171.2488689735,52.281035377852156
2122,0.04562070755704306,1.0,0.0,0.001040624479002623,146171.2488689735,52.281035377852156
2123,0.04562070755704306,1.0,0.0,0.001040624479002623,146171.2488689735,52.281035377852156
2124,0.04562070755704306,1.0,0.0,0.001040624479002623,146171.2488689735,52.281035377852156
2125,0.04562070755704306,1.0,0.0,0.001040624479002623,146171.2488689735,52.281035377852156
2126,0.04562070755704306,1.0,0.0,0.001040624479002623,146171.2488689735,52.281035377852156
2127,0.04562070755704306,1.0,0.0,0.001040624479002623,146171.2488689735,52.281035377852156
2128,0.04562070755704306,1.0,0.0,0.001040624479002623,146171.2488689735,52.281035377852156
2129,0.04562070755704306,1.0,0.0,0.001040624479002623,146171.2488689735,52.281035377852156
2130,0.04562070755704306,1.0,0.0,0.001040624479002623,146171.2488689735,52.281035377852156
2131,0.04562070755704306,1.0,0.0,0.001040624479002623,146171.2488689735,52.281035377852156
2132,0.04562070755704306,1.0,0.0,0.001040624479002623,146171.2488689735,52.281035377852156
2133,0.04562070755704306,1.0,0.0,0.001040624479002623,146171.2488689735,52.281035377852156
2134,0.04562070755704306,1.0,0.0,0.001040624479002623,146171.2488689735,52.281035377852156
2135,0.04562070755704306,1.0,0.0,0.001040624479002623,146171.2488689735,52.281035377852156
2136,0.04562070755704306,1.0,0.0,0.001040624479002623,146171.2488689735,52.281035377852156
2137,0.04562070755704306,1.0,0.0,0.001040624479002623,146171.2488689735,52.281035377852156
2138,0.04562070755704306,1.0,0.0,0.001040624479002623,146171.2488689735,52.281035377852156
2139,0.04562070755704306,1.0,0.0,0.001040624479002623,146171.2488689735,52.281035377852156
2140,0.04562070755704306,1.0,0.0,0.001040624479002623,146171.2488689735,52.281035377852156
2141,0.04562070755704306,1.0,0.0,0.001040624479002623,146171.2488689735,52.281035377852156
2142,0.04562070755704306,1.0,0.0,0.001040624479002623,146171.2488689735,52.281035377852156
2143,0.04562070755704306,1.0,0.0,0.001040624479002623,146171.2488689735,52.281035377852156
2144,0.04562070755704306,1.0,0.0,0.001040624479002623,146171.2488689735,52.281035377852156
2145,0.04562070755704306,1.0,0.0,0.001040624479002623,146171.2488689735,52.281035377852156
2146,0.04562070755704306,1.0,0.0,0.001040624479002623,146171.2488689735,52.281035377852156
2147,0.04562070755704306,1.0,0.0,0.001040624479002623,146171.2488689735,52.281035377852156
2148,0.04562070755704306,1.0,0.0,0.001040624479002623,146171.2488689735,52.281035377852156
2149,0.04562070755704306,1.0,0.0,0.001040624479002623,146171.2488689735,52.281035377852156
2150,0.04562070755704306,1.0,0.0,0.001040624479002623,146171.2488689735,52.281035377852156
2151,0.04562070755704306,1.0,0.0,0.001040624479002623,146171.2488689735,52.281035377852156
2152,0.04562070755704306,1.0,0.0,0.001040624479002623,146171.2488689735,52.281035377852156
2153,0.04562070755704306,1.0,0.0,0.001040624479002623,146171.2488689735,52.281035377852156
2154,0.04562070755704306,1.0,0.0,0.001040624479002623,146171.2488689735,52.281035377852156
2155,0.04562070755704306,1.0,0.0,0.001040624479002623,146171.2488689735,52.281035377852156
2156,0.04562070755704306,1.0,0.0,0.001040624479002623,146171.2488689735,52.281035377852156
2157,0.04562070755704306,1.0,0.0,0.001040624479002623,146171.2488689735,52.281035377852156
2158,0.04562070755704306,1.0,0.0,0.001040624479002623,146171.2488689735,52.281035377852156
2159,0.04562070755704306,1.0,0.0,0.001040624479002623,146171.2488689735,52.281035377852156
2160,0.04562070755704306,1.0,0.0,0.001040624479002623,146171.2488689735,52.281035377852156
2161,0.04562070755704306,1.0,0.0,0.001040624479002623,146171.2488689735,52.281035377852156
2162,0.04562070755704306,1.0,0.0,0.001040624479002623,146171.2488689735,52.281035377852156
2163,0.04562070755704306,1.0,0.0,0.001040624479002623,146171.2488689735,52.281035377852156
2164,0.04562070755704306,1.0,0.0,0.001040624479002623,146171.2488689735,52.281035377852156
2165,0.04562070755704306,1.0,0.0,0.001040624479002623,146171.2488689735,52.281035377852156
2166,0.04562070755704306,1.0,0.0,0.001040624479002623,146171.2488689735,52.281035377852156
2167,0.04562070755704306,1.0,0.0,0.001040624479002623,146171.2488689735,52.281035377852156
2168,0.04562070755704306,1.0,0.0,0.001040624479002623,146171.2488689735,52.281035377852156
2169,0.04562070755704306,1.0,0.0,0.001040624479002623,146171.2488689735,52.281035377852156
2170,0.04562070755704306,1.0,0.0,0.001040624479002623,146171.2488689735,52.281035377852156
2171,0.04562070755704306,1.0,0.0,0.001040624479002623,146171.2488689735,52.281035377852156
2172,0.04562070755704306,1.0,0.0,0.001040624479002623,146171.2488689735,52.281035377852156
2173,0.04562070755704306,1.0,0.0,0.001040624479002623,146171.2488689735,52.281035377852156
2174,0.04562070755704306,1.0,0.0,0.001040624479002623,146171.2488689735,52.281035377852156
2175,0.04562070755704306,1.0,0.0,0.001040624479002623,146171.2488689735,52.281035377852156
2176,0.04562070755704306,1.0,0.0,0.001040624479002623,146171.2488689735,52.281035377852156
2177,0.04562070755704306,1.0,0.0,0.001040624479002623,146171.2488689735,52.281035377852156
2178,0.04562070755704306,1.0,0.0,0.001040624479002623,146171.2488689735,52.281035377852156
2179,0.04562070755704306,1.0,0.0,0.001040624479002623,146171.2488689735,52.281035377852156
2180,0.04562070755704306,1.0,0.0,0.001040624479002623,146171.2488689735,52.281035377852156
2181,0.04562070755704306,1.0,0.0,0.001040624479002623,146171.2488689735,52.281035377852156
2182,0.04562070755704306,1.0,0.0,0.001040624479002623,146171.2488689735,52.281035377852156
2183,0.04562070755704306,1.0,0.0,0.001040624479002623,146171.2488689735,52.281035377852156
2184,0.04562070755704306,1.0,0.0,0.001040624479002623,146171.2488689735,52.281035377852156
2185,0.04562070755704306,1.0,0.0,0.001040624479002623,146171.2488689735,52.281035377852156
2186,0.04562070755704306,1.0,0.0,0.001040624479002623,146171.2488689735,52.281035377852156
2187,0.04562070755704306,1.0,0.0,0.001040624479002623,146171.2488689735,52.281035377852156
2188,0.04562070755704306,1.0,0.0,0.001040624479002623,146171.2488689735,52.281035377852156
2189,0.04562070755704306,1.0,0.0,0.001040624479002623,146171.2488689735,52.281035377852156
2190,0.04562070755704306,1.0,0.0,0.001040624479002623,146171.2488689735,52.281035377852156
2191,0.04562070755704306,1.0,0.0,0.001040624479002623,146171.2488689735,52.281035377852156
2192,0.04562070755704306,1.0,0.0,0.001040624479002623,146171.2488689735,52.281035377852156
2193,0.04562070755704306,1.0,0.0,0.001040624479002623,146171.2488689735,52.281035377852156
2194,0.04562070755704306,1.0,0.0,0.001040624479002623,146171.2488689735,52.281035377852156
2195,0.04562070755704306,1.0,0.0,0.001040624479002623,146171.2488689735,52.281035377852156
2196,0.04562070755704306,1.0,0.0,0.001040624479002623,146171.2488689735,52.281035377852156
2197,0.04562070755704306,1.0,0.0,0.001040624479002623,146171.2488689735,52.281035377852156
2198,0.04562070755704306,1.0,0.0,0.001040624479002623,146171.2488689735,52.281035377852156
2199,0.04562070755704306,1.0,0.0,0.001040624479002623,146171.2488689735,52.281035377852156
2200,0.04562070755704306,1.0,0.0,0.001040624479002623,146171.2488689735,52.281035377852156
2201,0.04562070755704306,1.0,0.0,0.001040624479002623,146171.2488689735,52.281035377852156
2202,0.04562070755704306,1.0,0.0,0.001040624479002623,146171.2488689735,52.281035377852156
2203,0.04562070755704306,1.0,0.0,0.001040624479002623,146171.2488689735,52.281035377852156
2204,0.04562070755704306,1.0,0.0,0.001040624479002623,146171.2488689735,52.281035377852156
2205,0.04562070755704306,1.0,0.0,0.001040624479002623,146171.2488689735,52.281035377852156
2206,0.04562070755704306,1.0,0.0,0.001040624479002623,146171.2488689735,52.281035377852156
2207,0.04562070755704306,1.0,0.0,0.001040624479002623,146171.2488689735,52.281035377852156
2208,0.04562070755704306,1.0,0.0,0.001040624479002623,146171.2488689735,52.281035377852156
2209,0.04562070755704306,1.0,0.0,0.001040624479002623,146171.2488689735,52.281035377852156
2210,0.04562070755704306,1.0,0.0,0.001040624479002623,146171.2488689735,52.281035377852156
2211,0.04562070755704306,1.0,0.0,0.001040624479002623,146171.2488689735,52.281035377852156
2212,0.04562070755704306,1.0,0.0,0.001040624479002623,146171.2488689735,52.281035377852156
2213,0.04562070755704306,1.0,0.0,0.001040624479002623,146171.2488689735,52.281035377852156
2214,0.04562070755704306,1.0,0.0,0.001040624479002623,146171.2488689735,52.281035377852156
2215,0.04562070755704306,1.0,0.0,0.001040624479002623,146171.2488689735,52.281035377852156
2216,0.04562070755704306,1.0,0.0,0.001040624479002623,146171.2488689735,52.281035377852156
2217,0.04562070755704306,1.0,0.0,0.001040624479002623,146171.2488689735,52.281035377852156
2218,0.04562070755704306,1.0,0.0,0.001040624479002623,146171.2488689735,52.281035377852156
2219,0.04562070755704306,1.0,0.0,0.001040624479002623,146171.2488689735,52.281035377852156
2220,0.04562070755704306,1.0,0.0,0.001040624479002623,146171.2488689735,52.281035377852156
2221,0.04562070755704306,1.0,0.0,0.001040624479002623,146171.2488689735,52.281035377852156
2222,0.04562070755704306,1.0,0.0,0.001040624479002623,146171.2488689735,52.281035377852156
2223,0.04562070755704306,1.0,0.0,0.001040624479002623,146171.2488689735,52.281035377852156
2224,0.04562070755704306,1.0,0.0,0.001040624479002623,146171.2488689735,52.281035377852156
2225,0.04562070755704306,1.0,0.0,0.001040624479002623,146171.2488689735,52.281035377852156
2226,0.04562070755704306,1.0,0.0,0.001040624479002623,146171.2488689735,52.281035377852156
2227,0.04562070755704306,1.0,0.0,0.001040624479002623,146171.2488689735,52.281035377852156
2228,0.04562070755704306,1.0,0.0,0.001040624479002623,146171.2488689735,52.281035377852156
2229,0.04562070755704306,1.0,0.0,0.001040624479002623,146171.2488689735,52.281035377852156
2230,0.04562070755704306,1.0,0.0,0.001040624479002623,146171.2488689735,52.281035377852156
2231,0.04562070755704306,1.0,0.0,0.001040624479002623,146171.2488689735,52.281035377852156
2232,0.04562070755704306,1.0,0.0,0.001040624479002623,146171.2488689735,52.281035377852156
2233,0.04562070755704306,1.0,0.0,0.001040624479002623,146171.2488689735,52.281035377852156
2234,0.04562070755704306,1.0,0.0,0.001040624479002623,146171.2488689735,52.281035377852156
2235,0.04562070755704306,1.0,0.0,0.001040624479002623,146171.2488689735,52.281035377852156
2236,0.04562070755704306,1.0,0.0,0.001040624479002623,146171.2488689735,52.281035377852156
2237,0.04562070755704306,1.0,0.0,0.001040624479002623,146171.2488689735,52.281035377852156
2238,0.04562070755704306,1.0,0.0,0.001040624479002623,146171.2488689735,52.281035377852156
2239,0.04562070755704306,1.0,0.0,0.001040624479002623,146171.2488689735,52.281035377852156
2240,0.04562070755704306,1.0,0.0,0.001040624479002623,146171.2488689735,52.281035377852156
2241,0.04562070755704306,1.0,0.0,0.001040624479002623,146171.2488689735,52.281035377852156
2242,0.04562070755704306,1.0,0.0,0.001040624479002623,146171.2488689735,52.281035377852156
2243,0.04562070755704306,1.0,0.0,0.001040624479002623,146171.2488689735,52.281035377852156
2244,0.04562070755704306,1.0,0.0,0.001040624479002623,146171.2488689735,52.281035377852156
2245,0.04562070755704306,1.0,0.0,0.001040624479002623,146171.2488689735,52.281035377852156
2246,0.04562070755704306,1.0,0.0,0.001040624479002623,146171.2488689735,52.281035377852156
2247,0.04562070755704306,1.0,0.0,0.001040624479002623,146171.2488689735,52.281035377852156
2248,0.04562070755704306,1.0,0.0,0.001040624479002623,146171.2488689735,52.281035377852156
2249,0.04562070755704306,1.0,0.0,0.001040624479002623,146171.2488689735,52.281035377852156
2250,0.04562070755704306,1.0,0.0,0.001040624479002623,146171.2488689735,52.281035377852156
2251,0.04562070755704306,1.0,0.0,0.001040624479002623,146171.2488689735,52.281035377852156
2252,0.04562070755704306,1.0,0.0,0.001040624479002623,146171.2488689735,52.281035377852156
2253,0.04562070755704306,1.0,0.0,0.001040624479002623,146171.2488689735,52.281035377852156
2254,0.04562070755704306,1.0,0.0,0.001040624479002623,146171.2488689735,52.281035377852156
2255,0.04562070755704306,1.0,0.0,0.001040624479002623,146171.2488689735,52.281035377852156
2256,0.04562070755704306,1.0,0.0,0.001040624479002623,146171.2488689735,52.281035377852156
2257,0.04562070755704306,1.0,0.0,0.001040624479002623,146171.2488689735,52.281035377852156
2258,0.04562070755704306,1.0,0.0,0.001040624479002623,146171.2488689735,52.281035377852156
2259,0.04562070755704306,1.0,0.0,0.001040624479002623,146171.2488689735,52.281035377852156
2260,0.04562070755704306,1.0,0.0,0.001040624479002623,146171.2488689735,52.281035377852156
2261,0.04562070755704306,1.0,0.0,0.001040624479002623,146171.2488689735,52.281035377852156
2262,0.04562070755704306,1.0,0.0,0.001040624479002623,146171.2488689735,52.281035377852156
2263,0.04562070755704306,1.0,0.0,0.001040624479002623,146171.2488689735,52.281035377852156
2264,0.04562070755704306,1.0,0.0,0.001040624479002623,146171.2488689735,52.281035377852156
2265,0.04562070755704306,1.0,0.0,0.001040624479002623,146171.2488689735,52.281035377852156
2266,0.04562070755704306,1.0,0.0,0.001040624479002623,146171.2488689735,52.281035377852156
2267,0.04562070755704306,1.0,0.0,0.001040624479002623,146171.2488689735,52.281035377852156
2268,0.04562070755704306,1.0,0.0,0.001040624479002623,146171.2488689735,52.281035377852156
2269,0.04562070755704306,1.0,0.0,0.001040624479002623,146171.2488689735,52.281035377852156
2270,0.04562070755704306,1.0,0.0,0.001040624479002623,146171.2488689735,52.281035377852156
2271,0.04562070755704306,1.0,0.0,0.001040624479002623,146171.2488689735,52.281035377852156
2272,0.04562070755704306,1.0,0.0,0.001040624479002623,146171.2488689735,52.281035377852156
2273,0.04562070755704306,1.0,0.0,0.001040624479002623,146171.2488689735,52.281035377852156
2274,0.04562070755704306,1.0,0.0,0.001040624479002623,146171.2488689735,52.281035377852156
2275,0.04562070755704306,1.0,0.0,0.001040624479002623,146171.2488689735,52.281035377852156
2276,0.04562070755704306,1.0,0.0,0.001040624479002623,146171.2488689735,52.281035377852156
2277,0.04562070755704306,1.0,0.0,0.001040624479002623,146171.2488689735,52.281035377852156
2278,0.04562070755704306,1.0,0.0,0.001040624479002623,146171.2488689735,52.281035377852156
2279,0.04562070755704306,1.0,0.0,0.001040624479002623,146171.2488689735,52.281035377852156
2280,0.04562070755704306,1.0,0.0,0.001040624479002623,146171.2488689735,52.281035377852156
2281,0.04562070755704306,1.0,0.0,0.001040624479002623,146171.2488689735,52.281035377852156
2282,0.04562070755704306,1.0,0.0,0.001040624479002623,146171.2488689735,52.281035377852156
2283,0.04562070755704306,1.0,0.0,0.001040624479002623,146171.2488689735,52.281035377852156
2284,0.04562070755704306,1.0,0.0,0.001040624479002623,146171.2488689735,52.281035377852156
2285,0.04562070755704306,1.0,0.0,0.001040624479002623,146171.2488689735,52.281035377852156
2286,0.04562070755704306,1.0,0.0,0.001040624479002623,146171.2488689735,52.281035377852156
2287,0.04562070755704306,1.0,0.0,0.001040624479002623,146171.2488689735,52.281035377852156
2288,0.04562070755704306,1.0,0.0,0.001040624479002623,146171.2488689735,52.281035377852156
2289,0.04562070755704306,1.0,0.0,0.001040624479002623,146171.2488689735,52.281035377852156
2290,0.04562070755704306,1.0,0.0,0.001040624479002623,146171.2488689735,52.281035377852156
2291,0.04562070755704306,1.0,0.0,0.001040624479002623,146171.2488689735,52.281035377852156
2292,0.04562070755704306,1.0,0.0,0.001040624479002623,146171.2488689735,52.281035377852156
2293,0.04562070755704306,1.0,0.0,0.001040624479002623,146171.2488689735,52.281035377852156
2294,0.04562070755704306,1.0,0.0,0.001040624479002623,146171.2488689735,52.281035377852156
2295,0.04562070755704306,1.0,0.0,0.001040624479002623,146171.2488689735,52.281035377852156
2296,0.04562070755704306,1.0,0.0,0.001040624479002623,146171.2488689735,52.281035377852156
2297,0.04562070755704306,1.0,0.0,0.001040624479002623,146171.2488689735,52.281035377852156
2298,0.04562070755704306,1.0,0.0,0.001040624479002623,146171.2488689735,52.281035377852156
2299,0.04562070755704306,1.0,0.0,0.001040624479002623,146171.2488689735,52.281035377852156
2300,0.04562070755704306,1.0,0.0,0.001040624479002623,146171.2488689735,52.281035377852156
2301,0.04562070755704306,1.0,0.0,0.001040624479002623,146171.2488689735,52.281035377852156
2302,0.04562070755704306,1.0,0.0,0.001040624479002623,146171.2488689735,52.281035377852156
2303,0.04562070755704306,1.0,0.0,0.001040624479002623,146171.2488689735,52.281035377852156
2304,0.04562070755704306,1.0,0.0,0.001040624479002623,146171.2488689735,52.281035377852156
2305,0.04562070755704306,1.0,0.0,0.001040624479002623,146171.2488689735,52.281035377852156
2306,0.04562070755704306,1.0,0.0,0.001040624479002623,146171.2488689735,52.281035377852156
2307,0.04562070755704306,1.0,0.0,0.001040624479002623,146171.2488689735,52.281035377852156
2308,0.04562070755704306,1.0,0.0,0.001040624479002623,146171.2488689735,52.281035377852156
2309,0.04562070755704306,1.0,0.0,0.001040624479002623,146171.2488689735,52.281035377852156
2310,0.04562070755704306,1.0,0.0,0.001040624479002623,146171.2488689735,52.281035377852156
2311,0.04562070755704306,1.0,0.0,0.001040624479002623,146171.2488689735,52.281035377852156
2312,0.04562070755704306,1.0,0.0,0.001040624479002623,146171.2488689735,52.281035377852156
2313,0.04562070755704306,1.0,0.0,0.001040624479002623,146171.2488689735,52.281035377852156
2314,0.04562070755704306,1.0,0.0,0.001040624479002623,146171.2488689735,52.281035377852156
2315,0.04562070755704306,1.0,0.0,0.001040624479002623,146171.2488689735,52.281035377852156
2316,0.04562070755704306,1.0,0.0,0.001040624479002623,146171.2488689735,52.281035377852156
2317,0.04562070755704306,1.0,0.0,0.001040624479002623,146171.2488689735,52.281035377852156
2318,0.04562070755704306,1.0,0.0,0.001040624479002623,146171.2488689735,52.281035377852156
2319,0.04562070755704306,1.0,0.0,0.001040624479002623,146171.2488689735,52.281035377852156
2320,0.04562070755704306,1.0,0.0,0.001040624479002623,146171.2488689735,52.281035377852156
2321,0.04562070755704306,1.0,0.0,0.001040624479002623,146171.2488689735,52.281035377852156
2322,0.04562070755704306,1.0,0.0,0.001040624479002623,146171.2488689735,52.281035377852156
2323,0.04562070755704306,1.0,0.0,0.001040624479002623,146171.2488689735,52.281035377852156
2324,0.04562070755704306,1.0,0.0,0.001040624479002623,146171.2488689735,52.281035377852156
2325,0.04562070755704306,1.0,0.0,0.001040624479002623,146171.2488689735,52.281035377852156
2326,0.04562070755704306,1.0,0.0,0.001040624479002623,146171.2488689735,52.281035377852156
2327,0.04562070755704306,1.0,0.0,0.001040624479002623,146171.2488689735,52.281035377852156
2328,0.04562070755704306,1.0,0.0,0.001040624479002623,146171.2488689735,52.281035377852156
2329,0.04562070755704306,1.0,0.0,0.001040624479002623,146171.2488689735,52.281035377852156
2330,0.04562070755704306,1.0,0.0,0.001040624479002623,146171.2488689735,52.281035377852156
2331,0.04562070755704306,1.0,0.0,0.001040624479002623,146171.2488689735,52.281035377852156
2332,0.04562070755704306,1.0,0.0,0.001040624479002623,146171.2488689735,52.281035377852156
2333,0.04562070755704306,1.0,0.0,0.001040624479002623,146171.2488689735,52.281035377852156
2334,0.04562070755704306,1.0,0.0,0.001040624479002623,146171.2488689735,52.281035377852156
2335,0.04562070755704306,1.0,0.0,0.001040624479002623,146171.2488689735,52.281035377852156
2336,0.04562070755704306,1.0,0.0,0.001040624479002623,146171.2488689735,52.281035377852156
2337,0.04562070755704306,1.0,0.0,0.001040624479002623,146171.2488689735,52.281035377852156
2338,0.04562070755704306,1.0,0.0,0.001040624479002623,146171.2488689735,52.281035377852156
2339,0.04562070755704306,1.0,0.0,0.001040624479002623,146171.2488689735,52.281035377852156
2340,0.04562070755704306,1.0,0.0,0.001040624479002623,146171.2488689735,52.281035377852156
2341,0.04562070755704306,1.0,0.0,0.001040624479002623,146171.2488689735,52.281035377852156
2342,0.04562070755704306,1.0,0.0,0.001040624479002623,146171.2488689735,52.281035377852156
2343,0.04562070755704306,1.0,0.0,0.001040624479002623,146171.2488689735,52.281035377852156
2344,0.04562070755704306,1.0,0.0,0.001040624479002623,146171.2488689735,52.281035377852156
2345,0.04562070755704306,1.0,0.0,0.001040624479002623,146171.2488689735,52.281035377852156
2346,0.04562070755704306,1.0,0.0,0.001040624479002623,146171.2488689735,52.281035377852156
2347,0.04562070755704306,1.0,0.0,0.001040624479002623,146171.2488689735,52.281035377852156
2348,0.04562070755704306,1.0,0.0,0.001040624479002623,146171.2488689735,52.281035377852156
2349,0.04562070755704306,1.0,0.0,0.001040624479002623,146171.2488689735,52.281035377852156
2350,0.04562070755704306,1.0,0.0,0.001040624479002623,146171.2488689735,52.281035377852156
2351,0.04562070755704306,1.0,0.0,0.001040624479002623,146171.2488689735,52.281035377852156
2352,0.04562070755704306,1.0,0.0,0.001040624479002623,146171.2488689735,52.281035377852156
2353,0.04562070755704306,1.0,0.0,0.001040624479002623,146171.2488689735,52.281035377852156
2354,0.04562070755704306,1.0,0.0,0.001040624479002623,146171.2488689735,52.281035377852156
2355,0.04562070755704306,1.0,0.0,0.001040624479002623,146171.2488689735,52.281035377852156
2356,0.04562070755704306,1.0,0.0,0.001040624479002623,146171.2488689735,52.281035377852156
2357,0.04562070755704306,1.0,0.0,0.001040624479002623,146171.2488689735,52.281035377852156
2358,0.04562070755704306,1.0,0.0,0.001040624479002623,146171.2488689735,52.281035377852156
2359,0.04562070755704306,1.0,0.0,0.001040624479002623,146171.2488689735,52.281035377852156
2360,0.04562070755704306,1.0,0.0,0.001040624479002623,146171.2488689735,52.281035377852156
2361,0.04562070755704306,1.0,0.0,0.001040624479002623,146171.2488689735,52.281035377852156
2362,0.04562070755704306,1.0,0.0,0.001040624479002623,146171.2488689735,52.281035377852156
2363,0.04562070755704306,1.0,0.0,0.001040624479002623,146171.2488689735,52.281035377852156
2364,0.04562070755704306,1.0,0.0,0.001040624479002623,146171.2488689735,52.281035377852156
2365,0.04562070755704306,1.0,0.0,0.001040624479002623,146171.2488689735,52.281035377852156
2366,0.04562070755704306,1.0,0.0,0.001040624479002623,146171.2488689735,52.281035377852156
2367,0.04562070755704306,1.0,0.0,0.001040624479002623,146171.2488689735,52.281035377852156
2368,0.04562070755704306,1.0,0.0,0.001040624479002623,146171.2488689735,52.281035377852156
2369,0.04562070755704306,1.0,0.0,0.001040624479002623,146171.2488689735,52.281035377852156
2370,0.04562070755704306,1.0,0.0,0.001040624479002623,146171.2488689735,52.281035377852156
2371,0.04562070755704306,1.0,0.0,0.001040624479002623,146171.2488689735,52.281035377852156
2372,0.04562070755704306,1.0,0.0,0.001040624479002623,146171.2488689735,52.281035377852156
2373,0.04562070755704306,1.0,0.0,0.001040624479002623,146171.2488689735,52.281035377852156
2374,0.04562070755704306,1.0,0.0,0.001040624479002623,146171.2488689735,52.281035377852156
2375,0.04562070755704306,1.0,0.0,0.001040624479002623,146171.2488689735,52.281035377852156
2376,0.04562070755704306,1.0,0.0,0.001040624479002623,146171.2488689735,52.281035377852156
2377,0.04562070755704306,1.0,0.0,0.001040624479002623,146171.2488689735,52.281035377852156
2378,0.04562070755704306,1.0,0.0,0.001040624479002623,146171.2488689735,52.281035377852156
2379,0.04562070755704306,1.0,0.0,0.001040624479002623,146171.2488689735,52.281035377852156
2380,0.04562070755704306,1.0,0.0,0.001040624479002623,146171.2488689735,52.281035377852156
2381,0.04562070755704306,1.0,0.0,0.001040624479002623,146171.2488689735,52.281035377852156
2382,0.04562070755704306,1.0,0.0,0.001040624479002623,146171.2488689735,52.281035377852156
2383,0.04562070755704306,1.0,0.0,0.001040624479002623,146171.2488689735,52.281035377852156
2384,0.04562070755704306,1.0,0.0,0.001040624479002623,146171.2488689735,52.281035377852156
2385,0.04562070755704306,1.0,0.0,0.001040624479002623,146171.2488689735,52.281035377852156
2386,0.04562070755704306,1.0,0.0,0.001040624479002623,146171.2488689735,52.281035377852156
2387,0.04562070755704306,1.0,0.0,0.001040624479002623,146171.2488689735,52.281035377852156
2388,0.04562070755704306,1.0,0.0,0.001040624479002623,146171.2488689735,52.281035377852156
2389,0.04562070755704306,1.0,0.0,0.001040624479002623,146171.2488689735,52.281035377852156
2390,0.04562070755704306,1.0,0.0,0.001040624479002623,146171.2488689735,52.281035377852156
2391,0.04562070755704306,1.0,0.0,0.001040624479002623,146171.2488689735,52.281035377852156
2392,0.04562070755704306,1.0,0.0,0.001040624479002623,146171.2488689735,52.281035377852156
2393,0.04562070755704306,1.0,0.0,0.001040624479002623,146171.2488689735,52.281035377852156
2394,0.04562070755704306,1.0,0.0,0.001040624479002623,146171.2488689735,52.281035377852156
2395,0.04562070755704306,1.0,0.0,0.001040624479002623,146171.2488689735,52.281035377852156
2396,0.04562070755704306,1.0,0.0,0.001040624479002623,146171.2488689735,52.281035377852156
2397,0.04562070755704306,1.0,0.0,0.001040624479002623,146171.2488689735,52.281035377852156
2398,0.04562070755704306,1.0,0.0,0.001040624479002623,146171.2488689735,52.281035377852156
2399,0.04562070755704306,1.0,0.0,0.001040624479002623,146171.2488689735,52.281035377852156
2400,0.04562070755704306,1.0,0.0,0.001040624479002623,146171.2488689735,52.281035377852156
2401,0.04562070755704306,1.0,0.0,0.001040624479002623,146171.2488689735,52.281035377852156
2402,0.04562070755704306,1.0,0.0,0.001040624479002623,146171.2488689735,52.281035377852156
2403,0.04562070755704306,1.0,0.0,0.001040624479002623,146171.2488689735,52.281035377852156
2404,0.04562070755704306,1.0,0.0,0.001040624479002623,146171.2488689735,52.281035377852156
2405,0.04562070755704306,1.0,0.0,0.001040624479002623,146171.2488689735,52.281035377852156
2406,0.04562070755704306,1.0,0.0,0.001040624479002623,146171.2488689735,52.281035377852156
2407,0.04562070755704306,1.0,0.0,0.001040624479002623,146171.2488689735,52.281035377852156
2408,0.04562070755704306,1.0,0.0,0.001040624479002623,146171.2488689735,52.281035377852156
2409,0.04562070755704306,1.0,0.0,0.001040624479002623,146171.2488689735,52.281035377852156
2410,0.04562070755704306,1.0,0.0,0.001040624479002623,146171.2488689735,52.281035377852156
2411,0.04562070755704306,1.0,0.0,0.001040624479002623,146171.2488689735,52.281035377852156
2412,0.04562070755704306,1.0,0.0,0.001040624479002623,146171.2488689735,52.281035377852156
2413,0.04562070755704306,1.0,0.0,0.001040624479002623,146171.2488689735,52.281035377852156
2414,0.04562070755704306,1.0,0.0,0.001040624479002623,146171.2488689735,52.281035377852156
2415,0.04562070755704306,1.0,0.0,0.001040624479002623,146171.2488689735,52.281035377852156
2416,0.04562070755704306,1.0,0.0,0.001040624479002623,146171.2488689735,52.281035377852156
2417,0.04562070755704306,1.0,0.0,0.001040624479002623,146171.2488689735,52.281035377852156
2418,0.04562070755704306,1.0,0.0,0.001040624479002623,146171.2488689735,52.281035377852156
2419,0.04562070755704306,1.0,0.0,0.001040624479002623,146171.2488689735,52.281035377852156
2420,0.04562070755704306,1.0,0.0,0.001040624479002623,146171.2488689735,52.281035377852156
2421,0.04562070755704306,1.0,0.0,0.001040624479002623,146171.2488689735,52.281035377852156
2422,0.04562070755704306,1.0,0.0,0.001040624479002623,146171.2488689735,52.281035377852156
2423,0.04562070755704306,1.0,0.0,0.001040624479002623,146171.2488689735,52.281035377852156
2424,0.04562070755704306,1.0,0.0,0.001040624479002623,146171.2488689735,52.281035377852156
2425,0.04562070755704306,1.0,0.0,0.001040624479002623,146171.2488689735,52.281035377852156
2426,0.04562070755704306,1.0,0.0,0.001040624479002623,146171.2488689735,52.281035377852156
2427,0.04562070755704306,1.0,0.0,0.001040624479002623,146171.2488689735,52.281035377852156
2428,0.04562070755704306,1.0,0.0,0.001040624479002623,146171.2488689735,52.281035377852156
2429,0.04562070755704306,1.0,0.0,0.001040624479002623,146171.2488689735,52.281035377852156
2430,0.04562070755704306,1.0,0.0,0.001040624479002623,146171.2488689735,52.281035377852156
2431,0.04562070755704306,1.0,0.0,0.001040624479002623,146171.2488689735,52.281035377852156
2432,0.04562070755704306,1.0,0.0,0.001040624479002623,146171.2488689735,52.281035377852156
2433,0.04562070755704306,1.0,0.0,0.001040624479002623,146171.2488689735,52.281035377852156
2434,0.04562070755704306,1.0,0.0,0.001040624479002623,146171.2488689735,52.281035377852156
2435,0.04562070755704306,1.0,0.0,0.001040624479002623,146171.2488689735,52.281035377852156
2436,0.04562070755704306,1.0,0.0,0.001040624479002623,146171.2488689735,52.281035377852156
2437,0.04562070755704306,1.0,0.0,0.001040624479002623,146171.2488689735,52.281035377852156
2438,0.04562070755704306,1.0,0.0,0.001040624479002623,146171.2488689735,52.281035377852156
2439,0.04562070755704306,1.0,0.0,0.001040624479002623,146171.2488689735,52.281035377852156
2440,0.04562070755704306,1.0,0.0,0.001040624479002623,146171.2488689735,52.281035377852156
2441,0.04562070755704306,1.0,0.0,0.001040624479002623,146171.2488689735,52.281035377852156
2442,0.04562070755704306,1.0,0.0,0.001040624479002623,146171.2488689735,52.281035377852156
2443,0.04562070755704306,1.0,0.0,0.001040624479002623,146171.2488689735,52.281035377852156
2444,0.04562070755704306,1.0,0.0,0.001040624479002623,146171.2488689735,52.281035377852156
2445,0.04562070755704306,1.0,0.0,0.001040624479002623,146171.2488689735,52.281035377852156
2446,0.04562070755704306,1.0,0.0,0.001040624479002623,146171.2488689735,52.281035377852156
2447,0.04562070755704306,1.0,0.0,0.001040624479002623,146171.2488689735,52.281035377852156
2448,0.04562070755704306,1.0,0.0,0.001040624479002623,146171.2488689735,52.281035377852156
2449,0.04562070755704306,1.0,0.0,0.001040624479002623,146171.2488689735,52.281035377852156
2450,0.04562070755704306,1.0,0.0,0.001040624479002623,146171.2488689735,52.281035377852156
2451,0.04562070755704306,1.0,0.0,0.001040624479002623,146171.2488689735,52.281035377852156
2452,0.04562070755704306,1.0,0.0,0.001040624479002623,146171.2488689735,52.281035377852156
2453,0.04562070755704306,1.0,0.0,0.001040624479002623,146171.2488689735,52.281035377852156
2454,0.04562070755704306,1.0,0.0,0.001040624479002623,146171.2488689735,52.281035377852156
2455,0.04562070755704306,1.0,0.0,0.001040624479002623,146171.2488689735,52.281035377852156
2456,0.04562070755704306,1.0,0.0,0.001040624479002623,146171.2488689735,52.281035377852156
2457,0.04562070755704306,1.0,0.0,0.001040624479002623,146171.2488689735,52.281035377852156
2458,0.04562070755704306,1.0,0.0,0.001040624479002623,146171.2488689735,52.281035377852156
2459,0.04562070755704306,1.0,0.0,0.001040624479002623,146171.2488689735,52.281035377852156
2460,0.04562070755704306,1.0,0.0,0.001040624479002623,146171.2488689735,52.281035377852156
2461,0.04562070755704306,1.0,0.0,0.001040624479002623,146171.2488689735,52.281035377852156
2462,0.04562070755704306,1.0,0.0,0.001040624479002623,146171.2488689735,52.281035377852156
2463,0.04562070755704306,1.0,0.0,0.001040624479002623,146171.2488689735,52.281035377852156
2464,0.04562070755704306,1.0,0.0,0.001040624479002623,146171.2488689735,52.281035377852156
2465,0.04562070755704306,1.0,0.0,0.001040624479002623,146171.2488689735,52.281035377852156
2466,0.04562070755704306,1.0,0.0,0.001040624479002623,146171.2488689735,52.281035377852156
2467,0.04562070755704306,1.0,0.0,0.001040624479002623,146171.2488689735,52.281035377852156
2468,0.04562070755704306,1.0,0.0,0.001040624479002623,146171.2488689735,52.281035377852156
2469,0.04562070755704306,1.0,0.0,0.001040624479002623,146171.2488689735,52.281035377852156
2470,0.04562070755704306,1.0,0.0,0.001040624479002623,146171.2488689735,52.281035377852156
2471,0.04562070755704306,1.0,0.0,0.001040624479002623,146171.2488689735,52.281035377852156
2472,0.04562070755704306,1.0,0.0,0.001040624479002623,146171.2488689735,52.281035377852156
2473,0.04562070755704306,1.0,0.0,0.001040624479002623,146171.2488689735,52.281035377852156
2474,0.04562070755704306,1.0,0.0,0.001040624479002623,146171.2488689735,52.281035377852156
2475,0.04562070755704306,1.0,0.0,0.001040624479002623,146171.2488689735,52.281035377852156
2476,0.04562070755704306,1.0,0.0,0.001040624479002623,146171.2488689735,52.281035377852156
2477,0.04562070755704306,1.0,0.0,0.001040624479002623,146171.2488689735,52.281035377852156
2478,0.04562070755704306,1.0,0.0,0.001040624479002623,146171.2488689735,52.281035377852156
2479,0.04562070755704306,1.0,0.0,0.001040624479002623,146171.2488689735,52.281035377852156
2480,0.04562070755704306,1.0,0.0,0.001040624479002623,146171.2488689735,52.281035377852156
2481,0.04562070755704306,1.0,0.0,0.001040624479002623,146171.2488689735,52.281035377852156
2482,0.04562070755704306,1.0,0.0,0.001040624479002623,146171.2488689735,52.281035377852156
2483,0.04562070755704306,1.0,0.0,0.001040624479002623,146171.2488689735,52.281035377852156
2484,0.04562070755704306,1.0,0.0,0.001040624479002623,146171.2488689735,52.281035377852156
2485,0.04562070755704306,1.0,0.0,0.001040624479002623,146171.2488689735,52.281035377852156
2486,0.04562070755704306,1.0,0.0,0.001040624479002623,146171.2488689735,52.281035377852156
2487,0.04562070755704306,1.0,0.0,0.001040624479002623,146171.2488689735,52.281035377852156
2488,0.04562070755704306,1.0,0.0,0.001040624479002623,146171.2488689735,52.281035377852156
2489,0.04562070755704306,1.0,0.0,0.001040624479002623,146171.2488689735,52.281035377852156
2490,0.04562070755704306,1.0,0.0,0.001040624479002623,146171.2488689735,52.281035377852156
2491,0.04562070755704306,1.0,0.0,0.001040624479002623,146171.2488689735,52.281035377852156
2492,0.04562070755704306,1.0,0.0,0.001040624479002623,146171.2488689735,52.281035377852156
2493,0.04562070755704306,1.0,0.0,0.001040624479002623,146171.2488689735,52.281035377852156
2494,0.04562070755704306,1.0,0.0,0.001040624479002623,146171.2488689735,52.281035377852156
2495,0.04562070755704306,1.0,0.0,0.001040624479002623,146171.2488689735,52.281035377852156
2496,0.04562070755704306,1.0,0.0,0.001040624479002623,146171.2488689735,52.281035377852156
2497,0.04562070755704306,1.0,0.0,0.001040624479002623,146171.2488689735,52.281035377852156
2498,0.04562070755704306,1.0,0.0,0.001040624479002623,146171.2488689735,52.281035377852156
2499,0.04562070755704306,1.0,0.0,0.001040624479002623,146171.2488689735,52.281035377852156
2500,0.04562070755704306,1.0,0.0,0.001040624479002623,146171.2488689735,52.281035377852156
2501,0.04562070755704306,1.0,0.0,0.001040624479002623,146171.2488689735,52.281035377852156
2502,0.04562070755704306,1.0,0.0,0.001040624479002623,146171.2488689735,52.281035377852156
2503,0.04562070755704306,1.0,0.0,0.001040624479002623,146171.2488689735,52.281035377852156
2504,0.04562070755704306,1.0,0.0,0.001040624479002623,146171.2488689735,52.281035377852156
2505,0.04562070755704306,1.0,0.0,0.001040624479002623,146171.2488689735,52.281035377852156
2506,0.04562070755704306,1.0,0.0,0.001040624479002623,146171.2488689735,52.281035377852156
2507,0.04562070755704306,1.0,0.0,0.001040624479002623,146171.2488689735,52.281035377852156
2508,0.04562070755704306,1.0,0.0,0.001040624479002623,146171.2488689735,52.281035377852156
2509,0.04562070755704306,1.0,0.0,0.001040624479002623,146171.2488689735,52.281035377852156
2510,0.04562070755704306,1.0,0.0,0.001040624479002623,146171.2488689735,52.281035377852156
2511,0.04562070755704306,1.0,0.0,0.001040624479002623,146171.2488689735,52.281035377852156
2512,0.04562070755704306,1.0,0.0,0.001040624479002623,146171.2488689735,52.281035377852156
2513,0.04562070755704306,1.0,0.0,0.001040624479002623,146171.2488689735,52.281035377852156
2514,0.04562070755704306,1.0,0.0,0.001040624479002623,146171.2488689735,52.281035377852156
2515,0.04562070755704306,1.0,0.0,0.001040624479002623,146171.2488689735,52.281035377852156
2516,0.04562070755704306,1.0,0.0,0.001040624479002623,146171.2488689735,52.281035377852156
2517,0.04562070755704306,1.0,0.0,0.001040624479002623,146171.2488689735,52.281035377852156
2518,0.04562070755704306,1.0,0.0,0.001040624479002623,146171.2488689735,52.281035377852156
2519,0.04562070755704306,1.0,0.0,0.001040624479002623,146171.2488689735,52.281035377852156
2520,0.04562070755704306,1.0,0.0,0.001040624479002623,146171.2488689735,52.281035377852156
2521,0.04562070755704306,1.0,0.0,0.001040624479002623,146171.2488689735,52.281035377852156
2522,0.04562070755704306,1.0,0.0,0.001040624479002623,146171.2488689735,52.281035377852156
2523,0.04562070755704306,1.0,0.0,0.001040624479002623,146171.2488689735,52.281035377852156
2524,0.04562070755704306,1.0,0.0,0.001040624479002623,146171.2488689735,52.281035377852156
2525,0.04562070755704306,1.0,0.0,0.001040624479002623,146171.2488689735,52.281035377852156
2526,0.04562070755704306,1.0,0.0,0.001040624479002623,146171.2488689735,52.281035377852156
2527,0.04562070755704306,1.0,0.0,0.001040624479002623,146171.2488689735,52.281035377852156
2528,0.04562070755704306,1.0,0.0,0.001040624479002623,146171.2488689735,52.281035377852156
2529,0.04562070755704306,1.0,0.0,0.001040624479002623,146171.2488689735,52.281035377852156
2530,0.04562070755704306,1.0,0.0,0.001040624479002623,146171.2488689735,52.281035377852156
2531,0.04562070755704306,1.0,0.0,0.001040624479002623,146171.2488689735,52.281035377852156
2532,0.04562070755704306,1.0,0.0,0.001040624479002623,146171.2488689735,52.281035377852156
2533,0.04562070755704306,1.0,0.0,0.001040624479002623,146171.2488689735,52.281035377852156
2534,0.04562070755704306,1.0,0.0,0.001040624479002623,146171.2488689735,52.281035377852156
2535,0.04562070755704306,1.0,0.0,0.001040624479002623,146171.2488689735,52.281035377852156
2536,0.04562070755704306,1.0,0.0,0.001040624479002623,146171.2488689735,52.281035377852156
2537,0.04562070755704306,1.0,0.0,0.001040624479002623,146171.2488689735,52.281035377852156
2538,0.04562070755704306,1.0,0.0,0.001040624479002623,146171.2488689735,52.281035377852156
2539,0.04562070755704306,1.0,0.0,0.001040624479002623,146171.2488689735,52.281035377852156
2540,0.04562070755704306,1.0,0.0,0.001040624479002623,146171.2488689735,52.281035377852156
2541,0.04562070755704306,1.0,0.0,0.001040624479002623,146171.2488689735,52.281035377852156
2542,0.04562070755704306,1.0,0.0,0.001040624479002623,146171.2488689735,52.281035377852156
2543,0.04562070755704306,1.0,0.0,0.001040624479002623,146171.2488689735,52.281035377852156
2544,0.04562070755704306,1.0,0.0,0.001040624479002623,146171.2488689735,52.281035377852156
2545,0.04562070755704306,1.0,0.0,0.001040624479002623,146171.2488689735,52.281035377852156
2546,0.04562070755704306,1.0,0.0,0.001040624479002623,146171.2488689735,52.281035377852156
2547,0.04562070755704306,1.0,0.0,0.001040624479002623,146171.2488689735,52.281035377852156
2548,0.04562070755704306,1.0,0.0,0.001040624479002623,146171.2488689735,52.281035377852156
2549,0.04562070755704306,1.0,0.0,0.001040624479002623,146171.2488689735,52.281035377852156
2550,0.04562070755704306,1.0,0.0,0.001040624479002623,146171.2488689735,52.281035377852156
2551,0.04562070755704306,1.0,0.0,0.001040624479002623,146171.2488689735,52.281035377852156
2552,0.04562070755704306,1.0,0.0,0.001040624479002623,146171.2488689735,52.281035377852156
2553,0.04562070755704306,1.0,0.0,0.001040624479002623,146171.2488689735,52.281035377852156
2554,0.04562070755704306,1.0,0.0,0.001040624479002623,146171.2488689735,52.281035377852156
2555,0.04562070755704306,1.0,0.0,0.001040624479002623,146171.2488689735,52.281035377852156
2556,0.04562070755704306,1.0,0.0,0.001040624479002623,146171.2488689735,52.281035377852156
2557,0.04562070755704306,1.0,0.0,0.001040624479002623,146171.2488689735,52.281035377852156
2558,0.04562070755704306,1.0,0.0,0.001040624479002623,146171.2488689735,52.281035377852156
2559,0.04562070755704306,1.0,0.0,0.001040624479002623,146171.2488689735,52.281035377852156
2560,0.04562070755704306,1.0,0.0,0.001040624479002623,146171.2488689735,52.281035377852156
2561,0.04562070755704306,1.0,0.0,0.001040624479002623,146171.2488689735,52.281035377852156
2562,0.04562070755704306,1.0,0.0,0.001040624479002623,146171.2488689735,52.281035377852156
2563,0.04562070755704306,1.0,0.0,0.001040624479002623,146171.2488689735,52.281035377852156
2564,0.04562070755704306,1.0,0.0,0.001040624479002623,146171.2488689735,52.281035377852156
2565,0.04562070755704306,1.0,0.0,0.001040624479002623,146171.2488689735,52.281035377852156
2566,0.04562070755704306,1.0,0.0,0.001040624479002623,146171.2488689735,52.281035377852156
2567,0.04562070755704306,1.0,0.0,0.001040624479002623,146171.2488689735,52.281035377852156
2568,0.04562070755704306,1.0,0.0,0.001040624479002623,146171.2488689735,52.281035377852156
2569,0.04562070755704306,1.0,0.0,0.001040624479002623,146171.2488689735,52.281035377852156
2570,0.04562070755704306,1.0,0.0,0.001040624479002623,146171.2488689735,52.281035377852156
2571,0.04562070755704306,1.0,0.0,0.001040624479002623,146171.2488689735,52.281035377852156
2572,0.04562070755704306,1.0,0.0,0.001040624479002623,146171.2488689735,52.281035377852156
2573,0.04562070755704306,1.0,0.0,0.001040624479002623,146171.2488689735,52.281035377852156
2574,0.04562070755704306,1.0,0.0,0.001040624479002623,146171.2488689735,52.281035377852156
2575,0.04562070755704306,1.0,0.0,0.001040624479002623,146171.2488689735,52.281035377852156
2576,0.04562070755704306,1.0,0.0,0.001040624479002623,146171.2488689735,52.281035377852156
2577,0.04562070755704306,1.0,0.0,0.001040624479002623,146171.2488689735,52.281035377852156
2578,0.04562070755704306,1.0,0.0,0.001040624479002623,146171.2488689735,52.281035377852156
2579,0.04562070755704306,1.0,0.0,0.001040624479002623,146171.2488689735,52.281035377852156
2580,0.04562070755704306,1.0,0.0,0.001040624479002623,146171.2488689735,52.281035377852156
2581,0.04562070755704306,1.0,0.0,0.001040624479002623,146171.2488689735,52.281035377852156
2582,0.04562070755704306,1.0,0.0,0.001040624479002623,146171.2488689735,52.281035377852156
2583,0.04562070755704306,1.0,0.0,0.001040624479002623,146171.2488689735,52.281035377852156
2584,0.04562070755704306,1.0,0.0,0.001040624479002623,146171.2488689735,52.281035377852156
2585,0.04562070755704306,1.0,0.0,0.001040624479002623,146171.2488689735,52.281035377852156
2586,0.04562070755704306,1.0,0.0,0.001040624479002623,146171.2488689735,52.281035377852156
2587,0.04562070755704306,1.0,0.0,0.001040624479002623,146171.2488689735,52.281035377852156
2588,0.04562070755704306,1.0,0.0,0.001040624479002623,146171.2488689735,52.281035377852156
2589,0.04562070755704306,1.0,0.0,0.001040624479002623,146171.2488689735,52.281035377852156
2590,0.04562070755704306,1.0,0.0,0.001040624479002623,146171.2488689735,52.281035377852156
2591,0.04562070755704306,1.0,0.0,0.001040624479002623,146171.2488689735,52.281035377852156
2592,0.04562070755704306,1.0,0.0,0.001040624479002623,146171.2488689735,52.281035377852156
2593,0.04562070755704306,1.0,0.0,0.001040624479002623,146171.2488689735,52.281035377852156
2594,0.04562070755704306,1.0,0.0,0.001040624479002623,146171.2488689735,52.281035377852156
2595,0.04562070755704306,1.0,0.0,0.001040624479002623,146171.2488689735,52.281035377852156
2596,0.04562070755704306,1.0,0.0,0.001040624479002623,146171.2488689735,52.281035377852156
2597,0.04562070755704306,1.0,0.0,0.001040624479002623,146171.2488689735,52.281035377852156
2598,0.04562070755704306,1.0,0.0,0.001040624479002623,146171.2488689735,52.281035377852156
2599,0.04562070755704306,1.0,0.0,0.001040624479002623,146171.2488689735,52.281035377852156
2600,0.04562070755704306,1.0,0.0,0.001040624479002623,146171.2488689735,52.281035377852156
2601,0.04562070755704306,1.0,0.0,0.001040624479002623,146171.2488689735,52.281035377852156
2602,0.04562070755704306,1.0,0.0,0.001040624479002623,146171.2488689735,52.281035377852156
2603,0.04562070755704306,1.0,0.0,0.001040624479002623,146171.2488689735,52.281035377852156
2604,0.04562070755704306,1.0,0.0,0.001040624479002623,146171.2488689735,52.281035377852156
2605,0.04562070755704306,1.0,0.0,0.001040624479002623,146171.2488689735,52.281035377852156
2606,0.04562070755704306,1.0,0.0,0.001040624479002623,146171.2488689735,52.281035377852156
2607,0.04562070755704306,1.0,0.0,0.001040624479002623,146171.2488689735,52.281035377852156
2608,0.04562070755704306,1.0,0.0,0.001040624479002623,146171.2488689735,52.281035377852156
2609,0.04562070755704306,1.0,0.0,0.001040624479002623,146171.2488689735,52.281035377852156
2610,0.04562070755704306,1.0,0.0,0.001040624479002623,146171.2488689735,52.281035377852156
2611,0.04562070755704306,1.0,0.0,0.001040624479002623,146171.2488689735,52.281035377852156
2612,0.04562070755704306,1.0,0.0,0.001040624479002623,146171.2488689735,52.281035377852156
2613,0.04562070755704306,1.0,0.0,0.001040624479002623,146171.2488689735,52.281035377852156
2614,0.04562070755704306,1.0,0.0,0.001040624479002623,146171.2488689735,52.281035377852156
2615,0.04562070755704306,1.0,0.0,0.001040624479002623,146171.2488689735,52.281035377852156
2616,0.04562070755704306,1.0,0.0,0.001040624479002623,146171.2488689735,52.281035377852156
2617,0.04562070755704306,1.0,0.0,0.001040624479002623,146171.2488689735,52.281035377852156
2618,0.04562070755704306,1.0,0.0,0.001040624479002623,146171.2488689735,52.281035377852156
2619,0.04562070755704306,1.0,0.0,0.001040624479002623,146171.2488689735,52.281035377852156
2620,0.04562070755704306,1.0,0.0,0.001040624479002623,146171.2488689735,52.281035377852156
2621,0.04562070755704306,1.0,0.0,0.001040624479002623,146171.2488689735,52.281035377852156
2622,0.04562070755704306,1.0,0.0,0.001040624479002623,146171.2488689735,52.281035377852156
2623,0.04562070755704306,1.0,0.0,0.001040624479002623,146171.2488689735,52.281035377852156
2624,0.04562070755704306,1.0,0.0,0.001040624479002623,146171.2488689735,52.281035377852156
2625,0.04562070755704306,1.0,0.0,0.001040624479002623,146171.2488689735,52.281035377852156
2626,0.04562070755704306,1.0,0.0,0.001040624479002623,146171.2488689735,52.281035377852156
2627,0.04562070755704306,1.0,0.0,0.001040624479002623,146171.2488689735,52.281035377852156
2628,0.04562070755704306,1.0,0.0,0.001040624479002623,146171.2488689735,52.281035377852156
2629,0.04562070755704306,1.0,0.0,0.001040624479002623,146171.2488689735,52.281035377852156
2630,0.04562070755704306,1.0,0.0,0.001040624479002623,146171.2488689735,52.281035377852156
2631,0.04562070755704306,1.0,0.0,0.001040624479002623,146171.2488689735,52.281035377852156
2632,0.04562070755704306,1.0,0.0,0.001040624479002623,146171.2488689735,52.281035377852156
2633,0.04562070755704306,1.0,0.0,0.001040624479002623,146171.2488689735,52.281035377852156
2634,0.04562070755704306,1.0,0.0,0.001040624479002623,146171.2488689735,52.281035377852156
2635,0.04562070755704306,1.0,0.0,0.001040624479002623,146171.2488689735,52.281035377852156
2636,0.04562070755704306,1.0,0.0,0.001040624479002623,146171.2488689735,52.281035377852156
2637,0.04562070755704306,1.0,0.0,0.001040624479002623,146171.2488689735,52.281035377852156
2638,0.04562070755704306,1.0,0.0,0.001040624479002623,146171.2488689735,52.281035377852156
2639,0.04562070755704306,1.0,0.0,0.001040624479002623,146171.2488689735,52.281035377852156
2640,0.04562070755704306,1.0,0.0,0.001040624479002623,146171.2488689735,52.281035377852156
2641,0.04562070755704306,1.0,0.0,0.001040624479002623,146171.2488689735,52.281035377852156
2642,0.04562070755704306,1.0,0.0,0.001040624479002623,146171.2488689735,52.281035377852156
2643,0.04562070755704306,1.0,0.0,0.001040624479002623,146171.2488689735,52.281035377852156
2644,0.04562070755704306,1.0,0.0,0.001040624479002623,146171.2488689735,52.281035377852156
2645,0.04562070755704306,1.0,0.0,0.001040624479002623,146171.2488689735,52.281035377852156
2646,0.04562070755704306,1.0,0.0,0.001040624479002623,146171.2488689735,52.281035377852156
2647,0.04562070755704306,1.0,0.0,0.001040624479002623,146171.2488689735,52.281035377852156
2648,0.04562070755704306,1.0,0.0,0.001040624479002623,146171.2488689735,52.281035377852156
2649,0.04562070755704306,1.0,0.0,0.001040624479002623,146171.2488689735,52.281035377852156
2650,0.04562070755704306,1.0,0.0,0.001040624479002623,146171.2488689735,52.281035377852156
2651,0.04562070755704306,1.0,0.0,0.001040624479002623,146171.2488689735,52.281035377852156
2652,0.04562070755704306,1.0,0.0,0.001040624479002623,146171.2488689735,52.281035377852156
2653,0.04562070755704306,1.0,0.0,0.001040624479002623,146171.2488689735,52.281035377852156
2654,0.04562070755704306,1.0,0.0,0.001040624479002623,146171.2488689735,52.281035377852156
2655,0.04562070755704306,1.0,0.0,0.001040624479002623,146171.2488689735,52.281035377852156
2656,0.04562070755704306,1.0,0.0,0.001040624479002623,146171.2488689735,52.281035377852156
2657,0.04562070755704306,1.0,0.0,0.001040624479002623,146171.2488689735,52.281035377852156
2658,0.04562070755704306,1.0,0.0,0.001040624479002623,146171.2488689735,52.281035377852156
2659,0.04562070755704306,1.0,0.0,0.001040624479002623,146171.2488689735,52.281035377852156
2660,0.04562070755704306,1.0,0.0,0.001040624479002623,146171.2488689735,52.281035377852156
2661,0.04562070755704306,1.0,0.0,0.001040624479002623,146171.2488689735,52.281035377852156
2662,0.04562070755704306,1.0,0.0,0.001040624479002623,146171.2488689735,52.281035377852156
2663,0.04562070755704306,1.0,0.0,0.001040624479002623,146171.2488689735,52.281035377852156
2664,0.04562070755704306,1.0,0.0,0.001040624479002623,146171.2488689735,52.281035377852156
2665,0.04562070755704306,1.0,0.0,0.001040624479002623,146171.2488689735,52.281035377852156
2666,0.04562070755704306,1.0,0.0,0.001040624479002623,146171.2488689735,52.281035377852156
2667,0.04562070755704306,1.0,0.0,0.001040624479002623,146171.2488689735,52.281035377852156
2668,0.04562070755704306,1.0,0.0,0.001040624479002623,146171.2488689735,52.281035377852156
2669,0.04562070755704306,1.0,0.0,0.001040624479002623,146171.2488689735,52.281035377852156
2670,0.04562070755704306,1.0,0.0,0.001040624479002623,146171.2488689735,52.281035377852156
2671,0.04562070755704306,1.0,0.0,0.001040624479002623,146171.2488689735,52.281035377852156
2672,0.04562070755704306,1.0,0.0,0.001040624479002623,146171.2488689735,52.281035377852156
2673,0.04562070755704306,1.0,0.0,0.001040624479002623,146171.2488689735,52.281035377852156
2674,0.04562070755704306,1.0,0.0,0.001040624479002623,146171.2488689735,52.281035377852156
2675,0.04562070755704306,1.0,0.0,0.001040624479002623,146171.2488689735,52.281035377852156
2676,0.04562070755704306,1.0,0.0,0.001040624479002623,146171.2488689735,52.281035377852156
2677,0.04562070755704306,1.0,0.0,0.001040624479002623,146171.2488689735,52.281035377852156
2678,0.04562070755704306,1.0,0.0,0.001040624479002623,146171.2488689735,52.281035377852156
2679,0.04562070755704306,1.0,0.0,0.001040624479002623,146171.2488689735,52.281035377852156
2680,0.04562070755704306,1.0,0.0,0.001040624479002623,146171.2488689735,52.281035377852156
2681,0.04562070755704306,1.0,0.0,0.001040624479002623,146171.2488689735,52.281035377852156
2682,0.04562070755704306,1.0,0.0,0.001040624479002623,146171.2488689735,52.281035377852156
2683,0.04562070755704306,1.0,0.0,0.001040624479002623,146171.2488689735,52.281035377852156
2684,0.04562070755704306,1.0,0.0,0.001040624479002623,146171.2488689735,52.281035377852156
2685,0.04562070755704306,1.0,0.0,0.001040624479002623,146171.2488689735,52.281035377852156
2686,0.04562070755704306,1.0,0.0,0.001040624479002623,146171.2488689735,52.281035377852156
2687,0.04562070755704306,1.0,0.0,0.001040624479002623,146171.2488689735,52.281035377852156
2688,0.04562070755704306,1.0,0.0,0.001040624479002623,146171.2488689735,52.281035377852156
2689,0.04562070755704306,1.0,0.0,0.001040624479002623,146171.2488689735,52.281035377852156
2690,0.04562070755704306,1.0,0.0,0.001040624479002623,146171.2488689735,52.281035377852156
2691,0.04562070755704306,1.0,0.0,0.001040624479002623,146171.2488689735,52.281035377852156
2692,0.04562070755704306,1.0,0.0,0.001040624479002623,146171.2488689735,52.281035377852156
2693,0.04562070755704306,1.0,0.0,0.001040624479002623,146171.2488689735,52.281035377852156
2694,0.04562070755704306,1.0,0.0,0.001040624479002623,146171.2488689735,52.281035377852156
2695,0.04562070755704306,1.0,0.0,0.001040624479002623,146171.2488689735,52.281035377852156
2696,0.04562070755704306,1.0,0.0,0.001040624479002623,146171.2488689735,52.281035377852156
2697,0.04562070755704306,1.0,0.0,0.001040624479002623,146171.2488689735,52.281035377852156
2698,0.04562070755704306,1.0,0.0,0.001040624479002623,146171.2488689735,52.281035377852156
2699,0.04562070755704306,1.0,0.0,0.001040624479002623,146171.2488689735,52.281035377852156
2700,0.04562070755704306,1.0,0.0,0.001040624479002623,146171.2488689735,52.281035377852156
2701,0.04562070755704306,1.0,0.0,0.001040624479002623,146171.2488689735,52.281035377852156
2702,0.04562070755704306,1.0,0.0,0.001040624479002623,146171.2488689735,52.281035377852156
2703,0.04562070755704306,1.0,0.0,0.001040624479002623,146171.2488689735,52.281035377852156
2704,0.04562070755704306,1.0,0.0,0.001040624479002623,146171.2488689735,52.281035377852156
2705,0.04562070755704306,1.0,0.0,0.001040624479002623,146171.2488689735,52.281035377852156
2706,0.04562070755704306,1.0,0.0,0.001040624479002623,146171.2488689735,52.281035377852156
2707,0.04562070755704306,1.0,0.0,0.001040624479002623,146171.2488689735,52.281035377852156
2708,0.04562070755704306,1.0,0.0,0.001040624479002623,146171.2488689735,52.281035377852156
2709,0.04562070755704306,1.0,0.0,0.001040624479002623,146171.2488689735,52.281035377852156
2710,0.04562070755704306,1.0,0.0,0.001040624479002623,146171.2488689735,52.281035377852156
2711,0.04562070755704306,1.0,0.0,0.001040624479002623,146171.2488689735,52.281035377852156
2712,0.04562070755704306,1.0,0.0,0.001040624479002623,146171.2488689735,52.281035377852156
2713,0.04562070755704306,1.0,0.0,0.001040624479002623,146171.2488689735,52.281035377852156
2714,0.04562070755704306,1.0,0.0,0.001040624479002623,146171.2488689735,52.281035377852156
2715,0.04562070755704306,1.0,0.0,0.001040624479002623,146171.2488689735,52.281035377852156
2716,0.04562070755704306,1.0,0.0,0.001040624479002623,146171.2488689735,52.281035377852156
2717,0.04562070755704306,1.0,0.0,0.001040624479002623,146171.2488689735,52.281035377852156
2718,0.04562070755704306,1.0,0.0,0.001040624479002623,146171.2488689735,52.281035377852156
2719,0.04562070755704306,1.0,0.0,0.001040624479002623,146171.2488689735,52.281035377852156
2720,0.04562070755704306,1.0,0.0,0.001040624479002623,146171.2488689735,52.281035377852156
2721,0.04562070755704306,1.0,0.0,0.001040624479002623,146171.2488689735,52.281035377852156
2722,0.04562070755704306,1.0,0.0,0.001040624479002623,146171.2488689735,52.281035377852156
2723,0.04562070755704306,1.0,0.0,0.001040624479002623,146171.2488689735,52.281035377852156
2724,0.04562070755704306,1.0,0.0,0.001040624479002623,146171.2488689735,52.281035377852156
2725,0.04562070755704306,1.0,0.0,0.001040624479002623,146171.2488689735,52.281035377852156
2726,0.04562070755704306,1.0,0.0,0.001040624479002623,146171.2488689735,52.281035377852156
2727,0.04562070755704306,1.0,0.0,0.001040624479002623,146171.2488689735,52.281035377852156
2728,0.04562070755704306,1.0,0.0,0.001040624479002623,146171.2488689735,52.281035377852156
2729,0.04562070755704306,1.0,0.0,0.001040624479002623,146171.2488689735,52.281035377852156
2730,0.04562070755704306,1.0,0.0,0.001040624479002623,146171.2488689735,52.281035377852156
2731,0.04562070755704306,1.0,0.0,0.001040624479002623,146171.2488689735,52.281035377852156
2732,0.04562070755704306,1.0,0.0,0.001040624479002623,146171.2488689735,52.281035377852156
2733,0.04562070755704306,1.0,0.0,0.001040624479002623,146171.2488689735,52.281035377852156
2734,0.04562070755704306,1.0,0.0,0.001040624479002623,146171.2488689735,52.281035377852156
2735,0.04562070755704306,1.0,0.0,0.001040624479002623,146171.2488689735,52.281035377852156
2736,0.04562070755704306,1.0,0.0,0.001040624479002623,146171.2488689735,52.281035377852156
2737,0.04562070755704306,1.0,0.0,0.001040624479002623,146171.2488689735,52.281035377852156
2738,0.04562070755704306,1.0,0.0,0.001040624479002623,146171.2488689735,52.281035377852156
2739,0.04562070755704306,1.0,0.0,0.001040624479002623,146171.2488689735,52.281035377852156
2740,0.04562070755704306,1.0,0.0,0.001040624479002623,146171.2488689735,52.281035377852156
2741,0.04562070755704306,1.0,0.0,0.001040624479002623,146171.2488689735,52.281035377852156
2742,0.04562070755704306,1.0,0.0,0.001040624479002623,146171.2488689735,52.281035377852156
2743,0.04562070755704306,1.0,0.0,0.001040624479002623,146171.2488689735,52.281035377852156
2744,0.04562070755704306,1.0,0.0,0.001040624479002623,146171.2488689735,52.281035377852156
2745,0.04562070755704306,1.0,0.0,0.001040624479002623,146171.2488689735,52.281035377852156
2746,0.04562070755704306,1.0,0.0,0.001040624479002623,146171.2488689735,52.281035377852156
2747,0.04562070755704306,1.0,0.0,0.001040624479002623,146171.2488689735,52.281035377852156
2748,0.04562070755704306,1.0,0.0,0.001040624479002623,146171.2488689735,52.281035377852156
2749,0.04562070755704306,1.0,0.0,0.001040624479002623,146171.2488689735,52.281035377852156
2750,0.04562070755704306,1.0,0.0,0.001040624479002623,146171.2488689735,52.281035377852156
2751,0.04562070755704306,1.0,0.0,0.001040624479002623,146171.2488689735,52.281035377852156
2752,0.04562070755704306,1.0,0.0,0.001040624479002623,146171.2488689735,52.281035377852156
2753,0.04562070755704306,1.0,0.0,0.001040624479002623,146171.2488689735,52.281035377852156
2754,0.04562070755704306,1.0,0.0,0.001040624479002623,146171.2488689735,52.281035377852156
2755,0.04562070755704306,1.0,0.0,0.001040624479002623,146171.2488689735,52.281035377852156
2756,0.04562070755704306,1.0,0.0,0.001040624479002623,146171.2488689735,52.281035377852156
2757,0.04562070755704306,1.0,0.0,0.001040624479002623,146171.2488689735,52.281035377852156
2758,0.04562070755704306,1.0,0.0,0.001040624479002623,146171.2488689735,52.281035377852156
2759,0.04562070755704306,1.0,0.0,0.001040624479002623,146171.2488689735,52.281035377852156
2760,0.04562070755704306,1.0,0.0,0.001040624479002623,146171.2488689735,52.281035377852156
2761,0.04562070755704306,1.0,0.0,0.001040624479002623,146171.2488689735,52.281035377852156
2762,0.04562070755704306,1.0,0.0,0.001040624479002623,146171.2488689735,52.281035377852156
2763,0.04562070755704306,1.0,0.0,0.001040624479002623,146171.2488689735,52.281035377852156
2764,0.04562070755704306,1.0,0.0,0.001040624479002623,146171.2488689735,52.281035377852156
2765,0.04562070755704306,1.0,0.0,0.001040624479002623,146171.2488689735,52.281035377852156
2766,0.04562070755704306,1.0,0.0,0.001040624479002623,146171.2488689735,52.281035377852156
2767,0.04562070755704306,1.0,0.0,0.001040624479002623,146171.2488689735,52.281035377852156
2768,0.04562070755704306,1.0,0.0,0.001040624479002623,146171.2488689735,52.281035377852156
2769,0.04562070755704306,1.0,0.0,0.001040624479002623,146171.2488689735,52.281035377852156
2770,0.04562070755704306,1.0,0.0,0.001040624479002623,146171.2488689735,52.281035377852156
2771,0.04562070755704306,1.0,0.0,0.001040624479002623,146171.2488689735,52.281035377852156
2772,0.04562070755704306,1.0,0.0,0.001040624479002623,146171.2488689735,52.281035377852156
2773,0.04562070755704306,1.0,0.0,0.001040624479002623,146171.2488689735,52.281035377852156
2774,0.04562070755704306,1.0,0.0,0.001040624479002623,146171.2488689735,52.281035377852156
2775,0.04562070755704306,1.0,0.0,0.001040624479002623,146171.2488689735,52.281035377852156
2776,0.04562070755704306,1.0,0.0,0.001040624479002623,146171.2488689735,52.281035377852156
2777,0.04562070755704306,1.0,0.0,0.001040624479002623,146171.2488689735,52.281035377852156
2778,0.04562070755704306,1.0,0.0,0.001040624479002623,146171.2488689735,52.281035377852156
2779,0.04562070755704306,1.0,0.0,0.001040624479002623,146171.2488689735,52.281035377852156
2780,0.04562070755704306,1.0,0.0,0.001040624479002623,146171.2488689735,52.281035377852156
2781,0.04562070755704306,1.0,0.0,0.001040624479002623,146171.2488689735,52.281035377852156
2782,0.04562070755704306,1.0,0.0,0.001040624479002623,146171.2488689735,52.281035377852156
2783,0.04562070755704306,1.0,0.0,0.001040624479002623,146171.2488689735,52.281035377852156
2784,0.04562070755704306,1.0,0.0,0.001040624479002623,146171.2488689735,52.281035377852156
2785,0.04562070755704306,1.0,0.0,0.001040624479002623,146171.2488689735,52.281035377852156
2786,0.04562070755704306,1.0,0.0,0.001040624479002623,146171.2488689735,52.281035377852156
2787,0.04562070755704306,1.0,0.0,0.001040624479002623,146171.2488689735,52.281035377852156
2788,0.04562070755704306,1.0,0.0,0.001040624479002623,146171.2488689735,52.281035377852156
2789,0.04562070755704306,1.0,0.0,0.001040624479002623,146171.2488689735,52.281035377852156
2790,0.04562070755704306,1.0,0.0,0.001040624479002623,146171.2488689735,52.281035377852156
2791,0.04562070755704306,1.0,0.0,0.001040624479002623,146171.2488689735,52.281035377852156
2792,0.04562070755704306,1.0,0.0,0.001040624479002623,146171.2488689735,52.281035377852156
2793,0.04562070755704306,1.0,0.0,0.001040624479002623,146171.2488689735,52.281035377852156
2794,0.04562070755704306,1.0,0.0,0.001040624479002623,146171.2488689735,52.281035377852156
2795,0.04562070755704306,1.0,0.0,0.001040624479002623,146171.2488689735,52.281035377852156
2796,0.04562070755704306,1.0,0.0,0.001040624479002623,146171.2488689735,52.281035377852156
2797,0.04562070755704306,1.0,0.0,0.001040624479002623,146171.2488689735,52.281035377852156
2798,0.04562070755704306,1.0,0.0,0.001040624479002623,146171.2488689735,52.281035377852156
2799,0.04562070755704306,1.0,0.0,0.001040624479002623,146171.2488689735,52.281035377852156
2800,0.04562070755704306,1.0,0.0,0.001040624479002623,146171.2488689735,52.281035377852156
2801,0.04562070755704306,1.0,0.0,0.001040624479002623,146171.2488689735,52.281035377852156
2802,0.04562070755704306,1.0,0.0,0.001040624479002623,146171.2488689735,52.281035377852156
2803,0.04562070755704306,1.0,0.0,0.001040624479002623,146171.2488689735,52.281035377852156
2804,0.04562070755704306,1.0,0.0,0.001040624479002623,146171.2488689735,52.281035377852156
2805,0.04562070755704306,1.0,0.0,0.001040624479002623,146171.2488689735,52.281035377852156
2806,0.04562070755704306,1.0,0.0,0.001040624479002623,146171.2488689735,52.281035377852156
2807,0.04562070755704306,1.0,0.0,0.001040624479002623,146171.2488689735,52.281035377852156
2808,0.04562070755704306,1.0,0.0,0.001040624479002623,146171.2488689735,52.281035377852156
2809,0.04562070755704306,1.0,0.0,0.001040624479002623,146171.2488689735,52.281035377852156
2810,0.04562070755704306,1.0,0.0,0.001040624479002623,146171.2488689735,52.281035377852156
2811,0.04562070755704306,1.0,0.0,0.001040624479002623,146171.2488689735,52.281035377852156
2812,0.04562070755704306,1.0,0.0,0.001040624479002623,146171.2488689735,52.281035377852156
2813,0.04562070755704306,1.0,0.0,0.001040624479002623,146171.2488689735,52.281035377852156
2814,0.04562070755704306,1.0,0.0,0.001040624479002623,146171.2488689735,52.281035377852156
2815,0.04562070755704306,1.0,0.0,0.001040624479002623,146171.2488689735,52.281035377852156
2816,0.04562070755704306,1.0,0.0,0.001040624479002623,146171.2488689735,52.281035377852156
2817,0.04562070755704306,1.0,0.0,0.001040624479002623,146171.2488689735,52.281035377852156
2818,0.04562070755704306,1.0,0.0,0.001040624479002623,146171.2488689735,52.281035377852156
2819,0.04562070755704306,1.0,0.0,0.001040624479002623,146171.2488689735,52.281035377852156
2820,0.04562070755704306,1.0,0.0,0.001040624479002623,146171.2488689735,52.281035377852156
2821,0.04562070755704306,1.0,0.0,0.001040624479002623,146171.2488689735,52.281035377852156
2822,0.04562070755704306,1.0,0.0,0.001040624479002623,146171.2488689735,52.281035377852156
2823,0.04562070755704306,1.0,0.0,0.001040624479002623,146171.2488689735,52.281035377852156
2824,0.04562070755704306,1.0,0.0,0.001040624479002623,146171.2488689735,52.281035377852156
2825,0.04562070755704306,1.0,0.0,0.001040624479002623,146171.2488689735,52.281035377852156
2826,0.04562070755704306,1.0,0.0,0.001040624479002623,146171.2488689735,52.281035377852156
2827,0.04562070755704306,1.0,0.0,0.001040624479002623,146171.2488689735,52.281035377852156
2828,0.04562070755704306,1.0,0.0,0.001040624479002623,146171.2488689735,52.281035377852156
2829,0.04562070755704306,1.0,0.0,0.001040624479002623,146171.2488689735,52.281035377852156
2830,0.04562070755704306,1.0,0.0,0.001040624479002623,146171.2488689735,52.281035377852156
2831,0.04562070755704306,1.0,0.0,0.001040624479002623,146171.2488689735,52.281035377852156
2832,0.04562070755704306,1.0,0.0,0.001040624479002623,146171.2488689735,52.281035377852156
2833,0.04562070755704306,1.0,0.0,0.001040624479002623,146171.2488689735,52.281035377852156
2834,0.04562070755704306,1.0,0.0,0.001040624479002623,146171.2488689735,52.281035377852156
2835,0.04562070755704306,1.0,0.0,0.001040624479002623,146171.2488689735,52.281035377852156
2836,0.04562070755704306,1.0,0.0,0.001040624479002623,146171.2488689735,52.281035377852156
2837,0.04562070755704306,1.0,0.0,0.001040624479002623,146171.2488689735,52.281035377852156
2838,0.04562070755704306,1.0,0.0,0.001040624479002623,146171.2488689735,52.281035377852156
2839,0.04562070755704306,1.0,0.0,0.001040624479002623,146171.2488689735,52.281035377852156
2840,0.04562070755704306,1.0,0.0,0.001040624479002623,146171.2488689735,52.281035377852156
2841,0.04562070755704306,1.0,0.0,0.001040624479002623,146171.2488689735,52.281035377852156
2842,0.04562070755704306,1.0,0.0,0.001040624479002623,146171.2488689735,52.281035377852156
2843,0.04562070755704306,1.0,0.0,0.001040624479002623,146171.2488689735,52.281035377852156
2844,0.04562070755704306,1.0,0.0,0.001040624479002623,146171.2488689735,52.281035377852156
2845,0.04562070755704306,1.0,0.0,0.001040624479002623,146171.2488689735,52.281035377852156
2846,0.04562070755704306,1.0,0.0,0.001040624479002623,146171.2488689735,52.281035377852156
2847,0.04562070755704306,1.0,0.0,0.001040624479002623,146171.2488689735,52.281035377852156
2848,0.04562070755704306,1.0,0.0,0.001040624479002623,146171.2488689735,52.281035377852156
2849,0.04562070755704306,1.0,0.0,0.001040624479002623,146171.2488689735,52.281035377852156
2850,0.04562070755704306,1.0,0.0,0.001040624479002623,146171.2488689735,52.281035377852156
2851,0.04562070755704306,1.0,0.0,0.001040624479002623,146171.2488689735,52.281035377852156
2852,0.04562070755704306,1.0,0.0,0.001040624479002623,146171.2488689735,52.281035377852156
2853,0.04562070755704306,1.0,0.0,0.001040624479002623,146171.2488689735,52.281035377852156
2854,0.04562070755704306,1.0,0.0,0.001040624479002623,146171.2488689735,52.281035377852156
2855,0.04562070755704306,1.0,0.0,0.001040624479002623,146171.2488689735,52.281035377852156
2856,0.04562070755704306,1.0,0.0,0.001040624479002623,146171.2488689735,52.281035377852156
2857,0.04562070755704306,1.0,0.0,0.001040624479002623,146171.2488689735,52.281035377852156
2858,0.04562070755704306,1.0,0.0,0.001040624479002623,146171.2488689735,52.281035377852156
2859,0.04562070755704306,1.0,0.0,0.001040624479002623,146171.2488689735,52.281035377852156
2860,0.04562070755704306,1.0,0.0,0.001040624479002623,146171.2488689735,52.281035377852156
2861,0.04562070755704306,1.0,0.0,0.001040624479002623,146171.2488689735,52.281035377852156
2862,0.04562070755704306,1.0,0.0,0.001040624479002623,146171.2488689735,52.281035377852156
2863,0.04562070755704306,1.0,0.0,0.001040624479002623,146171.2488689735,52.281035377852156
2864,0.04562070755704306,1.0,0.0,0.001040624479002623,146171.2488689735,52.281035377852156
2865,0.04562070755704306,1.0,0.0,0.001040624479002623,146171.2488689735,52.281035377852156
2866,0.04562070755704306,1.0,0.0,0.001040624479002623,146171.2488689735,52.281035377852156
2867,0.04562070755704306,1.0,0.0,0.001040624479002623,146171.2488689735,52.281035377852156
2868,0.04562070755704306,1.0,0.0,0.001040624479002623,146171.2488689735,52.281035377852156
2869,0.04562070755704306,1.0,0.0,0.001040624479002623,146171.2488689735,52.281035377852156
2870,0.04562070755704306,1.0,0.0,0.001040624479002623,146171.2488689735,52.281035377852156
2871,0.04562070755704306,1.0,0.0,0.001040624479002623,146171.2488689735,52.281035377852156
2872,0.04562070755704306,1.0,0.0,0.001040624479002623,146171.2488689735,52.281035377852156
2873,0.04562070755704306,1.0,0.0,0.001040624479002623,146171.2488689735,52.281035377852156
2874,0.04562070755704306,1.0,0.0,0.001040624479002623,146171.2488689735,52.281035377852156
2875,0.04562070755704306,1.0,0.0,0.001040624479002623,146171.2488689735,52.281035377852156
2876,0.04562070755704306,1.0,0.0,0.001040624479002623,146171.2488689735,52.281035377852156
2877,0.04562070755704306,1.0,0.0,0.001040624479002623,146171.2488689735,52.281035377852156
2878,0.04562070755704306,1.0,0.0,0.001040624479002623,146171.2488689735,52.281035377852156
2879,0.04562070755704306,1.0,0.0,0.001040624479002623,146171.2488689735,52.281035377852156
2880,0.04562070755704306,1.0,0.0,0.001040624479002623,146171.2488689735,52.281035377852156
2881,0.04562070755704306,1.0,0.0,0.001040624479002623,146171.2488689735,52.281035377852156
2882,0.04562070755704306,1.0,0.0,0.001040624479002623,146171.2488689735,52.281035377852156
2883,0.04562070755704306,1.0,0.0,0.001040624479002623,146171.2488689735,52.281035377852156
2884,0.04562070755704306,1.0,0.0,0.001040624479002623,146171.2488689735,52.281035377852156
2885,0.04562070755704306,1.0,0.0,0.001040624479002623,146171.2488689735,52.281035377852156
2886,0.04562070755704306,1.0,0.0,0.001040624479002623,146171.2488689735,52.281035377852156
2887,0.04562070755704306,1.0,0.0,0.001040624479002623,146171.2488689735,52.281035377852156
2888,0.04562070755704306,1.0,0.0,0.001040624479002623,146171.2488689735,52.281035377852156
2889,0.04562070755704306,1.0,0.0,0.001040624479002623,146171.2488689735,52.281035377852156
2890,0.04562070755704306,1.0,0.0,0.001040624479002623,146171.2488689735,52.281035377852156
2891,0.04562070755704306,1.0,0.0,0.001040624479002623,146171.2488689735,52.281035377852156
2892,0.04562070755704306,1.0,0.0,0.001040624479002623,146171.2488689735,52.281035377852156
2893,0.04562070755704306,1.0,0.0,0.001040624479002623,146171.2488689735,52.281035377852156
2894,0.04562070755704306,1.0,0.0,0.001040624479002623,146171.2488689735,52.281035377852156
2895,0.04562070755704306,1.0,0.0,0.001040624479002623,146171.2488689735,52.281035377852156
2896,0.04562070755704306,1.0,0.0,0.001040624479002623,146171.2488689735,52.281035377852156
2897,0.04562070755704306,1.0,0.0,0.001040624479002623,146171.2488689735,52.281035377852156
2898,0.04562070755704306,1.0,0.0,0.001040624479002623,146171.2488689735,52.281035377852156
2899,0.04562070755704306,1.0,0.0,0.001040624479002623,146171.2488689735,52.281035377852156
2900,0.04562070755704306,1.0,0.0,0.001040624479002623,146171.2488689735,52.281035377852156
2901,0.04562070755704306,1.0,0.0,0.001040624479002623,146171.2488689735,52.281035377852156
2902,0.04562070755704306,1.0,0.0,0.001040624479002623,146171.2488689735,52.281035377852156
2903,0.04562070755704306,1.0,0.0,0.001040624479002623,146171.2488689735,52.281035377852156
2904,0.04562070755704306,1.0,0.0,0.001040624479002623,146171.2488689735,52.281035377852156
2905,0.04562070755704306,1.0,0.0,0.001040624479002623,146171.2488689735,52.281035377852156
2906,0.04562070755704306,1.0,0.0,0.001040624479002623,146171.2488689735,52.281035377852156
2907,0.04562070755704306,1.0,0.0,0.001040624479002623,146171.2488689735,52.281035377852156
2908,0.04562070755704306,1.0,0.0,0.001040624479002623,146171.2488689735,52.281035377852156
2909,0.04562070755704306,1.0,0.0,0.001040624479002623,146171.2488689735,52.281035377852156
2910,0.04562070755704306,1.0,0.0,0.001040624479002623,146171.2488689735,52.281035377852156
2911,0.04562070755704306,1.0,0.0,0.001040624479002623,146171.2488689735,52.281035377852156
2912,0.04562070755704306,1.0,0.0,0.001040624479002623,146171.2488689735,52.281035377852156
2913,0.04562070755704306,1.0,0.0,0.001040624479002623,146171.2488689735,52.281035377852156
2914,0.04562070755704306,1.0,0.0,0.001040624479002623,146171.2488689735,52.281035377852156
2915,0.04562070755704306,1.0,0.0,0.001040624479002623,146171.2488689735,52.281035377852156
2916,0.04562070755704306,1.0,0.0,0.001040624479002623,146171.2488689735,52.281035377852156
2917,0.04562070755704306,1.0,0.0,0.001040624479002623,146171.2488689735,52.281035377852156
2918,0.04562070755704306,1.0,0.0,0.001040624479002623,146171.2488689735,52.281035377852156
2919,0.04562070755704306,1.0,0.0,0.001040624479002623,146171.2488689735,52.281035377852156
2920,0.04562070755704306,1.0,0.0,0.001040624479002623,146171.2488689735,52.281035377852156
2921,0.04562070755704306,1.0,0.0,0.001040624479002623,146171.2488689735,52.281035377852156
2922,0.04562070755704306,1.0,0.0,0.001040624479002623,146171.2488689735,52.281035377852156
2923,0.04562070755704306,1.0,0.0,0.001040624479002623,146171.2488689735,52.281035377852156
2924,0.04562070755704306,1.0,0.0,0.001040624479002623,146171.2488689735,52.281035377852156
2925,0.04562070755704306,1.0,0.0,0.001040624479002623,146171.2488689735,52.281035377852156
2926,0.04562070755704306,1.0,0.0,0.001040624479002623,146171.2488689735,52.281035377852156
2927,0.04562070755704306,1.0,0.0,0.001040624479002623,146171.2488689735,52.281035377852156
2928,0.04562070755704306,1.0,0.0,0.001040624479002623,146171.2488689735,52.281035377852156
2929,0.04562070755704306,1.0,0.0,0.001040624479002623,146171.2488689735,52.281035377852156
2930,0.04562070755704306,1.0,0.0,0.001040624479002623,146171.2488689735,52.281035377852156
2931,0.04562070755704306,1.0,0.0,0.001040624479002623,146171.2488689735,52.281035377852156
2932,0.04562070755704306,1.0,0.0,0.001040624479002623,146171.2488689735,52.281035377852156
2933,0.04562070755704306,1.0,0.0,0.001040624479002623,146171.2488689735,52.281035377852156
2934,0.04562070755704306,1.0,0.0,0.001040624479002623,146171.2488689735,52.281035377852156
2935,0.04562070755704306,1.0,0.0,0.001040624479002623,146171.2488689735,52.281035377852156
2936,0.04562070755704306,1.0,0.0,0.001040624479002623,146171.2488689735,52.281035377852156
2937,0.04562070755704306,1.0,0.0,0.001040624479002623,146171.2488689735,52.281035377852156
2938,0.04562070755704306,1.0,0.0,0.001040624479002623,146171.2488689735,52.281035377852156
2939,0.04562070755704306,1.0,0.0,0.001040624479002623,146171.2488689735,52.281035377852156
2940,0.04562070755704306,1.0,0.0,0.001040624479002623,146171.2488689735,52.281035377852156
2941,0.04562070755704306,1.0,0.0,0.001040624479002623,146171.2488689735,52.281035377852156
2942,0.04562070755704306,1.0,0.0,0.001040624479002623,146171.2488689735,52.281035377852156
2943,0.04562070755704306,1.0,0.0,0.001040624479002623,146171.2488689735,52.281035377852156
2944,0.04562070755704306,1.0,0.0,0.001040624479002623,146171.2488689735,52.281035377852156
2945,0.04562070755704306,1.0,0.0,0.001040624479002623,146171.2488689735,52.281035377852156
2946,0.04562070755704306,1.0,0.0,0.001040624479002623,146171.2488689735,52.281035377852156
2947,0.04562070755704306,1.0,0.0,0.001040624479002623,146171.2488689735,52.281035377852156
2948,0.04562070755704306,1.0,0.0,0.001040624479002623,146171.2488689735,52.281035377852156
2949,0.04562070755704306,1.0,0.0,0.001040624479002623,146171.2488689735,52.281035377852156
2950,0.04562070755704306,1.0,0.0,0.001040624479002623,146171.2488689735,52.281035377852156
2951,0.04562070755704306,1.0,0.0,0.001040624479002623,146171.2488689735,52.281035377852156
2952,0.04562070755704306,1.0,0.0,0.001040624479002623,146171.2488689735,52.281035377852156
2953,0.04562070755704306,1.0,0.0,0.001040624479002623,146171.2488689735,52.281035377852156
2954,0.04562070755704306,1.0,0.0,0.001040624479002623,146171.2488689735,52.281035377852156
2955,0.04562070755704306,1.0,0.0,0.001040624479002623,146171.2488689735,52.281035377852156
2956,0.04562070755704306,1.0,0.0,0.001040624479002623,146171.2488689735,52.281035377852156
2957,0.04562070755704306,1.0,0.0,0.001040624479002623,146171.2488689735,52.281035377852156
2958,0.04562070755704306,1.0,0.0,0.001040624479002623,146171.2488689735,52.281035377852156
2959,0.04562070755704306,1.0,0.0,0.001040624479002623,146171.2488689735,52.281035377852156
2960,0.04562070755704306,1.0,0.0,0.001040624479002623,146171.2488689735,52.281035377852156
2961,0.04562070755704306,1.0,0.0,0.001040624479002623,146171.2488689735,52.281035377852156
2962,0.04562070755704306,1.0,0.0,0.001040624479002623,146171.2488689735,52.281035377852156
2963,0.04562070755704306,1.0,0.0,0.001040624479002623,146171.2488689735,52.281035377852156
2964,0.04562070755704306,1.0,0.0,0.001040624479002623,146171.2488689735,52.281035377852156
2965,0.04562070755704306,1.0,0.0,0.001040624479002623,146171.2488689735,52.281035377852156
2966,0.04562070755704306,1.0,0.0,0.001040624479002623,146171.2488689735,52.281035377852156
2967,0.04562070755704306,1.0,0.0,0.001040624479002623,146171.2488689735,52.281035377852156
2968,0.04562070755704306,1.0,0.0,0.001040624479002623,146171.2488689735,52.281035377852156
2969,0.04562070755704306,1.0,0.0,0.001040624479002623,146171.2488689735,52.281035377852156
2970,0.04562070755704306,1.0,0.0,0.001040624479002623,146171.2488689735,52.281035377852156
2971,0.04562070755704306,1.0,0.0,0.001040624479002623,146171.2488689735,52.281035377852156
2972,0.04562070755704306,1.0,0.0,0.001040624479002623,146171.2488689735,52.281035377852156
2973,0.04562070755704306,1.0,0.0,0.001040624479002623,146171.2488689735,52.281035377852156
2974,0.04562070755704306,1.0,0.0,0.001040624479002623,146171.2488689735,52.281035377852156
2975,0.04562070755704306,1.0,0.0,0.001040624479002623,146171.2488689735,52.281035377852156
2976,0.04562070755704306,1.0,0.0,0.001040624479002623,146171.2488689735,52.281035377852156
2977,0.04562070755704306,1.0,0.0,0.001040624479002623,146171.2488689735,52.281035377852156
2978,0.04562070755704306,1.0,0.0,0.001040624479002623,146171.2488689735,52.281035377852156
2979,0.04562070755704306,1.0,0.0,0.001040624479002623,146171.2488689735,52.281035377852156
2980,0.04562070755704306,1.0,0.0,0.001040624479002623,146171.2488689735,52.281035377852156
2981,0.04562070755704306,1.0,0.0,0.001040624479002623,146171.2488689735,52.281035377852156
2982,0.04562070755704306,1.0,0.0,0.001040624479002623,146171.2488689735,52.281035377852156
2983,0.04562070755704306,1.0,0.0,0.001040624479002623,146171.2488689735,52.281035377852156
2984,0.04562070755704306,1.0,0.0,0.001040624479002623,146171.2488689735,52.281035377852156
2985,0.04562070755704306,1.0,0.0,0.001040624479002623,146171.2488689735,52.281035377852156
2986,0.04562070755704306,1.0,0.0,0.001040624479002623,146171.2488689735,52.281035377852156
2987,0.04562070755704306,1.0,0.0,0.001040624479002623,146171.2488689735,52.281035377852156
2988,0.04562070755704306,1.0,0.0,0.001040624479002623,146171.2488689735,52.281035377852156
2989,0.04562070755704306,1.0,0.0,0.001040624479002623,146171.2488689735,52.281035377852156
2990,0.04562070755704306,1.0,0.0,0.001040624479002623,146171.2488689735,52.281035377852156
2991,0.04562070755704306,1.0,0.0,0.001040624479002623,146171.2488689735,52.281035377852156
2992,0.04562070755704306,1.0,0.0,0.001040624479002623,146171.2488689735,52.281035377852156
2993,0.04562070755704306,1.0,0.0,0.001040624479002623,146171.2488689735,52.281035377852156
2994,0.04562070755704306,1.0,0.0,0.001040624479002623,146171.2488689735,52.281035377852156
2995,0.04562070755704306,1.0,0.0,0.001040624479002623,146171.2488689735,52.281035377852156
2996,0.04562070755704306,1.0,0.0,0.001040624479002623,146171.2488689735,52.281035377852156
2997,0.04562070755704306,1.0,0.0,0.001040624479002623,146171.2488689735,52.281035377852156
2998,0.04562070755704306,1.0,0.0,0.001040624479002623,146171.2488689735,52.281035377852156
2999,0.04562070755704306,1.0,0.0,0.001040624479002623,146171.2488689735,52.281035377852156
3000,0.04562070755704306,1.0,0.0,0.001040624479002623,146171.2488689735,52.281035377852156
3001,0.04562070755704306,1.0,0.0,0.001040624479002623,146171.2488689735,52.281035377852156
3002,0.04562070755704306,1.0,0.0,0.001040624479002623,146171.2488689735,52.281035377852156
3003,0.04562070755704306,1.0,0.0,0.001040624479002623,146171.2488689735,52.281035377852156
3004,0.04562070755704306,1.0,0.0,0.001040624479002623,146171.2488689735,52.281035377852156
3005,0.04562070755704306,1.0,0.0,0.001040624479002623,146171.2488689735,52.281035377852156
3006,0.04562070755704306,1.0,0.0,0.001040624479002623,146171.2488689735,52.281035377852156
3007,0.04562070755704306,1.0,0.0,0.001040624479002623,146171.2488689735,52.281035377852156
3008,0.04562070755704306,1.0,0.0,0.001040624479002623,146171.2488689735,52.281035377852156
3009,0.04562070755704306,1.0,0.0,0.001040624479002623,146171.2488689735,52.281035377852156
3010,0.04562070755704306,1.0,0.0,0.001040624479002623,146171.2488689735,52.281035377852156
3011,0.04562070755704306,1.0,0.0,0.001040624479002623,146171.2488689735,52.281035377852156
3012,0.04562070755704306,1.0,0.0,0.001040624479002623,146171.2488689735,52.281035377852156
3013,0.04562070755704306,1.0,0.0,0.001040624479002623,146171.2488689735,52.281035377852156
3014,0.04562070755704306,1.0,0.0,0.001040624479002623,146171.2488689735,52.281035377852156
3015,0.04562070755704306,1.0,0.0,0.001040624479002623,146171.2488689735,52.281035377852156
3016,0.04562070755704306,1.0,0.0,0.001040624479002623,146171.2488689735,52.281035377852156
3017,0.04562070755704306,1.0,0.0,0.001040624479002623,146171.2488689735,52.281035377852156
3018,0.04562070755704306,1.0,0.0,0.001040624479002623,146171.2488689735,52.281035377852156
3019,0.04562070755704306,1.0,0.0,0.001040624479002623,146171.2488689735,52.281035377852156
3020,0.04562070755704306,1.0,0.0,0.001040624479002623,146171.2488689735,52.281035377852156
3021,0.04562070755704306,1.0,0.0,0.001040624479002623,146171.2488689735,52.281035377852156
3022,0.04562070755704306,1.0,0.0,0.001040624479002623,146171.2488689735,52.281035377852156
3023,0.04562070755704306,1.0,0.0,0.001040624479002623,146171.2488689735,52.281035377852156
3024,0.04562070755704306,1.0,0.0,0.001040624479002623,146171.2488689735,52.281035377852156
3025,0.04562070755704306,1.0,0.0,0.001040624479002623,146171.2488689735,52.281035377852156
3026,0.04562070755704306,1.0,0.0,0.001040624479002623,146171.2488689735,52.281035377852156
3027,0.04562070755704306,1.0,0.0,0.001040624479002623,146171.2488689735,52.281035377852156
3028,0.04562070755704306,1.0,0.0,0.001040624479002623,146171.2488689735,52.281035377852156
3029,0.04562070755704306,1.0,0.0,0.001040624479002623,146171.2488689735,52.281035377852156
3030,0.04562070755704306,1.0,0.0,0.001040624479002623,146171.2488689735,52.281035377852156
3031,0.04562070755704306,1.0,0.0,0.001040624479002623,146171.2488689735,52.281035377852156
3032,0.04562070755704306,1.0,0.0,0.001040624479002623,146171.2488689735,52.281035377852156
3033,0.04562070755704306,1.0,0.0,0.001040624479002623,146171.2488689735,52.281035377852156
3034,0.04562070755704306,1.0,0.0,0.001040624479002623,146171.2488689735,52.281035377852156
3035,0.04562070755704306,1.0,0.0,0.001040624479002623,146171.2488689735,52.281035377852156
3036,0.04562070755704306,1.0,0.0,0.001040624479002623,146171.2488689735,52.281035377852156
3037,0.04562070755704306,1.0,0.0,0.001040624479002623,146171.2488689735,52.281035377852156
3038,0.04562070755704306,1.0,0.0,0.001040624479002623,146171.2488689735,52.281035377852156
3039,0.04562070755704306,1.0,0.0,0.001040624479002623,146171.2488689735,52.281035377852156
3040,0.04562070755704306,1.0,0.0,0.001040624479002623,146171.2488689735,52.281035377852156
3041,0.04562070755704306,1.0,0.0,0.001040624479002623,146171.2488689735,52.281035377852156
3042,0.04562070755704306,1.0,0.0,0.001040624479002623,146171.2488689735,52.281035377852156
3043,0.04562070755704306,1.0,0.0,0.001040624479002623,146171.2488689735,52.281035377852156
3044,0.04562070755704306,1.0,0.0,0.001040624479002623,146171.2488689735,52.281035377852156
3045,0.04562070755704306,1.0,0.0,0.001040624479002623,146171.2488689735,52.281035377852156
3046,0.04562070755704306,1.0,0.0,0.001040624479002623,146171.2488689735,52.281035377852156
3047,0.04562070755704306,1.0,0.0,0.001040624479002623,146171.2488689735,52.281035377852156
3048,0.04562070755704306,1.0,0.0,0.001040624479002623,146171.2488689735,52.281035377852156
3049,0.04562070755704306,1.0,0.0,0.001040624479002623,146171.2488689735,52.281035377852156
3050,0.04562070755704306,1.0,0.0,0.001040624479002623,146171.2488689735,52.281035377852156
3051,0.04562070755704306,1.0,0.0,0.001040624479002623,146171.2488689735,52.281035377852156
3052,0.04562070755704306,1.0,0.0,0.001040624479002623,146171.2488689735,52.281035377852156
3053,0.04562070755704306,1.0,0.0,0.001040624479002623,146171.2488689735,52.281035377852156
3054,0.04562070755704306,1.0,0.0,0.001040624479002623,146171.2488689735,52.281035377852156
3055,0.04562070755704306,1.0,0.0,0.001040624479002623,146171.2488689735,52.281035377852156
3056,0.04562070755704306,1.0,0.0,0.001040624479002623,146171.2488689735,52.281035377852156
3057,0.04562070755704306,1.0,0.0,0.001040624479002623,146171.2488689735,52.281035377852156
3058,0.04562070755704306,1.0,0.0,0.001040624479002623,146171.2488689735,52.281035377852156
3059,0.04562070755704306,1.0,0.0,0.001040624479002623,146171.2488689735,52.281035377852156
3060,0.04562070755704306,1.0,0.0,0.001040624479002623,146171.2488689735,52.281035377852156
3061,0.04562070755704306,1.0,0.0,0.001040624479002623,146171.2488689735,52.281035377852156
3062,0.04562070755704306,1.0,0.0,0.001040624479002623,146171.2488689735,52.281035377852156
3063,0.04562070755704306,1.0,0.0,0.001040624479002623,146171.2488689735,52.281035377852156
3064,0.04562070755704306,1.0,0.0,0.001040624479002623,146171.2488689735,52.281035377852156
3065,0.04562070755704306,1.0,0.0,0.001040624479002623,146171.2488689735,52.281035377852156
3066,0.04562070755704306,1.0,0.0,0.001040624479002623,146171.2488689735,52.281035377852156
3067,0.04562070755704306,1.0,0.0,0.001040624479002623,146171.2488689735,52.281035377852156
3068,0.04562070755704306,1.0,0.0,0.001040624479002623,146171.2488689735,52.281035377852156
3069,0.04562070755704306,1.0,0.0,0.001040624479002623,146171.2488689735,52.281035377852156
3070,0.04562070755704306,1.0,0.0,0.001040624479002623,146171.2488689735,52.281035377852156
3071,0.04562070755704306,1.0,0.0,0.001040624479002623,146171.2488689735,52.281035377852156
3072,0.04562070755704306,1.0,0.0,0.001040624479002623,146171.2488689735,52.281035377852156
3073,0.04562070755704306,1.0,0.0,0.001040624479002623,146171.2488689735,52.281035377852156
3074,0.04562070755704306,1.0,0.0,0.001040624479002623,146171.2488689735,52.281035377852156
3075,0.04562070755704306,1.0,0.0,0.001040624479002623,146171.2488689735,52.281035377852156
3076,0.04562070755704306,1.0,0.0,0.001040624479002623,146171.2488689735,52.281035377852156
3077,0.04562070755704306,1.0,0.0,0.001040624479002623,146171.2488689735,52.281035377852156
3078,0.04562070755704306,1.0,0.0,0.001040624479002623,146171.2488689735,52.281035377852156
3079,0.04562070755704306,1.0,0.0,0.001040624479002623,146171.2488689735,52.281035377852156
3080,0.04562070755704306,1.0,0.0,0.001040624479002623,146171.2488689735,52.281035377852156
3081,0.04562070755704306,1.0,0.0,0.001040624479002623,146171.2488689735,52.281035377852156
3082,0.04562070755704306,1.0,0.0,0.001040624479002623,146171.2488689735,52.281035377852156
3083,0.04562070755704306,1.0,0.0,0.001040624479002623,146171.2488689735,52.281035377852156
3084,0.04562070755704306,1.0,0.0,0.001040624479002623,146171.2488689735,52.281035377852156
3085,0.04562070755704306,1.0,0.0,0.001040624479002623,146171.2488689735,52.281035377852156
3086,0.04562070755704306,1.0,0.0,0.001040624479002623,146171.2488689735,52.281035377852156
3087,0.04562070755704306,1.0,0.0,0.001040624479002623,146171.2488689735,52.281035377852156
3088,0.04562070755704306,1.0,0.0,0.001040624479002623,146171.2488689735,52.281035377852156
3089,0.04562070755704306,1.0,0.0,0.001040624479002623,146171.2488689735,52.281035377852156
3090,0.04562070755704306,1.0,0.0,0.001040624479002623,146171.2488689735,52.281035377852156
3091,0.04562070755704306,1.0,0.0,0.001040624479002623,146171.2488689735,52.281035377852156
3092,0.04562070755704306,1.0,0.0,0.001040624479002623,146171.2488689735,52.281035377852156
3093,0.04562070755704306,1.0,0.0,0.001040624479002623,146171.2488689735,52.281035377852156
3094,0.04562070755704306,1.0,0.0,0.001040624479002623,146171.2488689735,52.281035377852156
3095,0.04562070755704306,1.0,0.0,0.001040624479002623,146171.2488689735,52.281035377852156
3096,0.04562070755704306,1.0,0.0,0.001040624479002623,146171.2488689735,52.281035377852156
3097,0.04562070755704306,1.0,0.0,0.001040624479002623,146171.2488689735,52.281035377852156
3098,0.04562070755704306,1.0,0.0,0.001040624479002623,146171.2488689735,52.281035377852156
3099,0.04562070755704306,1.0,0.0,0.001040624479002623,146171.2488689735,52.281035377852156
3100,0.04562070755704306,1.0,0.0,0.001040624479002623,146171.2488689735,52.281035377852156
3101,0.04562070755704306,1.0,0.0,0.001040624479002623,146171.2488689735,52.281035377852156
3102,0.04562070755704306,1.0,0.0,0.001040624479002623,146171.2488689735,52.281035377852156
3103,0.04562070755704306,1.0,0.0,0.001040624479002623,146171.2488689735,52.281035377852156
3104,0.04562070755704306,1.0,0.0,0.001040624479002623,146171.2488689735,52.281035377852156
3105,0.04562070755704306,1.0,0.0,0.001040624479002623,146171.2488689735,52.281035377852156
3106,0.04562070755704306,1.0,0.0,0.001040624479002623,146171.2488689735,52.281035377852156
3107,0.04562070755704306,1.0,0.0,0.001040624479002623,146171.2488689735,52.281035377852156
3108,0.04562070755704306,1.0,0.0,0.001040624479002623,146171.2488689735,52.281035377852156
3109,0.04562070755704306,1.0,0.0,0.001040624479002623,146171.2488689735,52.281035377852156
3110,0.04562070755704306,1.0,0.0,0.001040624479002623,146171.2488689735,52.281035377852156
3111,0.04562070755704306,1.0,0.0,0.001040624479002623,146171.2488689735,52.281035377852156
3112,0.04562070755704306,1.0,0.0,0.001040624479002623,146171.2488689735,52.281035377852156
3113,0.04562070755704306,1.0,0.0,0.001040624479002623,146171.2488689735,52.281035377852156
3114,0.04562070755704306,1.0,0.0,0.001040624479002623,146171.2488689735,52.281035377852156
3115,0.04562070755704306,1.0,0.0,0.001040624479002623,146171.2488689735,52.281035377852156
3116,0.04562070755704306,1.0,0.0,0.001040624479002623,146171.2488689735,52.281035377852156
3117,0.04562070755704306,1.0,0.0,0.001040624479002623,146171.2488689735,52.281035377852156
3118,0.04562070755704306,1.0,0.0,0.001040624479002623,146171.2488689735,52.281035377852156
3119,0.04562070755704306,1.0,0.0,0.001040624479002623,146171.2488689735,52.281035377852156
3120,0.04562070755704306,1.0,0.0,0.001040624479002623,146171.2488689735,52.281035377852156
3121,0.04562070755704306,1.0,0.0,0.001040624479002623,146171.2488689735,52.281035377852156
3122,0.04562070755704306,1.0,0.0,0.001040624479002623,146171.2488689735,52.281035377852156
3123,0.04562070755704306,1.0,0.0,0.001040624479002623,146171.2488689735,52.281035377852156
3124,0.04562070755704306,1.0,0.0,0.001040624479002623,146171.2488689735,52.281035377852156
3125,0.04562070755704306,1.0,0.0,0.001040624479002623,146171.2488689735,52.281035377852156
3126,0.04562070755704306,1.0,0.0,0.001040624479002623,146171.2488689735,52.281035377852156
3127,0.04562070755704306,1.0,0.0,0.001040624479002623,146171.2488689735,52.281035377852156
3128,0.04562070755704306,1.0,0.0,0.001040624479002623,146171.2488689735,52.281035377852156
3129,0.04562070755704306,1.0,0.0,0.001040624479002623,146171.2488689735,52.281035377852156
3130,0.04562070755704306,1.0,0.0,0.001040624479002623,146171.2488689735,52.281035377852156
3131,0.04562070755704306,1.0,0.0,0.001040624479002623,146171.2488689735,52.281035377852156
3132,0.04562070755704306,1.0,0.0,0.001040624479002623,146171.2488689735,52.281035377852156
3133,0.04562070755704306,1.0,0.0,0.001040624479002623,146171.2488689735,52.281035377852156
3134,0.04562070755704306,1.0,0.0,0.001040624479002623,146171.2488689735,52.281035377852156
3135,0.04562070755704306,1.0,0.0,0.001040624479002623,146171.2488689735,52.281035377852156
3136,0.04562070755704306,1.0,0.0,0.001040624479002623,146171.2488689735,52.281035377852156
3137,0.04562070755704306,1.0,0.0,0.001040624479002623,146171.2488689735,52.281035377852156
3138,0.04562070755704306,1.0,0.0,0.001040624479002623,146171.2488689735,52.281035377852156
3139,0.04562070755704306,1.0,0.0,0.001040624479002623,146171.2488689735,52.281035377852156
3140,0.04562070755704306,1.0,0.0,0.001040624479002623,146171.2488689735,52.281035377852156
3141,0.04562070755704306,1.0,0.0,0.001040624479002623,146171.2488689735,52.281035377852156
3142,0.04562070755704306,1.0,0.0,0.001040624479002623,146171.2488689735,52.281035377852156
3143,0.04562070755704306,1.0,0.0,0.001040624479002623,146171.2488689735,52.281035377852156
3144,0.04562070755704306,1.0,0.0,0.001040624479002623,146171.2488689735,52.281035377852156
3145,0.04562070755704306,1.0,0.0,0.001040624479002623,146171.2488689735,52.281035377852156
3146,0.04562070755704306,1.0,0.0,0.001040624479002623,146171.2488689735,52.281035377852156
3147,0.04562070755704306,1.0,0.0,0.001040624479002623,146171.2488689735,52.281035377852156
3148,0.04562070755704306,1.0,0.0,0.001040624479002623,146171.2488689735,52.281035377852156
3149,0.04562070755704306,1.0,0.0,0.001040624479002623,146171.2488689735,52.281035377852156
3150,0.04562070755704306,1.0,0.0,0.001040624479002623,146171.2488689735,52.281035377852156
3151,0.04562070755704306,1.0,0.0,0.001040624479002623,146171.2488689735,52.281035377852156
3152,0.04562070755704306,1.0,0.0,0.001040624479002623,146171.2488689735,52.281035377852156
3153,0.04562070755704306,1.0,0.0,0.001040624479002623,146171.2488689735,52.281035377852156
3154,0.04562070755704306,1.0,0.0,0.001040624479002623,146171.2488689735,52.281035377852156
3155,0.04562070755704306,1.0,0.0,0.001040624479002623,146171.2488689735,52.281035377852156
3156,0.04562070755704306,1.0,0.0,0.001040624479002623,146171.2488689735,52.281035377852156
3157,0.04562070755704306,1.0,0.0,0.001040624479002623,146171.2488689735,52.281035377852156
3158,0.04562070755704306,1.0,0.0,0.001040624479002623,146171.2488689735,52.281035377852156
3159,0.04562070755704306,1.0,0.0,0.001040624479002623,146171.2488689735,52.281035377852156
3160,0.04562070755704306,1.0,0.0,0.001040624479002623,146171.2488689735,52.281035377852156
3161,0.04562070755704306,1.0,0.0,0.001040624479002623,146171.2488689735,52.281035377852156
3162,0.04562070755704306,1.0,0.0,0.001040624479002623,146171.2488689735,52.281035377852156
3163,0.04562070755704306,1.0,0.0,0.001040624479002623,146171.2488689735,52.281035377852156
3164,0.04562070755704306,1.0,0.0,0.001040624479002623,146171.2488689735,52.281035377852156
3165,0.04562070755704306,1.0,0.0,0.001040624479002623,146171.2488689735,52.281035377852156
3166,0.04562070755704306,1.0,0.0,0.001040624479002623,146171.2488689735,52.281035377852156
3167,0.04562070755704306,1.0,0.0,0.001040624479002623,146171.2488689735,52.281035377852156
3168,0.04562070755704306,1.0,0.0,0.001040624479002623,146171.2488689735,52.281035377852156
3169,0.04562070755704306,1.0,0.0,0.001040624479002623,146171.2488689735,52.281035377852156
3170,0.04562070755704306,1.0,0.0,0.001040624479002623,146171.2488689735,52.281035377852156
3171,0.04562070755704306,1.0,0.0,0.001040624479002623,146171.2488689735,52.281035377852156
3172,0.04562070755704306,1.0,0.0,0.001040624479002623,146171.2488689735,52.281035377852156
3173,0.04562070755704306,1.0,0.0,0.001040624479002623,146171.2488689735,52.281035377852156
3174,0.04562070755704306,1.0,0.0,0.001040624479002623,146171.2488689735,52.281035377852156
3175,0.04562070755704306,1.0,0.0,0.001040624479002623,146171.2488689735,52.281035377852156
3176,0.04562070755704306,1.0,0.0,0.001040624479002623,146171.2488689735,52.281035377852156
3177,0.04562070755704306,1.0,0.0,0.001040624479002623,146171.2488689735,52.281035377852156
3178,0.04562070755704306,1.0,0.0,0.001040624479002623,146171.2488689735,52.281035377852156
3179,0.04562070755704306,1.0,0.0,0.001040624479002623,146171.2488689735,52.281035377852156
3180,0.04562070755704306,1.0,0.0,0.001040624479002623,146171.2488689735,52.281035377852156
3181,0.04562070755704306,1.0,0.0,0.001040624479002623,146171.2488689735,52.281035377852156
3182,0.04562070755704306,1.0,0.0,0.001040624479002623,146171.2488689735,52.281035377852156
3183,0.04562070755704306,1.0,0.0,0.001040624479002623,146171.2488689735,52.281035377852156
3184,0.04562070755704306,1.0,0.0,0.001040624479002623,146171.2488689735,52.281035377852156
3185,0.04562070755704306,1.0,0.0,0.001040624479002623,146171.2488689735,52.281035377852156
3186,0.04562070755704306,1.0,0.0,0.001040624479002623,146171.2488689735,52.281035377852156
3187,0.04562070755704306,1.0,0.0,0.001040624479002623,146171.2488689735,52.281035377852156
3188,0.04562070755704306,1.0,0.0,0.001040624479002623,146171.2488689735,52.281035377852156
3189,0.04562070755704306,1.0,0.0,0.001040624479002623,146171.2488689735,52.281035377852156
3190,0.04562070755704306,1.0,0.0,0.001040624479002623,146171.2488689735,52.281035377852156
3191,0.04562070755704306,1.0,0.0,0.001040624479002623,146171.2488689735,52.281035377852156
3192,0.04562070755704306,1.0,0.0,0.001040624479002623,146171.2488689735,52.281035377852156
3193,0.04562070755704306,1.0,0.0,0.001040624479002623,146171.2488689735,52.281035377852156
3194,0.04562070755704306,1.0,0.0,0.001040624479002623,146171.2488689735,52.281035377852156
3195,0.04562070755704306,1.0,0.0,0.001040624479002623,146171.2488689735,52.281035377852156
3196,0.04562070755704306,1.0,0.0,0.001040624479002623,146171.2488689735,52.281035377852156
3197,0.04562070755704306,1.0,0.0,0.001040624479002623,146171.2488689735,52.281035377852156
3198,0.04562070755704306,1.0,0.0,0.001040624479002623,146171.2488689735,52.281035377852156
3199,0.04562070755704306,1.0,0.0,0.001040624479002623,146171.2488689735,52.281035377852156
3200,0.04562070755704306,1.0,0.0,0.001040624479002623,146171.2488689735,52.281035377852156
3201,0.04562070755704306,1.0,0.0,0.001040624479002623,146171.2488689735,52.281035377852156
3202,0.04562070755704306,1.0,0.0,0.001040624479002623,146171.2488689735,52.281035377852156
3203,0.04562070755704306,1.0,0.0,0.001040624479002623,146171.2488689735,52.281035377852156
3204,0.04562070755704306,1.0,0.0,0.001040624479002623,146171.2488689735,52.281035377852156
3205,0.04562070755704306,1.0,0.0,0.001040624479002623,146171.2488689735,52.281035377852156
3206,0.04562070755704306,1.0,0.0,0.001040624479002623,146171.2488689735,52.281035377852156
3207,0.04562070755704306,1.0,0.0,0.001040624479002623,146171.2488689735,52.281035377852156
3208,0.04562070755704306,1.0,0.0,0.001040624479002623,146171.2488689735,52.281035377852156
3209,0.04562070755704306,1.0,0.0,0.001040624479002623,146171.2488689735,52.281035377852156
3210,0.04562070755704306,1.0,0.0,0.001040624479002623,146171.2488689735,52.281035377852156
3211,0.04562070755704306,1.0,0.0,0.001040624479002623,146171.2488689735,52.281035377852156
3212,0.04562070755704306,1.0,0.0,0.001040624479002623,146171.2488689735,52.281035377852156
3213,0.04562070755704306,1.0,0.0,0.001040624479002623,146171.2488689735,52.281035377852156
3214,0.04562070755704306,1.0,0.0,0.001040624479002623,146171.2488689735,52.281035377852156
3215,0.04562070755704306,1.0,0.0,0.001040624479002623,146171.2488689735,52.281035377852156
3216,0.04562070755704306,1.0,0.0,0.001040624479002623,146171.2488689735,52.281035377852156
3217,0.04562070755704306,1.0,0.0,0.001040624479002623,146171.2488689735,52.281035377852156
3218,0.04562070755704306,1.0,0.0,0.001040624479002623,146171.2488689735,52.281035377852156
3219,0.04562070755704306,1.0,0.0,0.001040624479002623,146171.2488689735,52.281035377852156
3220,0.04562070755704306,1.0,0.0,0.001040624479002623,146171.2488689735,52.281035377852156
3221,0.04562070755704306,1.0,0.0,0.001040624479002623,146171.2488689735,52.281035377852156
3222,0.04562070755704306,1.0,0.0,0.001040624479002623,146171.2488689735,52.281035377852156
3223,0.04562070755704306,1.0,0.0,0.001040624479002623,146171.2488689735,52.281035377852156
3224,0.04562070755704306,1.0,0.0,0.001040624479002623,146171.2488689735,52.281035377852156
3225,0.04562070755704306,1.0,0.0,0.001040624479002623,146171.2488689735,52.281035377852156
3226,0.04562070755704306,1.0,0.0,0.001040624479002623,146171.2488689735,52.281035377852156
3227,0.04562070755704306,1.0,0.0,0.001040624479002623,146171.2488689735,52.281035377852156
3228,0.04562070755704306,1.0,0.0,0.001040624479002623,146171.2488689735,52.281035377852156
3229,0.04562070755704306,1.0,0.0,0.001040624479002623,146171.2488689735,52.281035377852156
3230,0.04562070755704306,1.0,0.0,0.001040624479002623,146171.2488689735,52.281035377852156
3231,0.04562070755704306,1.0,0.0,0.001040624479002623,146171.2488689735,52.281035377852156
3232,0.04562070755704306,1.0,0.0,0.001040624479002623,146171.2488689735,52.281035377852156
3233,0.04562070755704306,1.0,0.0,0.001040624479002623,146171.2488689735,52.281035377852156
3234,0.04562070755704306,1.0,0.0,0.001040624479002623,146171.2488689735,52.281035377852156
3235,0.04562070755704306,1.0,0.0,0.001040624479002623,146171.2488689735,52.281035377852156
3236,0.04562070755704306,1.0,0.0,0.001040624479002623,146171.2488689735,52.281035377852156
3237,0.04562070755704306,1.0,0.0,0.001040624479002623,146171.2488689735,52.281035377852156
3238,0.04562070755704306,1.0,0.0,0.001040624479002623,146171.2488689735,52.281035377852156
3239,0.04562070755704306,1.0,0.0,0.001040624479002623,146171.2488689735,52.281035377852156
3240,0.04562070755704306,1.0,0.0,0.001040624479002623,146171.2488689735,52.281035377852156
3241,0.04562070755704306,1.0,0.0,0.001040624479002623,146171.2488689735,52.281035377852156
3242,0.04562070755704306,1.0,0.0,0.001040624479002623,146171.2488689735,52.281035377852156
3243,0.04562070755704306,1.0,0.0,0.001040624479002623,146171.2488689735,52.281035377852156
3244,0.04562070755704306,1.0,0.0,0.001040624479002623,146171.2488689735,52.281035377852156
3245,0.04562070755704306,1.0,0.0,0.001040624479002623,146171.2488689735,52.281035377852156
3246,0.04562070755704306,1.0,0.0,0.001040624479002623,146171.2488689735,52.281035377852156
3247,0.04562070755704306,1.0,0.0,0.001040624479002623,146171.2488689735,52.281035377852156
3248,0.04562070755704306,1.0,0.0,0.001040624479002623,146171.2488689735,52.281035377852156
3249,0.04562070755704306,1.0,0.0,0.001040624479002623,146171.2488689735,52.281035377852156
3250,0.04562070755704306,1.0,0.0,0.001040624479002623,146171.2488689735,52.281035377852156
3251,0.04562070755704306,1.0,0.0,0.001040624479002623,146171.2488689735,52.281035377852156
3252,0.04562070755704306,1.0,0.0,0.001040624479002623,146171.2488689735,52.281035377852156
3253,0.04562070755704306,1.0,0.0,0.001040624479002623,146171.2488689735,52.281035377852156
3254,0.04562070755704306,1.0,0.0,0.001040624479002623,146171.2488689735,52.281035377852156
3255,0.04562070755704306,1.0,0.0,0.001040624479002623,146171.2488689735,52.281035377852156
3256,0.04562070755704306,1.0,0.0,0.001040624479002623,146171.2488689735,52.281035377852156
3257,0.04562070755704306,1.0,0.0,0.001040624479002623,146171.2488689735,52.281035377852156
3258,0.04562070755704306,1.0,0.0,0.001040624479002623,146171.2488689735,52.281035377852156
3259,0.04562070755704306,1.0,0.0,0.001040624479002623,146171.2488689735,52.281035377852156
3260,0.04562070755704306,1.0,0.0,0.001040624479002623,146171.2488689735,52.281035377852156
3261,0.04562070755704306,1.0,0.0,0.001040624479002623,146171.2488689735,52.281035377852156
3262,0.04562070755704306,1.0,0.0,0.001040624479002623,146171.2488689735,52.281035377852156
3263,0.04562070755704306,1.0,0.0,0.001040624479002623,146171.2488689735,52.281035377852156
3264,0.04562070755704306,1.0,0.0,0.001040624479002623,146171.2488689735,52.281035377852156
3265,0.04562070755704306,1.0,0.0,0.001040624479002623,146171.2488689735,52.281035377852156
3266,0.04562070755704306,1.0,0.0,0.001040624479002623,146171.2488689735,52.281035377852156
3267,0.04562070755704306,1.0,0.0,0.001040624479002623,146171.2488689735,52.281035377852156
3268,0.04562070755704306,1.0,0.0,0.001040624479002623,146171.2488689735,52.281035377852156
3269,0.04562070755704306,1.0,0.0,0.001040624479002623,146171.2488689735,52.281035377852156
3270,0.04562070755704306,1.0,0.0,0.001040624479002623,146171.2488689735,52.281035377852156
3271,0.04562070755704306,1.0,0.0,0.001040624479002623,146171.2488689735,52.281035377852156
3272,0.04562070755704306,1.0,0.0,0.001040624479002623,146171.2488689735,52.281035377852156
3273,0.04562070755704306,1.0,0.0,0.001040624479002623,146171.2488689735,52.281035377852156
3274,0.04562070755704306,1.0,0.0,0.001040624479002623,146171.2488689735,52.281035377852156
3275,0.04562070755704306,1.0,0.0,0.001040624479002623,146171.2488689735,52.281035377852156
3276,0.04562070755704306,1.0,0.0,0.001040624479002623,146171.2488689735,52.281035377852156
3277,0.04562070755704306,1.0,0.0,0.001040624479002623,146171.2488689735,52.281035377852156
3278,0.04562070755704306,1.0,0.0,0.001040624479002623,146171.2488689735,52.281035377852156
3279,0.04562070755704306,1.0,0.0,0.001040624479002623,146171.2488689735,52.281035377852156
3280,0.04562070755704306,1.0,0.0,0.001040624479002623,146171.2488689735,52.281035377852156
3281,0.04562070755704306,1.0,0.0,0.001040624479002623,146171.2488689735,52.281035377852156
3282,0.04562070755704306,1.0,0.0,0.001040624479002623,146171.2488689735,52.281035377852156
3283,0.04562070755704306,1.0,0.0,0.001040624479002623,146171.2488689735,52.281035377852156
3284,0.04562070755704306,1.0,0.0,0.001040624479002623,146171.2488689735,52.281035377852156
3285,0.04562070755704306,1.0,0.0,0.001040624479002623,146171.2488689735,52.281035377852156
3286,0.04562070755704306,1.0,0.0,0.001040624479002623,146171.2488689735,52.281035377852156
3287,0.04562070755704306,1.0,0.0,0.001040624479002623,146171.2488689735,52.281035377852156
3288,0.04562070755704306,1.0,0.0,0.001040624479002623,146171.2488689735,52.281035377852156
3289,0.04562070755704306,1.0,0.0,0.001040624479002623,146171.2488689735,52.281035377852156
3290,0.04562070755704306,1.0,0.0,0.001040624479002623,146171.2488689735,52.281035377852156
3291,0.04562070755704306,1.0,0.0,0.001040624479002623,146171.2488689735,52.281035377852156
3292,0.04562070755704306,1.0,0.0,0.001040624479002623,146171.2488689735,52.281035377852156
3293,0.04562070755704306,1.0,0.0,0.001040624479002623,146171.2488689735,52.281035377852156
3294,0.04562070755704306,1.0,0.0,0.001040624479002623,146171.2488689735,52.281035377852156
3295,0.04562070755704306,1.0,0.0,0.001040624479002623,146171.2488689735,52.281035377852156
3296,0.04562070755704306,1.0,0.0,0.001040624479002623,146171.2488689735,52.281035377852156
3297,0.04562070755704306,1.0,0.0,0.001040624479002623,146171.2488689735,52.281035377852156
3298,0.04562070755704306,1.0,0.0,0.001040624479002623,146171.2488689735,52.281035377852156
3299,0.04562070755704306,1.0,0.0,0.001040624479002623,146171.2488689735,52.281035377852156
3300,0.04562070755704306,1.0,0.0,0.001040624479002623,146171.2488689735,52.281035377852156
3301,0.04562070755704306,1.0,0.0,0.001040624479002623,146171.2488689735,52.281035377852156
3302,0.04562070755704306,1.0,0.0,0.001040624479002623,146171.2488689735,52.281035377852156
3303,0.04562070755704306,1.0,0.0,0.001040624479002623,146171.2488689735,52.281035377852156
3304,0.04562070755704306,1.0,0.0,0.001040624479002623,146171.2488689735,52.281035377852156
3305,0.04562070755704306,1.0,0.0,0.001040624479002623,146171.2488689735,52.281035377852156
3306,0.04562070755704306,1.0,0.0,0.001040624479002623,146171.2488689735,52.281035377852156
3307,0.04562070755704306,1.0,0.0,0.001040624479002623,146171.2488689735,52.281035377852156
3308,0.04562070755704306,1.0,0.0,0.001040624479002623,146171.2488689735,52.281035377852156
3309,0.04562070755704306,1.0,0.0,0.001040624479002623,146171.2488689735,52.281035377852156
3310,0.04562070755704306,1.0,0.0,0.001040624479002623,146171.2488689735,52.281035377852156
3311,0.04562070755704306,1.0,0.0,0.001040624479002623,146171.2488689735,52.281035377852156
3312,0.04562070755704306,1.0,0.0,0.001040624479002623,146171.2488689735,52.281035377852156
3313,0.04562070755704306,1.0,0.0,0.001040624479002623,146171.2488689735,52.281035377852156
3314,0.04562070755704306,1.0,0.0,0.001040624479002623,146171.2488689735,52.281035377852156
3315,0.04562070755704306,1.0,0.0,0.001040624479002623,146171.2488689735,52.281035377852156
3316,0.04562070755704306,1.0,0.0,0.001040624479002623,146171.2488689735,52.281035377852156
3317,0.04562070755704306,1.0,0.0,0.001040624479002623,146171.2488689735,52.281035377852156
3318,0.04562070755704306,1.0,0.0,0.001040624479002623,146171.2488689735,52.281035377852156
3319,0.04562070755704306,1.0,0.0,0.001040624479002623,146171.2488689735,52.281035377852156
3320,0.04562070755704306,1.0,0.0,0.001040624479002623,146171.2488689735,52.281035377852156
3321,0.04562070755704306,1.0,0.0,0.001040624479002623,146171.2488689735,52.281035377852156
3322,0.04562070755704306,1.0,0.0,0.001040624479002623,146171.2488689735,52.281035377852156
3323,0.04562070755704306,1.0,0.0,0.001040624479002623,146171.2488689735,52.281035377852156
3324,0.04562070755704306,1.0,0.0,0.001040624479002623,146171.2488689735,52.281035377852156
3325,0.04562070755704306,1.0,0.0,0.001040624479002623,146171.2488689735,52.281035377852156
3326,0.04562070755704306,1.0,0.0,0.001040624479002623,146171.2488689735,52.281035377852156
3327,0.04562070755704306,1.0,0.0,0.001040624479002623,146171.2488689735,52.281035377852156
3328,0.04562070755704306,1.0,0.0,0.001040624479002623,146171.2488689735,52.281035377852156
3329,0.04562070755704306,1.0,0.0,0.001040624479002623,146171.2488689735,52.281035377852156
3330,0.04562070755704306,1.0,0.0,0.001040624479002623,146171.2488689735,52.281035377852156
3331,0.04562070755704306,1.0,0.0,0.001040624479002623,146171.2488689735,52.281035377852156
3332,0.04562070755704306,1.0,0.0,0.001040624479002623,146171.2488689735,52.281035377852156
3333,0.04562070755704306,1.0,0.0,0.001040624479002623,146171.2488689735,52.281035377852156
3334,0.04562070755704306,1.0,0.0,0.001040624479002623,146171.2488689735,52.281035377852156
3335,0.04562070755704306,1.0,0.0,0.001040624479002623,146171.2488689735,52.281035377852156
3336,0.04562070755704306,1.0,0.0,0.001040624479002623,146171.2488689735,52.281035377852156
3337,0.04562070755704306,1.0,0.0,0.001040624479002623,146171.2488689735,52.281035377852156
3338,0.04562070755704306,1.0,0.0,0.001040624479002623,146171.2488689735,52.281035377852156
3339,0.04562070755704306,1.0,0.0,0.001040624479002623,146171.2488689735,52.281035377852156
3340,0.04562070755704306,1.0,0.0,0.001040624479002623,146171.2488689735,52.281035377852156
3341,0.04562070755704306,1.0,0.0,0.001040624479002623,146171.2488689735,52.281035377852156
3342,0.04562070755704306,1.0,0.0,0.001040624479002623,146171.2488689735,52.281035377852156
3343,0.04562070755704306,1.0,0.0,0.001040624479002623,146171.2488689735,52.281035377852156
3344,0.04562070755704306,1.0,0.0,0.001040624479002623,146171.2488689735,52.281035377852156
3345,0.04562070755704306,1.0,0.0,0.001040624479002623,146171.2488689735,52.281035377852156
3346,0.04562070755704306,1.0,0.0,0.001040624479002623,146171.2488689735,52.281035377852156
3347,0.04562070755704306,1.0,0.0,0.001040624479002623,146171.2488689735,52.281035377852156
3348,0.04562070755704306,1.0,0.0,0.001040624479002623,146171.2488689735,52.281035377852156
3349,0.04562070755704306,1.0,0.0,0.001040624479002623,146171.2488689735,52.281035377852156
3350,0.04562070755704306,1.0,0.0,0.001040624479002623,146171.2488689735,52.281035377852156
3351,0.04562070755704306,1.0,0.0,0.001040624479002623,146171.2488689735,52.281035377852156
3352,0.04562070755704306,1.0,0.0,0.001040624479002623,146171.2488689735,52.281035377852156
3353,0.04562070755704306,1.0,0.0,0.001040624479002623,146171.2488689735,52.281035377852156
3354,0.04562070755704306,1.0,0.0,0.001040624479002623,146171.2488689735,52.281035377852156
3355,0.04562070755704306,1.0,0.0,0.001040624479002623,146171.2488689735,52.281035377852156
3356,0.04562070755704306,1.0,0.0,0.001040624479002623,146171.2488689735,52.281035377852156
3357,0.04562070755704306,1.0,0.0,0.001040624479002623,146171.2488689735,52.281035377852156
3358,0.04562070755704306,1.0,0.0,0.001040624479002623,146171.2488689735,52.281035377852156
3359,0.04562070755704306,1.0,0.0,0.001040624479002623,146171.2488689735,52.281035377852156
3360,0.04562070755704306,1.0,0.0,0.001040624479002623,146171.2488689735,52.281035377852156
3361,0.04562070755704306,1.0,0.0,0.001040624479002623,146171.2488689735,52.281035377852156
3362,0.04562070755704306,1.0,0.0,0.001040624479002623,146171.2488689735,52.281035377852156
3363,0.04562070755704306,1.0,0.0,0.001040624479002623,146171.2488689735,52.281035377852156
3364,0.04562070755704306,1.0,0.0,0.001040624479002623,146171.2488689735,52.281035377852156
3365,0.04562070755704306,1.0,0.0,0.001040624479002623,146171.2488689735,52.281035377852156
3366,0.04562070755704306,1.0,0.0,0.001040624479002623,146171.2488689735,52.281035377852156
3367,0.04562070755704306,1.0,0.0,0.001040624479002623,146171.2488689735,52.281035377852156
3368,0.04562070755704306,1.0,0.0,0.001040624479002623,146171.2488689735,52.281035377852156
3369,0.04562070755704306,1.0,0.0,0.001040624479002623,146171.2488689735,52.281035377852156
3370,0.04562070755704306,1.0,0.0,0.001040624479002623,146171.2488689735,52.281035377852156
3371,0.04562070755704306,1.0,0.0,0.001040624479002623,146171.2488689735,52.281035377852156
3372,0.04562070755704306,1.0,0.0,0.001040624479002623,146171.2488689735,52.281035377852156
3373,0.04562070755704306,1.0,0.0,0.001040624479002623,146171.2488689735,52.281035377852156
3374,0.04562070755704306,1.0,0.0,0.001040624479002623,146171.2488689735,52.281035377852156
3375,0.04562070755704306,1.0,0.0,0.001040624479002623,146171.2488689735,52.281035377852156
3376,0.04562070755704306,1.0,0.0,0.001040624479002623,146171.2488689735,52.281035377852156
3377,0.04562070755704306,1.0,0.0,0.001040624479002623,146171.2488689735,52.281035377852156
3378,0.04562070755704306,1.0,0.0,0.001040624479002623,146171.2488689735,52.281035377852156
3379,0.04562070755704306,1.0,0.0,0.001040624479002623,146171.2488689735,52.281035377852156
3380,0.04562070755704306,1.0,0.0,0.001040624479002623,146171.2488689735,52.281035377852156
3381,0.04562070755704306,1.0,0.0,0.001040624479002623,146171.2488689735,52.281035377852156
3382,0.04562070755704306,1.0,0.0,0.001040624479002623,146171.2488689735,52.281035377852156
3383,0.04562070755704306,1.0,0.0,0.001040624479002623,146171.2488689735,52.281035377852156
3384,0.04562070755704306,1.0,0.0,0.001040624479002623,146171.2488689735,52.281035377852156
3385,0.04562070755704306,1.0,0.0,0.001040624479002623,146171.2488689735,52.281035377852156
3386,0.04562070755704306,1.0,0.0,0.001040624479002623,146171.2488689735,52.281035377852156
3387,0.04562070755704306,1.0,0.0,0.001040624479002623,146171.2488689735,52.281035377852156
3388,0.04562070755704306,1.0,0.0,0.001040624479002623,146171.2488689735,52.281035377852156
3389,0.04562070755704306,1.0,0.0,0.001040624479002623,146171.2488689735,52.281035377852156
3390,0.04562070755704306,1.0,0.0,0.001040624479002623,146171.2488689735,52.281035377852156
3391,0.04562070755704306,1.0,0.0,0.001040624479002623,146171.2488689735,52.281035377852156
3392,0.04562070755704306,1.0,0.0,0.001040624479002623,146171.2488689735,52.281035377852156
3393,0.04562070755704306,1.0,0.0,0.001040624479002623,146171.2488689735,52.281035377852156
3394,0.04562070755704306,1.0,0.0,0.001040624479002623,146171.2488689735,52.281035377852156
3395,0.04562070755704306,1.0,0.0,0.001040624479002623,146171.2488689735,52.281035377852156
3396,0.04562070755704306,1.0,0.0,0.001040624479002623,146171.2488689735,52.281035377852156
3397,0.04562070755704306,1.0,0.0,0.001040624479002623,146171.2488689735,52.281035377852156
3398,0.04562070755704306,1.0,0.0,0.001040624479002623,146171.2488689735,52.281035377852156
3399,0.04562070755704306,1.0,0.0,0.001040624479002623,146171.2488689735,52.281035377852156
3400,0.04562070755704306,1.0,0.0,0.001040624479002623,146171.2488689735,52.281035377852156
3401,0.04562070755704306,1.0,0.0,0.001040624479002623,146171.2488689735,52.281035377852156
3402,0.04562070755704306,1.0,0.0,0.001040624479002623,146171.2488689735,52.281035377852156
3403,0.04562070755704306,1.0,0.0,0.001040624479002623,146171.2488689735,52.281035377852156
3404,0.04562070755704306,1.0,0.0,0.001040624479002623,146171.2488689735,52.281035377852156
3405,0.04562070755704306,1.0,0.0,0.001040624479002623,146171.2488689735,52.281035377852156
3406,0.04562070755704306,1.0,0.0,0.001040624479002623,146171.2488689735,52.281035377852156
3407,0.04562070755704306,1.0,0.0,0.001040624479002623,146171.2488689735,52.281035377852156
3408,0.04562070755704306,1.0,0.0,0.001040624479002623,146171.2488689735,52.281035377852156
3409,0.04562070755704306,1.0,0.0,0.001040624479002623,146171.2488689735,52.281035377852156
3410,0.04562070755704306,1.0,0.0,0.001040624479002623,146171.2488689735,52.281035377852156
3411,0.04562070755704306,1.0,0.0,0.001040624479002623,146171.2488689735,52.281035377852156
3412,0.04562070755704306,1.0,0.0,0.001040624479002623,146171.2488689735,52.281035377852156
3413,0.04562070755704306,1.0,0.0,0.001040624479002623,146171.2488689735,52.281035377852156
3414,0.04562070755704306,1.0,0.0,0.001040624479002623,146171.2488689735,52.281035377852156
3415,0.04562070755704306,1.0,0.0,0.001040624479002623,146171.2488689735,52.281035377852156
3416,0.04562070755704306,1.0,0.0,0.001040624479002623,146171.2488689735,52.281035377852156
3417,0.04562070755704306,1.0,0.0,0.001040624479002623,146171.2488689735,52.281035377852156
3418,0.04562070755704306,1.0,0.0,0.001040624479002623,146171.2488689735,52.281035377852156
3419,0.04562070755704306,1.0,0.0,0.001040624479002623,146171.2488689735,52.281035377852156
3420,0.04562070755704306,1.0,0.0,0.001040624479002623,146171.2488689735,52.281035377852156
3421,0.04562070755704306,1.0,0.0,0.001040624479002623,146171.2488689735,52.281035377852156
3422,0.04562070755704306,1.0,0.0,0.001040624479002623,146171.2488689735,52.281035377852156
3423,0.04562070755704306,1.0,0.0,0.001040624479002623,146171.2488689735,52.281035377852156
3424,0.04562070755704306,1.0,0.0,0.001040624479002623,146171.2488689735,52.281035377852156
3425,0.04562070755704306,1.0,0.0,0.001040624479002623,146171.2488689735,52.281035377852156
3426,0.04562070755704306,1.0,0.0,0.001040624479002623,146171.2488689735,52.281035377852156
3427,0.04562070755704306,1.0,0.0,0.001040624479002623,146171.2488689735,52.281035377852156
3428,0.04562070755704306,1.0,0.0,0.001040624479002623,146171.2488689735,52.281035377852156
3429,0.04562070755704306,1.0,0.0,0.001040624479002623,146171.2488689735,52.281035377852156
3430,0.04562070755704306,1.0,0.0,0.001040624479002623,146171.2488689735,52.281035377852156
3431,0.04562070755704306,1.0,0.0,0.001040624479002623,146171.2488689735,52.281035377852156
3432,0.04562070755704306,1.0,0.0,0.001040624479002623,146171.2488689735,52.281035377852156
3433,0.04562070755704306,1.0,0.0,0.001040624479002623,146171.2488689735,52.281035377852156
3434,0.04562070755704306,1.0,0.0,0.001040624479002623,146171.2488689735,52.281035377852156
3435,0.04562070755704306,1.0,0.0,0.001040624479002623,146171.2488689735,52.281035377852156
3436,0.04562070755704306,1.0,0.0,0.001040624479002623,146171.2488689735,52.281035377852156
3437,0.04562070755704306,1.0,0.0,0.001040624479002623,146171.2488689735,52.281035377852156
3438,0.04562070755704306,1.0,0.0,0.001040624479002623,146171.2488689735,52.281035377852156
3439,0.04562070755704306,1.0,0.0,0.001040624479002623,146171.2488689735,52.281035377852156
3440,0.04562070755704306,1.0,0.0,0.001040624479002623,146171.2488689735,52.281035377852156
3441,0.04562070755704306,1.0,0.0,0.001040624479002623,146171.2488689735,52.281035377852156
3442,0.04562070755704306,1.0,0.0,0.001040624479002623,146171.2488689735,52.281035377852156
3443,0.04562070755704306,1.0,0.0,0.001040624479002623,146171.2488689735,52.281035377852156
3444,0.04562070755704306,1.0,0.0,0.001040624479002623,146171.2488689735,52.281035377852156
3445,0.04562070755704306,1.0,0.0,0.001040624479002623,146171.2488689735,52.281035377852156
3446,0.04562070755704306,1.0,0.0,0.001040624479002623,146171.2488689735,52.281035377852156
3447,0.04562070755704306,1.0,0.0,0.001040624479002623,146171.2488689735,52.281035377852156
3448,0.04562070755704306,1.0,0.0,0.001040624479002623,146171.2488689735,52.281035377852156
3449,0.04562070755704306,1.0,0.0,0.001040624479002623,146171.2488689735,52.281035377852156
3450,0.04562070755704306,1.0,0.0,0.001040624479002623,146171.2488689735,52.281035377852156
3451,0.04562070755704306,1.0,0.0,0.001040624479002623,146171.2488689735,52.281035377852156
3452,0.04562070755704306,1.0,0.0,0.001040624479002623,146171.2488689735,52.281035377852156
3453,0.04562070755704306,1.0,0.0,0.001040624479002623,146171.2488689735,52.281035377852156
3454,0.04562070755704306,1.0,0.0,0.001040624479002623,146171.2488689735,52.281035377852156
3455,0.04562070755704306,1.0,0.0,0.001040624479002623,146171.2488689735,52.281035377852156
3456,0.04562070755704306,1.0,0.0,0.001040624479002623,146171.2488689735,52.281035377852156
3457,0.04562070755704306,1.0,0.0,0.001040624479002623,146171.2488689735,52.281035377852156
3458,0.04562070755704306,1.0,0.0,0.001040624479002623,146171.2488689735,52.281035377852156
3459,0.04562070755704306,1.0,0.0,0.001040624479002623,146171.2488689735,52.281035377852156
3460,0.04562070755704306,1.0,0.0,0.001040624479002623,146171.2488689735,52.281035377852156
3461,0.04562070755704306,1.0,0.0,0.001040624479002623,146171.2488689735,52.281035377852156
3462,0.04562070755704306,1.0,0.0,0.001040624479002623,146171.2488689735,52.281035377852156
3463,0.04562070755704306,1.0,0.0,0.001040624479002623,146171.2488689735,52.281035377852156
3464,0.04562070755704306,1.0,0.0,0.001040624479002623,146171.2488689735,52.281035377852156
3465,0.04562070755704306,1.0,0.0,0.001040624479002623,146171.2488689735,52.281035377852156
3466,0.04562070755704306,1.0,0.0,0.001040624479002623,146171.2488689735,52.281035377852156
3467,0.04562070755704306,1.0,0.0,0.001040624479002623,146171.2488689735,52.281035377852156
3468,0.04562070755704306,1.0,0.0,0.001040624479002623,146171.2488689735,52.281035377852156
3469,0.04562070755704306,1.0,0.0,0.001040624479002623,146171.2488689735,52.281035377852156
3470,0.04562070755704306,1.0,0.0,0.001040624479002623,146171.2488689735,52.281035377852156
3471,0.04562070755704306,1.0,0.0,0.001040624479002623,146171.2488689735,52.281035377852156
3472,0.04562070755704306,1.0,0.0,0.001040624479002623,146171.2488689735,52.281035377852156
3473,0.04562070755704306,1.0,0.0,0.001040624479002623,146171.2488689735,52.281035377852156
3474,0.04562070755704306,1.0,0.0,0.001040624479002623,146171.2488689735,52.281035377852156
3475,0.04562070755704306,1.0,0.0,0.001040624479002623,146171.2488689735,52.281035377852156
3476,0.04562070755704306,1.0,0.0,0.001040624479002623,146171.2488689735,52.281035377852156
3477,0.04562070755704306,1.0,0.0,0.001040624479002623,146171.2488689735,52.281035377852156
3478,0.04562070755704306,1.0,0.0,0.001040624479002623,146171.2488689735,52.281035377852156
3479,0.04562070755704306,1.0,0.0,0.001040624479002623,146171.2488689735,52.281035377852156
3480,0.04562070755704306,1.0,0.0,0.001040624479002623,146171.2488689735,52.281035377852156
3481,0.04562070755704306,1.0,0.0,0.001040624479002623,146171.2488689735,52.281035377852156
3482,0.04562070755704306,1.0,0.0,0.001040624479002623,146171.2488689735,52.281035377852156
3483,0.04562070755704306,1.0,0.0,0.001040624479002623,146171.2488689735,52.281035377852156
3484,0.04562070755704306,1.0,0.0,0.001040624479002623,146171.2488689735,52.281035377852156
3485,0.04562070755704306,1.0,0.0,0.001040624479002623,146171.2488689735,52.281035377852156
3486,0.04562070755704306,1.0,0.0,0.001040624479002623,146171.2488689735,52.281035377852156
3487,0.04562070755704306,1.0,0.0,0.001040624479002623,146171.2488689735,52.281035377852156
3488,0.04562070755704306,1.0,0.0,0.001040624479002623,146171.2488689735,52.281035377852156
3489,0.04562070755704306,1.0,0.0,0.001040624479002623,146171.2488689735,52.281035377852156
3490,0.04562070755704306,1.0,0.0,0.001040624479002623,146171.2488689735,52.281035377852156
3491,0.04562070755704306,1.0,0.0,0.001040624479002623,146171.2488689735,52.281035377852156
3492,0.04562070755704306,1.0,0.0,0.001040624479002623,146171.2488689735,52.281035377852156
3493,0.04562070755704306,1.0,0.0,0.001040624479002623,146171.2488689735,52.281035377852156
3494,0.04562070755704306,1.0,0.0,0.001040624479002623,146171.2488689735,52.281035377852156
3495,0.04562070755704306,1.0,0.0,0.001040624479002623,146171.2488689735,52.281035377852156
3496,0.04562070755704306,1.0,0.0,0.001040624479002623,146171.2488689735,52.281035377852156
3497,0.04562070755704306,1.0,0.0,0.001040624479002623,146171.2488689735,52.281035377852156
3498,0.04562070755704306,1.0,0.0,0.001040624479002623,146171.2488689735,52.281035377852156
3499,0.04562070755704306,1.0,0.0,0.001040624479002623,146171.2488689735,52.281035377852156
3500,0.04562070755704306,1.0,0.0,0.001040624479002623,146171.2488689735,52.281035377852156
3501,0.04562070755704306,1.0,0.0,0.001040624479002623,146171.2488689735,52.281035377852156
3502,0.04562070755704306,1.0,0.0,0.001040624479002623,146171.2488689735,52.281035377852156
3503,0.04562070755704306,1.0,0.0,0.001040624479002623,146171.2488689735,52.281035377852156
3504,0.04562070755704306,1.0,0.0,0.001040624479002623,146171.2488689735,52.281035377852156
3505,0.04562070755704306,1.0,0.0,0.001040624479002623,146171.2488689735,52.281035377852156
3506,0.04562070755704306,1.0,0.0,0.001040624479002623,146171.2488689735,52.281035377852156
3507,0.04562070755704306,1.0,0.0,0.001040624479002623,146171.2488689735,52.281035377852156
3508,0.04562070755704306,1.0,0.0,0.001040624479002623,146171.2488689735,52.281035377852156
3509,0.04562070755704306,1.0,0.0,0.001040624479002623,146171.2488689735,52.281035377852156
3510,0.04562070755704306,1.0,0.0,0.001040624479002623,146171.2488689735,52.281035377852156
3511,0.04562070755704306,1.0,0.0,0.001040624479002623,146171.2488689735,52.281035377852156
3512,0.04562070755704306,1.0,0.0,0.001040624479002623,146171.2488689735,52.281035377852156
3513,0.04562070755704306,1.0,0.0,0.001040624479002623,146171.2488689735,52.281035377852156
3514,0.04562070755704306,1.0,0.0,0.001040624479002623,146171.2488689735,52.281035377852156
3515,0.04562070755704306,1.0,0.0,0.001040624479002623,146171.2488689735,52.281035377852156
3516,0.04562070755704306,1.0,0.0,0.001040624479002623,146171.2488689735,52.281035377852156
3517,0.04562070755704306,1.0,0.0,0.001040624479002623,146171.2488689735,52.281035377852156
3518,0.04562070755704306,1.0,0.0,0.001040624479002623,146171.2488689735,52.281035377852156
3519,0.04562070755704306,1.0,0.0,0.001040624479002623,146171.2488689735,52.281035377852156
3520,0.04562070755704306,1.0,0.0,0.001040624479002623,146171.2488689735,52.281035377852156
3521,0.04562070755704306,1.0,0.0,0.001040624479002623,146171.2488689735,52.281035377852156
3522,0.04562070755704306,1.0,0.0,0.001040624479002623,146171.2488689735,52.281035377852156
3523,0.04562070755704306,1.0,0.0,0.001040624479002623,146171.2488689735,52.281035377852156
3524,0.04562070755704306,1.0,0.0,0.001040624479002623,146171.2488689735,52.281035377852156
3525,0.04562070755704306,1.0,0.0,0.001040624479002623,146171.2488689735,52.281035377852156
3526,0.04562070755704306,1.0,0.0,0.001040624479002623,146171.2488689735,52.281035377852156
3527,0.04562070755704306,1.0,0.0,0.001040624479002623,146171.2488689735,52.281035377852156
3528,0.04562070755704306,1.0,0.0,0.001040624479002623,146171.2488689735,52.281035377852156
3529,0.04562070755704306,1.0,0.0,0.001040624479002623,146171.2488689735,52.281035377852156
3530,0.04562070755704306,1.0,0.0,0.001040624479002623,146171.2488689735,52.281035377852156
3531,0.04562070755704306,1.0,0.0,0.001040624479002623,146171.2488689735,52.281035377852156
3532,0.04562070755704306,1.0,0.0,0.001040624479002623,146171.2488689735,52.281035377852156
3533,0.04562070755704306,1.0,0.0,0.001040624479002623,146171.2488689735,52.281035377852156
3534,0.04562070755704306,1.0,0.0,0.001040624479002623,146171.2488689735,52.281035377852156
3535,0.04562070755704306,1.0,0.0,0.001040624479002623,146171.2488689735,52.281035377852156
3536,0.04562070755704306,1.0,0.0,0.001040624479002623,146171.2488689735,52.281035377852156
3537,0.04562070755704306,1.0,0.0,0.001040624479002623,146171.2488689735,52.281035377852156
3538,0.04562070755704306,1.0,0.0,0.001040624479002623,146171.2488689735,52.281035377852156
3539,0.04562070755704306,1.0,0.0,0.001040624479002623,146171.2488689735,52.281035377852156
3540,0.04562070755704306,1.0,0.0,0.001040624479002623,146171.2488689735,52.281035377852156
3541,0.04562070755704306,1.0,0.0,0.001040624479002623,146171.2488689735,52.281035377852156
3542,0.04562070755704306,1.0,0.0,0.001040624479002623,146171.2488689735,52.281035377852156
3543,0.04562070755704306,1.0,0.0,0.001040624479002623,146171.2488689735,52.281035377852156
3544,0.04562070755704306,1.0,0.0,0.001040624479002623,146171.2488689735,52.281035377852156
3545,0.04562070755704306,1.0,0.0,0.001040624479002623,146171.2488689735,52.281035377852156
3546,0.04562070755704306,1.0,0.0,0.001040624479002623,146171.2488689735,52.281035377852156
3547,0.04562070755704306,1.0,0.0,0.001040624479002623,146171.2488689735,52.281035377852156
3548,0.04562070755704306,1.0,0.0,0.001040624479002623,146171.2488689735,52.281035377852156
3549,0.04562070755704306,1.0,0.0,0.001040624479002623,146171.2488689735,52.281035377852156
3550,0.04562070755704306,1.0,0.0,0.001040624479002623,146171.2488689735,52.281035377852156
3551,0.04562070755704306,1.0,0.0,0.001040624479002623,146171.2488689735,52.281035377852156
3552,0.04562070755704306,1.0,0.0,0.001040624479002623,146171.2488689735,52.281035377852156
3553,0.04562070755704306,1.0,0.0,0.001040624479002623,146171.2488689735,52.281035377852156
3554,0.04562070755704306,1.0,0.0,0.001040624479002623,146171.2488689735,52.281035377852156
3555,0.04562070755704306,1.0,0.0,0.001040624479002623,146171.2488689735,52.281035377852156
3556,0.04562070755704306,1.0,0.0,0.001040624479002623,146171.2488689735,52.281035377852156
3557,0.04562070755704306,1.0,0.0,0.001040624479002623,146171.2488689735,52.281035377852156
3558,0.04562070755704306,1.0,0.0,0.001040624479002623,146171.2488689735,52.281035377852156
3559,0.04562070755704306,1.0,0.0,0.001040624479002623,146171.2488689735,52.281035377852156
3560,0.04562070755704306,1.0,0.0,0.001040624479002623,146171.2488689735,52.281035377852156
3561,0.04562070755704306,1.0,0.0,0.001040624479002623,146171.2488689735,52.281035377852156
3562,0.04562070755704306,1.0,0.0,0.001040624479002623,146171.2488689735,52.281035377852156
3563,0.04562070755704306,1.0,0.0,0.001040624479002623,146171.2488689735,52.281035377852156
3564,0.04562070755704306,1.0,0.0,0.001040624479002623,146171.2488689735,52.281035377852156
3565,0.04562070755704306,1.0,0.0,0.001040624479002623,146171.2488689735,52.281035377852156
3566,0.04562070755704306,1.0,0.0,0.001040624479002623,146171.2488689735,52.281035377852156
3567,0.04562070755704306,1.0,0.0,0.001040624479002623,146171.2488689735,52.281035377852156
3568,0.04562070755704306,1.0,0.0,0.001040624479002623,146171.2488689735,52.281035377852156
3569,0.04562070755704306,1.0,0.0,0.001040624479002623,146171.2488689735,52.281035377852156
3570,0.04562070755704306,1.0,0.0,0.001040624479002623,146171.2488689735,52.281035377852156
3571,0.04562070755704306,1.0,0.0,0.001040624479002623,146171.2488689735,52.281035377852156
3572,0.04562070755704306,1.0,0.0,0.001040624479002623,146171.2488689735,52.281035377852156
3573,0.04562070755704306,1.0,0.0,0.001040624479002623,146171.2488689735,52.281035377852156
3574,0.04562070755704306,1.0,0.0,0.001040624479002623,146171.2488689735,52.281035377852156
3575,0.04562070755704306,1.0,0.0,0.001040624479002623,146171.2488689735,52.281035377852156
3576,0.04562070755704306,1.0,0.0,0.001040624479002623,146171.2488689735,52.281035377852156
3577,0.04562070755704306,1.0,0.0,0.001040624479002623,146171.2488689735,52.281035377852156
3578,0.04562070755704306,1.0,0.0,0.001040624479002623,146171.2488689735,52.281035377852156
3579,0.04562070755704306,1.0,0.0,0.001040624479002623,146171.2488689735,52.281035377852156
3580,0.04562070755704306,1.0,0.0,0.001040624479002623,146171.2488689735,52.281035377852156
3581,0.04562070755704306,1.0,0.0,0.001040624479002623,146171.2488689735,52.281035377852156
3582,0.04562070755704306,1.0,0.0,0.001040624479002623,146171.2488689735,52.281035377852156
3583,0.04562070755704306,1.0,0.0,0.001040624479002623,146171.2488689735,52.281035377852156
3584,0.04562070755704306,1.0,0.0,0.001040624479002623,146171.2488689735,52.281035377852156
3585,0.04562070755704306,1.0,0.0,0.001040624479002623,146171.2488689735,52.281035377852156
3586,0.04562070755704306,1.0,0.0,0.001040624479002623,146171.2488689735,52.281035377852156
3587,0.04562070755704306,1.0,0.0,0.001040624479002623,146171.2488689735,52.281035377852156
3588,0.04562070755704306,1.0,0.0,0.001040624479002623,146171.2488689735,52.281035377852156
3589,0.04562070755704306,1.0,0.0,0.001040624479002623,146171.2488689735,52.281035377852156
3590,0.04562070755704306,1.0,0.0,0.001040624479002623,146171.2488689735,52.281035377852156
3591,0.04562070755704306,1.0,0.0,0.001040624479002623,146171.2488689735,52.281035377852156
3592,0.04562070755704306,1.0,0.0,0.001040624479002623,146171.2488689735,52.281035377852156
3593,0.04562070755704306,1.0,0.0,0.001040624479002623,146171.2488689735,52.281035377852156
3594,0.04562070755704306,1.0,0.0,0.001040624479002623,146171.2488689735,52.281035377852156
3595,0.04562070755704306,1.0,0.0,0.001040624479002623,146171.2488689735,52.281035377852156
3596,0.04562070755704306,1.0,0.0,0.001040624479002623,146171.2488689735,52.281035377852156
3597,0.04562070755704306,1.0,0.0,0.001040624479002623,146171.2488689735,52.281035377852156
3598,0.04562070755704306,1.0,0.0,0.001040624479002623,146171.2488689735,52.281035377852156
3599,0.04562070755704306,1.0,0.0,0.001040624479002623,146171.2488689735,52.281035377852156
3600,0.04562070755704306,1.0,0.0,0.001040624479002623,146171.2488689735,52.281035377852156
3601,0.04562070755704306,1.0,0.0,0.001040624479002623,146171.2488689735,52.281035377852156
3602,0.04562070755704306,1.0,0.0,0.001040624479002623,146171.2488689735,52.281035377852156
3603,0.04562070755704306,1.0,0.0,0.001040624479002623,146171.2488689735,52.281035377852156
3604,0.04562070755704306,1.0,0.0,0.001040624479002623,146171.2488689735,52.281035377852156
3605,0.04562070755704306,1.0,0.0,0.001040624479002623,146171.2488689735,52.281035377852156
3606,0.04562070755704306,1.0,0.0,0.001040624479002623,146171.2488689735,52.281035377852156
3607,0.04562070755704306,1.0,0.0,0.001040624479002623,146171.2488689735,52.281035377852156
3608,0.04562070755704306,1.0,0.0,0.001040624479002623,146171.2488689735,52.281035377852156
3609,0.04562070755704306,1.0,0.0,0.001040624479002623,146171.2488689735,52.281035377852156
3610,0.04562070755704306,1.0,0.0,0.001040624479002623,146171.2488689735,52.281035377852156
3611,0.04562070755704306,1.0,0.0,0.001040624479002623,146171.2488689735,52.281035377852156
3612,0.04562070755704306,1.0,0.0,0.001040624479002623,146171.2488689735,52.281035377852156
3613,0.04562070755704306,1.0,0.0,0.001040624479002623,146171.2488689735,52.281035377852156
3614,0.04562070755704306,1.0,0.0,0.001040624479002623,146171.2488689735,52.281035377852156
3615,0.04562070755704306,1.0,0.0,0.001040624479002623,146171.2488689735,52.281035377852156
3616,0.04562070755704306,1.0,0.0,0.001040624479002623,146171.2488689735,52.281035377852156
3617,0.04562070755704306,1.0,0.0,0.001040624479002623,146171.2488689735,52.281035377852156
3618,0.04562070755704306,1.0,0.0,0.001040624479002623,146171.2488689735,52.281035377852156
3619,0.04562070755704306,1.0,0.0,0.001040624479002623,146171.2488689735,52.281035377852156
3620,0.04562070755704306,1.0,0.0,0.001040624479002623,146171.2488689735,52.281035377852156
3621,0.04562070755704306,1.0,0.0,0.001040624479002623,146171.2488689735,52.281035377852156
3622,0.04562070755704306,1.0,0.0,0.001040624479002623,146171.2488689735,52.281035377852156
3623,0.04562070755704306,1.0,0.0,0.001040624479002623,146171.2488689735,52.281035377852156
3624,0.04562070755704306,1.0,0.0,0.001040624479002623,146171.2488689735,52.281035377852156
3625,0.04562070755704306,1.0,0.0,0.001040624479002623,146171.2488689735,52.281035377852156
3626,0.04562070755704306,1.0,0.0,0.001040624479002623,146171.2488689735,52.281035377852156
3627,0.04562070755704306,1.0,0.0,0.001040624479002623,146171.2488689735,52.281035377852156
3628,0.04562070755704306,1.0,0.0,0.001040624479002623,146171.2488689735,52.281035377852156
3629,0.04562070755704306,1.0,0.0,0.001040624479002623,146171.2488689735,52.281035377852156
3630,0.04562070755704306,1.0,0.0,0.001040624479002623,146171.2488689735,52.281035377852156
3631,0.04562070755704306,1.0,0.0,0.001040624479002623,146171.2488689735,52.281035377852156
3632,0.04562070755704306,1.0,0.0,0.001040624479002623,146171.2488689735,52.281035377852156
3633,0.04562070755704306,1.0,0.0,0.001040624479002623,146171.2488689735,52.281035377852156
3634,0.04562070755704306,1.0,0.0,0.001040624479002623,146171.2488689735,52.281035377852156
3635,0.04562070755704306,1.0,0.0,0.001040624479002623,146171.2488689735,52.281035377852156
3636,0.04562070755704306,1.0,0.0,0.001040624479002623,146171.2488689735,52.281035377852156
3637,0.04562070755704306,1.0,0.0,0.001040624479002623,146171.2488689735,52.281035377852156
3638,0.04562070755704306,1.0,0.0,0.001040624479002623,146171.2488689735,52.281035377852156
3639,0.04562070755704306,1.0,0.0,0.001040624479002623,146171.2488689735,52.281035377852156
3640,0.04562070755704306,1.0,0.0,0.001040624479002623,146171.2488689735,52.281035377852156
3641,0.04562070755704306,1.0,0.0,0.001040624479002623,146171.2488689735,52.281035377852156
3642,0.04562070755704306,1.0,0.0,0.001040624479002623,146171.2488689735,52.281035377852156
3643,0.04562070755704306,1.0,0.0,0.001040624479002623,146171.2488689735,52.281035377852156
3644,0.04562070755704306,1.0,0.0,0.001040624479002623,146171.2488689735,52.281035377852156
3645,0.04562070755704306,1.0,0.0,0.001040624479002623,146171.2488689735,52.281035377852156
3646,0.04562070755704306,1.0,0.0,0.001040624479002623,146171.2488689735,52.281035377852156
3647,0.04562070755704306,1.0,0.0,0.001040624479002623,146171.2488689735,52.281035377852156
3648,0.04562070755704306,1.0,0.0,0.001040624479002623,146171.2488689735,52.281035377852156
3649,0.04562070755704306,1.0,0.0,0.001040624479002623,146171.2488689735,52.281035377852156
3650,0.04562070755704306,1.0,0.0,0.001040624479002623,146171.2488689735,52.281035377852156
3651,0.04562070755704306,1.0,0.0,0.001040624479002623,146171.2488689735,52.281035377852156
3652,0.04562070755704306,1.0,0.0,0.001040624479002623,146171.2488689735,52.281035377852156
3653,0.04562070755704306,1.0,0.0,0.001040624479002623,146171.2488689735,52.281035377852156
3654,0.04562070755704306,1.0,0.0,0.001040624479002623,146171.2488689735,52.281035377852156
3655,0.04562070755704306,1.0,0.0,0.001040624479002623,146171.2488689735,52.281035377852156
3656,0.04562070755704306,1.0,0.0,0.001040624479002623,146171.2488689735,52.281035377852156
3657,0.04562070755704306,1.0,0.0,0.001040624479002623,146171.2488689735,52.281035377852156
3658,0.04562070755704306,1.0,0.0,0.001040624479002623,146171.2488689735,52.281035377852156
3659,0.04562070755704306,1.0,0.0,0.001040624479002623,146171.2488689735,52.281035377852156
3660,0.04562070755704306,1.0,0.0,0.001040624479002623,146171.2488689735,52.281035377852156
3661,0.04562070755704306,1.0,0.0,0.001040624479002623,146171.2488689735,52.281035377852156
3662,0.04562070755704306,1.0,0.0,0.001040624479002623,146171.2488689735,52.281035377852156
3663,0.04562070755704306,1.0,0.0,0.001040624479002623,146171.2488689735,52.281035377852156
3664,0.04562070755704306,1.0,0.0,0.001040624479002623,146171.2488689735,52.281035377852156
3665,0.04562070755704306,1.0,0.0,0.001040624479002623,146171.2488689735,52.281035377852156
3666,0.04562070755704306,1.0,0.0,0.001040624479002623,146171.2488689735,52.281035377852156
3667,0.04562070755704306,1.0,0.0,0.001040624479002623,146171.2488689735,52.281035377852156
3668,0.04562070755704306,1.0,0.0,0.001040624479002623,146171.2488689735,52.281035377852156
3669,0.04562070755704306,1.0,0.0,0.001040624479002623,146171.2488689735,52.281035377852156
3670,0.04562070755704306,1.0,0.0,0.001040624479002623,146171.2488689735,52.281035377852156
3671,0.04562070755704306,1.0,0.0,0.001040624479002623,146171.2488689735,52.281035377852156
3672,0.04562070755704306,1.0,0.0,0.001040624479002623,146171.2488689735,52.281035377852156
3673,0.04562070755704306,1.0,0.0,0.001040624479002623,146171.2488689735,52.281035377852156
3674,0.04562070755704306,1.0,0.0,0.001040624479002623,146171.2488689735,52.281035377852156
3675,0.04562070755704306,1.0,0.0,0.001040624479002623,146171.2488689735,52.281035377852156
3676,0.04562070755704306,1.0,0.0,0.001040624479002623,146171.2488689735,52.281035377852156
3677,0.04562070755704306,1.0,0.0,0.001040624479002623,146171.2488689735,52.281035377852156
3678,0.04562070755704306,1.0,0.0,0.001040624479002623,146171.2488689735,52.281035377852156
3679,0.04562070755704306,1.0,0.0,0.001040624479002623,146171.2488689735,52.281035377852156
3680,0.04562070755704306,1.0,0.0,0.001040624479002623,146171.2488689735,52.281035377852156
3681,0.04562070755704306,1.0,0.0,0.001040624479002623,146171.2488689735,52.281035377852156
3682,0.04562070755704306,1.0,0.0,0.001040624479002623,146171.2488689735,52.281035377852156
3683,0.04562070755704306,1.0,0.0,0.001040624479002623,146171.2488689735,52.281035377852156
3684,0.04562070755704306,1.0,0.0,0.001040624479002623,146171.2488689735,52.281035377852156
3685,0.04562070755704306,1.0,0.0,0.001040624479002623,146171.2488689735,52.281035377852156
3686,0.04562070755704306,1.0,0.0,0.001040624479002623,146171.2488689735,52.281035377852156
3687,0.04562070755704306,1.0,0.0,0.001040624479002623,146171.2488689735,52.281035377852156
3688,0.04562070755704306,1.0,0.0,0.001040624479002623,146171.2488689735,52.281035377852156
3689,0.04562070755704306,1.0,0.0,0.001040624479002623,146171.2488689735,52.281035377852156
3690,0.04562070755704306,1.0,0.0,0.001040624479002623,146171.2488689735,52.281035377852156
3691,0.04562070755704306,1.0,0.0,0.001040624479002623,146171.2488689735,52.281035377852156
3692,0.04562070755704306,1.0,0.0,0.001040624479002623,146171.2488689735,52.281035377852156
3693,0.04562070755704306,1.0,0.0,0.001040624479002623,146171.2488689735,52.281035377852156
3694,0.04562070755704306,1.0,0.0,0.001040624479002623,146171.2488689735,52.281035377852156
3695,0.04562070755704306,1.0,0.0,0.001040624479002623,146171.2488689735,52.281035377852156
3696,0.04562070755704306,1.0,0.0,0.001040624479002623,146171.2488689735,52.281035377852156
3697,0.04562070755704306,1.0,0.0,0.001040624479002623,146171.2488689735,52.281035377852156
3698,0.04562070755704306,1.0,0.0,0.001040624479002623,146171.2488689735,52.281035377852156
3699,0.04562070755704306,1.0,0.0,0.001040624479002623,146171.2488689735,52.281035377852156
3700,0.04562070755704306,1.0,0.0,0.001040624479002623,146171.2488689735,52.281035377852156
3701,0.04562070755704306,1.0,0.0,0.001040624479002623,146171.2488689735,52.281035377852156
3702,0.04562070755704306,1.0,0.0,0.001040624479002623,146171.2488689735,52.281035377852156
3703,0.04562070755704306,1.0,0.0,0.001040624479002623,146171.2488689735,52.281035377852156
3704,0.04562070755704306,1.0,0.0,0.001040624479002623,146171.2488689735,52.281035377852156
3705,0.04562070755704306,1.0,0.0,0.001040624479002623,146171.2488689735,52.281035377852156
3706,0.04562070755704306,1.0,0.0,0.001040624479002623,146171.2488689735,52.281035377852156
3707,0.04562070755704306,1.0,0.0,0.001040624479002623,146171.2488689735,52.281035377852156
3708,0.04562070755704306,1.0,0.0,0.001040624479002623,146171.2488689735,52.281035377852156
3709,0.04562070755704306,1.0,0.0,0.001040624479002623,146171.2488689735,52.281035377852156
3710,0.04562070755704306,1.0,0.0,0.001040624479002623,146171.2488689735,52.281035377852156
3711,0.04562070755704306,1.0,0.0,0.001040624479002623,146171.2488689735,52.281035377852156
3712,0.04562070755704306,1.0,0.0,0.001040624479002623,146171.2488689735,52.281035377852156
3713,0.04562070755704306,1.0,0.0,0.001040624479002623,146171.2488689735,52.281035377852156
3714,0.04562070755704306,1.0,0.0,0.001040624479002623,146171.2488689735,52.281035377852156
3715,0.04562070755704306,1.0,0.0,0.001040624479002623,146171.2488689735,52.281035377852156
3716,0.04562070755704306,1.0,0.0,0.001040624479002623,146171.2488689735,52.281035377852156
3717,0.04562070755704306,1.0,0.0,0.001040624479002623,146171.2488689735,52.281035377852156
3718,0.04562070755704306,1.0,0.0,0.001040624479002623,146171.2488689735,52.281035377852156
3719,0.04562070755704306,1.0,0.0,0.001040624479002623,146171.2488689735,52.281035377852156
3720,0.04562070755704306,1.0,0.0,0.001040624479002623,146171.2488689735,52.281035377852156
3721,0.04562070755704306,1.0,0.0,0.001040624479002623,146171.2488689735,52.281035377852156
3722,0.04562070755704306,1.0,0.0,0.001040624479002623,146171.2488689735,52.281035377852156
3723,0.04562070755704306,1.0,0.0,0.001040624479002623,146171.2488689735,52.281035377852156
3724,0.04562070755704306,1.0,0.0,0.001040624479002623,146171.2488689735,52.281035377852156
3725,0.04562070755704306,1.0,0.0,0.001040624479002623,146171.2488689735,52.281035377852156
3726,0.04562070755704306,1.0,0.0,0.001040624479002623,146171.2488689735,52.281035377852156
3727,0.04562070755704306,1.0,0.0,0.001040624479002623,146171.2488689735,52.281035377852156
3728,0.04562070755704306,1.0,0.0,0.001040624479002623,146171.2488689735,52.281035377852156
3729,0.04562070755704306,1.0,0.0,0.001040624479002623,146171.2488689735,52.281035377852156
3730,0.04562070755704306,1.0,0.0,0.001040624479002623,146171.2488689735,52.281035377852156
3731,0.04562070755704306,1.0,0.0,0.001040624479002623,146171.2488689735,52.281035377852156
3732,0.04562070755704306,1.0,0.0,0.001040624479002623,146171.2488689735,52.281035377852156
3733,0.04562070755704306,1.0,0.0,0.001040624479002623,146171.2488689735,52.281035377852156
3734,0.04562070755704306,1.0,0.0,0.001040624479002623,146171.2488689735,52.281035377852156
3735,0.04562070755704306,1.0,0.0,0.001040624479002623,146171.2488689735,52.281035377852156
3736,0.04562070755704306,1.0,0.0,0.001040624479002623,146171.2488689735,52.281035377852156
3737,0.04562070755704306,1.0,0.0,0.001040624479002623,146171.2488689735,52.281035377852156
3738,0.04562070755704306,1.0,0.0,0.001040624479002623,146171.2488689735,52.281035377852156
3739,0.04562070755704306,1.0,0.0,0.001040624479002623,146171.2488689735,52.281035377852156
3740,0.04562070755704306,1.0,0.0,0.001040624479002623,146171.2488689735,52.281035377852156
3741,0.04562070755704306,1.0,0.0,0.001040624479002623,146171.2488689735,52.281035377852156
3742,0.04562070755704306,1.0,0.0,0.001040624479002623,146171.2488689735,52.281035377852156
3743,0.04562070755704306,1.0,0.0,0.001040624479002623,146171.2488689735,52.281035377852156
3744,0.04562070755704306,1.0,0.0,0.001040624479002623,146171.2488689735,52.281035377852156
3745,0.04562070755704306,1.0,0.0,0.001040624479002623,146171.2488689735,52.281035377852156
3746,0.04562070755704306,1.0,0.0,0.001040624479002623,146171.2488689735,52.281035377852156
3747,0.04562070755704306,1.0,0.0,0.001040624479002623,146171.2488689735,52.281035377852156
3748,0.04562070755704306,1.0,0.0,0.001040624479002623,146171.2488689735,52.281035377852156
3749,0.04562070755704306,1.0,0.0,0.001040624479002623,146171.2488689735,52.281035377852156
3750,0.04562070755704306,1.0,0.0,0.001040624479002623,146171.2488689735,52.281035377852156
3751,0.04562070755704306,1.0,0.0,0.001040624479002623,146171.2488689735,52.281035377852156
3752,0.04562070755704306,1.0,0.0,0.001040624479002623,146171.2488689735,52.281035377852156
3753,0.04562070755704306,1.0,0.0,0.001040624479002623,146171.2488689735,52.281035377852156
3754,0.04562070755704306,1.0,0.0,0.001040624479002623,146171.2488689735,52.281035377852156
3755,0.04562070755704306,1.0,0.0,0.001040624479002623,146171.2488689735,52.281035377852156
3756,0.04562070755704306,1.0,0.0,0.001040624479002623,146171.2488689735,52.281035377852156
3757,0.04562070755704306,1.0,0.0,0.001040624479002623,146171.2488689735,52.281035377852156
3758,0.04562070755704306,1.0,0.0,0.001040624479002623,146171.2488689735,52.281035377852156
3759,0.04562070755704306,1.0,0.0,0.001040624479002623,146171.2488689735,52.281035377852156
3760,0.04562070755704306,1.0,0.0,0.001040624479002623,146171.2488689735,52.281035377852156
3761,0.04562070755704306,1.0,0.0,0.001040624479002623,146171.2488689735,52.281035377852156
3762,0.04562070755704306,1.0,0.0,0.001040624479002623,146171.2488689735,52.281035377852156
3763,0.04562070755704306,1.0,0.0,0.001040624479002623,146171.2488689735,52.281035377852156
3764,0.04562070755704306,1.0,0.0,0.001040624479002623,146171.2488689735,52.281035377852156
3765,0.04562070755704306,1.0,0.0,0.001040624479002623,146171.2488689735,52.281035377852156
3766,0.04562070755704306,1.0,0.0,0.001040624479002623,146171.2488689735,52.281035377852156
3767,0.04562070755704306,1.0,0.0,0.001040624479002623,146171.2488689735,52.281035377852156
3768,0.04562070755704306,1.0,0.0,0.001040624479002623,146171.2488689735,52.281035377852156
3769,0.04562070755704306,1.0,0.0,0.001040624479002623,146171.2488689735,52.281035377852156
3770,0.04562070755704306,1.0,0.0,0.001040624479002623,146171.2488689735,52.281035377852156
3771,0.04562070755704306,1.0,0.0,0.001040624479002623,146171.2488689735,52.281035377852156
3772,0.04562070755704306,1.0,0.0,0.001040624479002623,146171.2488689735,52.281035377852156
3773,0.04562070755704306,1.0,0.0,0.001040624479002623,146171.2488689735,52.281035377852156
3774,0.04562070755704306,1.0,0.0,0.001040624479002623,146171.2488689735,52.281035377852156
3775,0.04562070755704306,1.0,0.0,0.001040624479002623,146171.2488689735,52.281035377852156
3776,0.04562070755704306,1.0,0.0,0.001040624479002623,146171.2488689735,52.281035377852156
3777,0.04562070755704306,1.0,0.0,0.001040624479002623,146171.2488689735,52.281035377852156
3778,0.04562070755704306,1.0,0.0,0.001040624479002623,146171.2488689735,52.281035377852156
3779,0.04562070755704306,1.0,0.0,0.001040624479002623,146171.2488689735,52.281035377852156
3780,0.04562070755704306,1.0,0.0,0.001040624479002623,146171.2488689735,52.281035377852156
3781,0.04562070755704306,1.0,0.0,0.001040624479002623,146171.2488689735,52.281035377852156
3782,0.04562070755704306,1.0,0.0,0.001040624479002623,146171.2488689735,52.281035377852156
3783,0.04562070755704306,1.0,0.0,0.001040624479002623,146171.2488689735,52.281035377852156
3784,0.04562070755704306,1.0,0.0,0.001040624479002623,146171.2488689735,52.281035377852156
3785,0.04562070755704306,1.0,0.0,0.001040624479002623,146171.2488689735,52.281035377852156
3786,0.04562070755704306,1.0,0.0,0.001040624479002623,146171.2488689735,52.281035377852156
3787,0.04562070755704306,1.0,0.0,0.001040624479002623,146171.2488689735,52.281035377852156
3788,0.04562070755704306,1.0,0.0,0.001040624479002623,146171.2488689735,52.281035377852156
3789,0.04562070755704306,1.0,0.0,0.001040624479002623,146171.2488689735,52.281035377852156
3790,0.04562070755704306,1.0,0.0,0.001040624479002623,146171.2488689735,52.281035377852156
3791,0.04562070755704306,1.0,0.0,0.001040624479002623,146171.2488689735,52.281035377852156
3792,0.04562070755704306,1.0,0.0,0.001040624479002623,146171.2488689735,52.281035377852156
3793,0.04562070755704306,1.0,0.0,0.001040624479002623,146171.2488689735,52.281035377852156
3794,0.04562070755704306,1.0,0.0,0.001040624479002623,146171.2488689735,52.281035377852156
3795,0.04562070755704306,1.0,0.0,0.001040624479002623,146171.2488689735,52.281035377852156
3796,0.04562070755704306,1.0,0.0,0.001040624479002623,146171.2488689735,52.281035377852156
3797,0.04562070755704306,1.0,0.0,0.001040624479002623,146171.2488689735,52.281035377852156
3798,0.04562070755704306,1.0,0.0,0.001040624479002623,146171.2488689735,52.281035377852156
3799,0.04562070755704306,1.0,0.0,0.001040624479002623,146171.2488689735,52.281035377852156
3800,0.04562070755704306,1.0,0.0,0.001040624479002623,146171.2488689735,52.281035377852156
3801,0.04562070755704306,1.0,0.0,0.001040624479002623,146171.2488689735,52.281035377852156
3802,0.04562070755704306,1.0,0.0,0.001040624479002623,146171.2488689735,52.281035377852156
3803,0.04562070755704306,1.0,0.0,0.001040624479002623,146171.2488689735,52.281035377852156
3804,0.04562070755704306,1.0,0.0,0.001040624479002623,146171.2488689735,52.281035377852156
3805,0.04562070755704306,1.0,0.0,0.001040624479002623,146171.2488689735,52.281035377852156
3806,0.04562070755704306,1.0,0.0,0.001040624479002623,146171.2488689735,52.281035377852156
3807,0.04562070755704306,1.0,0.0,0.001040624479002623,146171.2488689735,52.281035377852156
3808,0.04562070755704306,1.0,0.0,0.001040624479002623,146171.2488689735,52.281035377852156
3809,0.04562070755704306,1.0,0.0,0.001040624479002623,146171.2488689735,52.281035377852156
3810,0.04562070755704306,1.0,0.0,0.001040624479002623,146171.2488689735,52.281035377852156
3811,0.04562070755704306,1.0,0.0,0.001040624479002623,146171.2488689735,52.281035377852156
3812,0.04562070755704306,1.0,0.0,0.001040624479002623,146171.2488689735,52.281035377852156
3813,0.04562070755704306,1.0,0.0,0.001040624479002623,146171.2488689735,52.281035377852156
3814,0.04562070755704306,1.0,0.0,0.001040624479002623,146171.2488689735,52.281035377852156
3815,0.04562070755704306,1.0,0.0,0.001040624479002623,146171.2488689735,52.281035377852156
3816,0.04562070755704306,1.0,0.0,0.001040624479002623,146171.2488689735,52.281035377852156
3817,0.04562070755704306,1.0,0.0,0.001040624479002623,146171.2488689735,52.281035377852156
3818,0.04562070755704306,1.0,0.0,0.001040624479002623,146171.2488689735,52.281035377852156
3819,0.04562070755704306,1.0,0.0,0.001040624479002623,146171.2488689735,52.281035377852156
3820,0.04562070755704306,1.0,0.0,0.001040624479002623,146171.2488689735,52.281035377852156
3821,0.04562070755704306,1.0,0.0,0.001040624479002623,146171.2488689735,52.281035377852156
3822,0.04562070755704306,1.0,0.0,0.001040624479002623,146171.2488689735,52.281035377852156
3823,0.04562070755704306,1.0,0.0,0.001040624479002623,146171.2488689735,52.281035377852156
3824,0.04562070755704306,1.0,0.0,0.001040624479002623,146171.2488689735,52.281035377852156
3825,0.04562070755704306,1.0,0.0,0.001040624479002623,146171.2488689735,52.281035377852156
3826,0.04562070755704306,1.0,0.0,0.001040624479002623,146171.2488689735,52.281035377852156
3827,0.04562070755704306,1.0,0.0,0.001040624479002623,146171.2488689735,52.281035377852156
3828,0.04562070755704306,1.0,0.0,0.001040624479002623,146171.2488689735,52.281035377852156
3829,0.04562070755704306,1.0,0.0,0.001040624479002623,146171.2488689735,52.281035377852156
3830,0.04562070755704306,1.0,0.0,0.001040624479002623,146171.2488689735,52.281035377852156
3831,0.04562070755704306,1.0,0.0,0.001040624479002623,146171.2488689735,52.281035377852156
3832,0.04562070755704306,1.0,0.0,0.001040624479002623,146171.2488689735,52.281035377852156
3833,0.04562070755704306,1.0,0.0,0.001040624479002623,146171.2488689735,52.281035377852156
3834,0.04562070755704306,1.0,0.0,0.001040624479002623,146171.2488689735,52.281035377852156
3835,0.04562070755704306,1.0,0.0,0.001040624479002623,146171.2488689735,52.281035377852156
3836,0.04562070755704306,1.0,0.0,0.001040624479002623,146171.2488689735,52.281035377852156
3837,0.04562070755704306,1.0,0.0,0.001040624479002623,146171.2488689735,52.281035377852156
3838,0.04562070755704306,1.0,0.0,0.001040624479002623,146171.2488689735,52.281035377852156
3839,0.04562070755704306,1.0,0.0,0.001040624479002623,146171.2488689735,52.281035377852156
3840,0.04562070755704306,1.0,0.0,0.001040624479002623,146171.2488689735,52.281035377852156
3841,0.04562070755704306,1.0,0.0,0.001040624479002623,146171.2488689735,52.281035377852156
3842,0.04562070755704306,1.0,0.0,0.001040624479002623,146171.2488689735,52.281035377852156
3843,0.04562070755704306,1.0,0.0,0.001040624479002623,146171.2488689735,52.281035377852156
3844,0.04562070755704306,1.0,0.0,0.001040624479002623,146171.2488689735,52.281035377852156
3845,0.04562070755704306,1.0,0.0,0.001040624479002623,146171.2488689735,52.281035377852156
3846,0.04562070755704306,1.0,0.0,0.001040624479002623,146171.2488689735,52.281035377852156
3847,0.04562070755704306,1.0,0.0,0.001040624479002623,146171.2488689735,52.281035377852156
3848,0.04562070755704306,1.0,0.0,0.001040624479002623,146171.2488689735,52.281035377852156
3849,0.04562070755704306,1.0,0.0,0.001040624479002623,146171.2488689735,52.281035377852156
3850,0.04562070755704306,1.0,0.0,0.001040624479002623,146171.2488689735,52.281035377852156
3851,0.04562070755704306,1.0,0.0,0.001040624479002623,146171.2488689735,52.281035377852156
3852,0.04562070755704306,1.0,0.0,0.001040624479002623,146171.2488689735,52.281035377852156
3853,0.04562070755704306,1.0,0.0,0.001040624479002623,146171.2488689735,52.281035377852156
3854,0.04562070755704306,1.0,0.0,0.001040624479002623,146171.2488689735,52.281035377852156
3855,0.04562070755704306,1.0,0.0,0.001040624479002623,146171.2488689735,52.281035377852156
3856,0.04562070755704306,1.0,0.0,0.001040624479002623,146171.2488689735,52.281035377852156
3857,0.04562070755704306,1.0,0.0,0.001040624479002623,146171.2488689735,52.281035377852156
3858,0.04562070755704306,1.0,0.0,0.001040624479002623,146171.2488689735,52.281035377852156
3859,0.04562070755704306,1.0,0.0,0.001040624479002623,146171.2488689735,52.281035377852156
3860,0.04562070755704306,1.0,0.0,0.001040624479002623,146171.2488689735,52.281035377852156
3861,0.04562070755704306,1.0,0.0,0.001040624479002623,146171.2488689735,52.281035377852156
3862,0.04562070755704306,1.0,0.0,0.001040624479002623,146171.2488689735,52.281035377852156
3863,0.04562070755704306,1.0,0.0,0.001040624479002623,146171.2488689735,52.281035377852156
3864,0.04562070755704306,1.0,0.0,0.001040624479002623,146171.2488689735,52.281035377852156
3865,0.04562070755704306,1.0,0.0,0.001040624479002623,146171.2488689735,52.281035377852156
3866,0.04562070755704306,1.0,0.0,0.001040624479002623,146171.2488689735,52.281035377852156
3867,0.04562070755704306,1.0,0.0,0.001040624479002623,146171.2488689735,52.281035377852156
3868,0.04562070755704306,1.0,0.0,0.001040624479002623,146171.2488689735,52.281035377852156
3869,0.04562070755704306,1.0,0.0,0.001040624479002623,146171.2488689735,52.281035377852156
3870,0.04562070755704306,1.0,0.0,0.001040624479002623,146171.2488689735,52.281035377852156
3871,0.04562070755704306,1.0,0.0,0.001040624479002623,146171.2488689735,52.281035377852156
3872,0.04562070755704306,1.0,0.0,0.001040624479002623,146171.2488689735,52.281035377852156
3873,0.04562070755704306,1.0,0.0,0.001040624479002623,146171.2488689735,52.281035377852156
3874,0.04562070755704306,1.0,0.0,0.001040624479002623,146171.2488689735,52.281035377852156
3875,0.04562070755704306,1.0,0.0,0.001040624479002623,146171.2488689735,52.281035377852156
3876,0.04562070755704306,1.0,0.0,0.001040624479002623,146171.2488689735,52.281035377852156
3877,0.04562070755704306,1.0,0.0,0.001040624479002623,146171.2488689735,52.281035377852156
3878,0.04562070755704306,1.0,0.0,0.001040624479002623,146171.2488689735,52.281035377852156
3879,0.04562070755704306,1.0,0.0,0.001040624479002623,146171.2488689735,52.281035377852156
3880,0.04562070755704306,1.0,0.0,0.001040624479002623,146171.2488689735,52.281035377852156
3881,0.04562070755704306,1.0,0.0,0.001040624479002623,146171.2488689735,52.281035377852156
3882,0.04562070755704306,1.0,0.0,0.001040624479002623,146171.2488689735,52.281035377852156
3883,0.04562070755704306,1.0,0.0,0.001040624479002623,146171.2488689735,52.281035377852156
3884,0.04562070755704306,1.0,0.0,0.001040624479002623,146171.2488689735,52.281035377852156
3885,0.04562070755704306,1.0,0.0,0.001040624479002623,146171.2488689735,52.281035377852156
3886,0.04562070755704306,1.0,0.0,0.001040624479002623,146171.2488689735,52.281035377852156
3887,0.04562070755704306,1.0,0.0,0.001040624479002623,146171.2488689735,52.281035377852156
3888,0.04562070755704306,1.0,0.0,0.001040624479002623,146171.2488689735,52.281035377852156
3889,0.04562070755704306,1.0,0.0,0.001040624479002623,146171.2488689735,52.281035377852156
3890,0.04562070755704306,1.0,0.0,0.001040624479002623,146171.2488689735,52.281035377852156
3891,0.04562070755704306,1.0,0.0,0.001040624479002623,146171.2488689735,52.281035377852156
3892,0.04562070755704306,1.0,0.0,0.001040624479002623,146171.2488689735,52.281035377852156
3893,0.04562070755704306,1.0,0.0,0.001040624479002623,146171.2488689735,52.281035377852156
3894,0.04562070755704306,1.0,0.0,0.001040624479002623,146171.2488689735,52.281035377852156
3895,0.04562070755704306,1.0,0.0,0.001040624479002623,146171.2488689735,52.281035377852156
3896,0.04562070755704306,1.0,0.0,0.001040624479002623,146171.2488689735,52.281035377852156
3897,0.04562070755704306,1.0,0.0,0.001040624479002623,146171.2488689735,52.281035377852156
3898,0.04562070755704306,1.0,0.0,0.001040624479002623,146171.2488689735,52.281035377852156
3899,0.04562070755704306,1.0,0.0,0.001040624479002623,146171.2488689735,52.281035377852156
3900,0.04562070755704306,1.0,0.0,0.001040624479002623,146171.2488689735,52.281035377852156
3901,0.04562070755704306,1.0,0.0,0.001040624479002623,146171.2488689735,52.281035377852156
3902,0.04562070755704306,1.0,0.0,0.001040624479002623,146171.2488689735,52.281035377852156
3903,0.04562070755704306,1.0,0.0,0.001040624479002623,146171.2488689735,52.281035377852156
3904,0.04562070755704306,1.0,0.0,0.001040624479002623,146171.2488689735,52.281035377852156
3905,0.04562070755704306,1.0,0.0,0.001040624479002623,146171.2488689735,52.281035377852156
3906,0.04562070755704306,1.0,0.0,0.001040624479002623,146171.2488689735,52.281035377852156
3907,0.04562070755704306,1.0,0.0,0.001040624479002623,146171.2488689735,52.281035377852156
3908,0.04562070755704306,1.0,0.0,0.001040624479002623,146171.2488689735,52.281035377852156
3909,0.04562070755704306,1.0,0.0,0.001040624479002623,146171.2488689735,52.281035377852156
3910,0.04562070755704306,1.0,0.0,0.001040624479002623,146171.2488689735,52.281035377852156
3911,0.04562070755704306,1.0,0.0,0.001040624479002623,146171.2488689735,52.281035377852156
3912,0.04562070755704306,1.0,0.0,0.001040624479002623,146171.2488689735,52.281035377852156
3913,0.04562070755704306,1.0,0.0,0.001040624479002623,146171.2488689735,52.281035377852156
3914,0.04562070755704306,1.0,0.0,0.001040624479002623,146171.2488689735,52.281035377852156
3915,0.04562070755704306,1.0,0.0,0.001040624479002623,146171.2488689735,52.281035377852156
3916,0.04562070755704306,1.0,0.0,0.001040624479002623,146171.2488689735,52.281035377852156
3917,0.04562070755704306,1.0,0.0,0.001040624479002623,146171.2488689735,52.281035377852156
3918,0.04562070755704306,1.0,0.0,0.001040624479002623,146171.2488689735,52.281035377852156
3919,0.04562070755704306,1.0,0.0,0.001040624479002623,146171.2488689735,52.281035377852156
3920,0.04562070755704306,1.0,0.0,0.001040624479002623,146171.2488689735,52.281035377852156
3921,0.04562070755704306,1.0,0.0,0.001040624479002623,146171.2488689735,52.281035377852156
3922,0.04562070755704306,1.0,0.0,0.001040624479002623,146171.2488689735,52.281035377852156
3923,0.04562070755704306,1.0,0.0,0.001040624479002623,146171.2488689735,52.281035377852156
3924,0.04562070755704306,1.0,0.0,0.001040624479002623,146171.2488689735,52.281035377852156
3925,0.04562070755704306,1.0,0.0,0.001040624479002623,146171.2488689735,52.281035377852156
3926,0.04562070755704306,1.0,0.0,0.001040624479002623,146171.2488689735,52.281035377852156
3927,0.04562070755704306,1.0,0.0,0.001040624479002623,146171.2488689735,52.281035377852156
3928,0.04562070755704306,1.0,0.0,0.001040624479002623,146171.2488689735,52.281035377852156
3929,0.04562070755704306,1.0,0.0,0.001040624479002623,146171.2488689735,52.281035377852156
3930,0.04562070755704306,1.0,0.0,0.001040624479002623,146171.2488689735,52.281035377852156
3931,0.04562070755704306,1.0,0.0,0.001040624479002623,146171.2488689735,52.281035377852156
3932,0.04562070755704306,1.0,0.0,0.001040624479002623,146171.2488689735,52.281035377852156
3933,0.04562070755704306,1.0,0.0,0.001040624479002623,146171.2488689735,52.281035377852156
3934,0.04562070755704306,1.0,0.0,0.001040624479002623,146171.2488689735,52.281035377852156
3935,0.04562070755704306,1.0,0.0,0.001040624479002623,146171.2488689735,52.281035377852156
3936,0.04562070755704306,1.0,0.0,0.001040624479002623,146171.2488689735,52.281035377852156
3937,0.04562070755704306,1.0,0.0,0.001040624479002623,146171.2488689735,52.281035377852156
3938,0.04562070755704306,1.0,0.0,0.001040624479002623,146171.2488689735,52.281035377852156
3939,0.04562070755704306,1.0,0.0,0.001040624479002623,146171.2488689735,52.281035377852156
3940,0.04562070755704306,1.0,0.0,0.001040624479002623,146171.2488689735,52.281035377852156
3941,0.04562070755704306,1.0,0.0,0.001040624479002623,146171.2488689735,52.281035377852156
3942,0.04562070755704306,1.0,0.0,0.001040624479002623,146171.2488689735,52.281035377852156
3943,0.04562070755704306,1.0,0.0,0.001040624479002623,146171.2488689735,52.281035377852156
3944,0.04562070755704306,1.0,0.0,0.001040624479002623,146171.2488689735,52.281035377852156
3945,0.04562070755704306,1.0,0.0,0.001040624479002623,146171.2488689735,52.281035377852156
3946,0.04562070755704306,1.0,0.0,0.001040624479002623,146171.2488689735,52.281035377852156
3947,0.04562070755704306,1.0,0.0,0.001040624479002623,146171.2488689735,52.281035377852156
3948,0.04562070755704306,1.0,0.0,0.001040624479002623,146171.2488689735,52.281035377852156
3949,0.04562070755704306,1.0,0.0,0.001040624479002623,146171.2488689735,52.281035377852156
3950,0.04562070755704306,1.0,0.0,0.001040624479002623,146171.2488689735,52.281035377852156
3951,0.04562070755704306,1.0,0.0,0.001040624479002623,146171.2488689735,52.281035377852156
3952,0.04562070755704306,1.0,0.0,0.001040624479002623,146171.2488689735,52.281035377852156
3953,0.04562070755704306,1.0,0.0,0.001040624479002623,146171.2488689735,52.281035377852156
3954,0.04562070755704306,1.0,0.0,0.001040624479002623,146171.2488689735,52.281035377852156
3955,0.04562070755704306,1.0,0.0,0.001040624479002623,146171.2488689735,52.281035377852156
3956,0.04562070755704306,1.0,0.0,0.001040624479002623,146171.2488689735,52.281035377852156
3957,0.04562070755704306,1.0,0.0,0.001040624479002623,146171.2488689735,52.281035377852156
3958,0.04562070755704306,1.0,0.0,0.001040624479002623,146171.2488689735,52.281035377852156
3959,0.04562070755704306,1.0,0.0,0.001040624479002623,146171.2488689735,52.281035377852156
3960,0.04562070755704306,1.0,0.0,0.001040624479002623,146171.2488689735,52.281035377852156
3961,0.04562070755704306,1.0,0.0,0.001040624479002623,146171.2488689735,52.281035377852156
3962,0.04562070755704306,1.0,0.0,0.001040624479002623,146171.2488689735,52.281035377852156
3963,0.04562070755704306,1.0,0.0,0.001040624479002623,146171.2488689735,52.281035377852156
3964,0.04562070755704306,1.0,0.0,0.001040624479002623,146171.2488689735,52.281035377852156
3965,0.04562070755704306,1.0,0.0,0.001040624479002623,146171.2488689735,52.281035377852156
3966,0.04562070755704306,1.0,0.0,0.001040624479002623,146171.2488689735,52.281035377852156
3967,0.04562070755704306,1.0,0.0,0.001040624479002623,146171.2488689735,52.281035377852156
3968,0.04562070755704306,1.0,0.0,0.001040624479002623,146171.2488689735,52.281035377852156
3969,0.04562070755704306,1.0,0.0,0.001040624479002623,146171.2488689735,52.281035377852156
3970,0.04562070755704306,1.0,0.0,0.001040624479002623,146171.2488689735,52.281035377852156
3971,0.04562070755704306,1.0,0.0,0.001040624479002623,146171.2488689735,52.281035377852156
3972,0.04562070755704306,1.0,0.0,0.001040624479002623,146171.2488689735,52.281035377852156
3973,0.04562070755704306,1.0,0.0,0.001040624479002623,146171.2488689735,52.281035377852156
3974,0.04562070755704306,1.0,0.0,0.001040624479002623,146171.2488689735,52.281035377852156
3975,0.04562070755704306,1.0,0.0,0.001040624479002623,146171.2488689735,52.281035377852156
3976,0.04562070755704306,1.0,0.0,0.001040624479002623,146171.2488689735,52.281035377852156
3977,0.04562070755704306,1.0,0.0,0.001040624479002623,146171.2488689735,52.281035377852156
3978,0.04562070755704306,1.0,0.0,0.001040624479002623,146171.2488689735,52.281035377852156
3979,0.04562070755704306,1.0,0.0,0.001040624479002623,146171.2488689735,52.281035377852156
3980,0.04562070755704306,1.0,0.0,0.001040624479002623,146171.2488689735,52.281035377852156
3981,0.04562070755704306,1.0,0.0,0.001040624479002623,146171.2488689735,52.281035377852156
3982,0.04562070755704306,1.0,0.0,0.001040624479002623,146171.2488689735,52.281035377852156
3983,0.04562070755704306,1.0,0.0,0.001040624479002623,146171.2488689735,52.281035377852156
3984,0.04562070755704306,1.0,0.0,0.001040624479002623,146171.2488689735,52.281035377852156
3985,0.04562070755704306,1.0,0.0,0.001040624479002623,146171.2488689735,52.281035377852156
3986,0.04562070755704306,1.0,0.0,0.001040624479002623,146171.2488689735,52.281035377852156
3987,0.04562070755704306,1.0,0.0,0.001040624479002623,146171.2488689735,52.281035377852156
3988,0.04562070755704306,1.0,0.0,0.001040624479002623,146171.2488689735,52.281035377852156
3989,0.04562070755704306,1.0,0.0,0.001040624479002623,146171.2488689735,52.281035377852156
3990,0.04562070755704306,1.0,0.0,0.001040624479002623,146171.2488689735,52.281035377852156
3991,0.04562070755704306,1.0,0.0,0.001040624479002623,146171.2488689735,52.281035377852156
3992,0.04562070755704306,1.0,0.0,0.001040624479002623,146171.2488689735,52.281035377852156
3993,0.04562070755704306,1.0,0.0,0.001040624479002623,146171.2488689735,52.281035377852156
3994,0.04562070755704306,1.0,0.0,0.001040624479002623,146171.2488689735,52.281035377852156
3995,0.04562070755704306,1.0,0.0,0.001040624479002623,146171.2488689735,52.281035377852156
3996,0.04562070755704306,1.0,0.0,0.001040624479002623,146171.2488689735,52.281035377852156
3997,0.04562070755704306,1.0,0.0,0.001040624479002623,146171.2488689735,52.281035377852156
3998,0.04562070755704306,1.0,0.0,0.001040624479002623,146171.2488689735,52.281035377852156
3999,0.04562070755704306,1.0,0.0,0.001040624479002623,146171.2488689735,52.281035377852156
4000,0.04562070755704306,1.0,0.0,0.001040624479002623,146171.2488689735,52.281035377852156
4001,0.04562070755704306,1.0,0.0,0.001040624479002623,146171.2488689735,52.281035377852156
4002,0.04562070755704306,1.0,0.0,0.001040624479002623,146171.2488689735,52.281035377852156
4003,0.04562070755704306,1.0,0.0,0.001040624479002623,146171.2488689735,52.281035377852156
4004,0.04562070755704306,1.0,0.0,0.001040624479002623,146171.2488689735,52.281035377852156
4005,0.04562070755704306,1.0,0.0,0.001040624479002623,146171.2488689735,52.281035377852156
4006,0.04562070755704306,1.0,0.0,0.001040624479002623,146171.2488689735,52.281035377852156
4007,0.04562070755704306,1.0,0.0,0.001040624479002623,146171.2488689735,52.281035377852156
4008,0.04562070755704306,1.0,0.0,0.001040624479002623,146171.2488689735,52.281035377852156
4009,0.04562070755704306,1.0,0.0,0.001040624479002623,146171.2488689735,52.281035377852156
4010,0.04562070755704306,1.0,0.0,0.001040624479002623,146171.2488689735,52.281035377852156
4011,0.04562070755704306,1.0,0.0,0.001040624479002623,146171.2488689735,52.281035377852156
4012,0.04562070755704306,1.0,0.0,0.001040624479002623,146171.2488689735,52.281035377852156
4013,0.04562070755704306,1.0,0.0,0.001040624479002623,146171.2488689735,52.281035377852156
4014,0.04562070755704306,1.0,0.0,0.001040624479002623,146171.2488689735,52.281035377852156
4015,0.04562070755704306,1.0,0.0,0.001040624479002623,146171.2488689735,52.281035377852156
4016,0.04562070755704306,1.0,0.0,0.001040624479002623,146171.2488689735,52.281035377852156
4017,0.04562070755704306,1.0,0.0,0.001040624479002623,146171.2488689735,52.281035377852156
4018,0.04562070755704306,1.0,0.0,0.001040624479002623,146171.2488689735,52.281035377852156
4019,0.04562070755704306,1.0,0.0,0.001040624479002623,146171.2488689735,52.281035377852156
4020,0.04562070755704306,1.0,0.0,0.001040624479002623,146171.2488689735,52.281035377852156
4021,0.04562070755704306,1.0,0.0,0.001040624479002623,146171.2488689735,52.281035377852156
4022,0.04562070755704306,1.0,0.0,0.001040624479002623,146171.2488689735,52.281035377852156
4023,0.04562070755704306,1.0,0.0,0.001040624479002623,146171.2488689735,52.281035377852156
4024,0.04562070755704306,1.0,0.0,0.001040624479002623,146171.2488689735,52.281035377852156
4025,0.04562070755704306,1.0,0.0,0.001040624479002623,146171.2488689735,52.281035377852156
4026,0.04562070755704306,1.0,0.0,0.001040624479002623,146171.2488689735,52.281035377852156
4027,0.04562070755704306,1.0,0.0,0.001040624479002623,146171.2488689735,52.281035377852156
4028,0.04562070755704306,1.0,0.0,0.001040624479002623,146171.2488689735,52.281035377852156
4029,0.04562070755704306,1.0,0.0,0.001040624479002623,146171.2488689735,52.281035377852156
4030,0.04562070755704306,1.0,0.0,0.001040624479002623,146171.2488689735,52.281035377852156
4031,0.04562070755704306,1.0,0.0,0.001040624479002623,146171.2488689735,52.281035377852156
4032,0.04562070755704306,1.0,0.0,0.001040624479002623,146171.2488689735,52.281035377852156
4033,0.04562070755704306,1.0,0.0,0.001040624479002623,146171.2488689735,52.281035377852156
4034,0.04562070755704306,1.0,0.0,0.001040624479002623,146171.2488689735,52.281035377852156
4035,0.04562070755704306,1.0,0.0,0.001040624479002623,146171.2488689735,52.281035377852156
4036,0.04562070755704306,1.0,0.0,0.001040624479002623,146171.2488689735,52.281035377852156
4037,0.04562070755704306,1.0,0.0,0.001040624479002623,146171.2488689735,52.281035377852156
4038,0.04562070755704306,1.0,0.0,0.001040624479002623,146171.2488689735,52.281035377852156
4039,0.04562070755704306,1.0,0.0,0.001040624479002623,146171.2488689735,52.281035377852156
4040,0.04562070755704306,1.0,0.0,0.001040624479002623,146171.2488689735,52.281035377852156
4041,0.04562070755704306,1.0,0.0,0.001040624479002623,146171.2488689735,52.281035377852156
4042,0.04562070755704306,1.0,0.0,0.001040624479002623,146171.2488689735,52.281035377852156
4043,0.04562070755704306,1.0,0.0,0.001040624479002623,146171.2488689735,52.281035377852156
4044,0.04562070755704306,1.0,0.0,0.001040624479002623,146171.2488689735,52.281035377852156
4045,0.04562070755704306,1.0,0.0,0.001040624479002623,146171.2488689735,52.281035377852156
4046,0.04562070755704306,1.0,0.0,0.001040624479002623,146171.2488689735,52.281035377852156
4047,0.04562070755704306,1.0,0.0,0.001040624479002623,146171.2488689735,52.281035377852156
4048,0.04562070755704306,1.0,0.0,0.001040624479002623,146171.2488689735,52.281035377852156
4049,0.04562070755704306,1.0,0.0,0.001040624479002623,146171.2488689735,52.281035377852156
4050,0.04562070755704306,1.0,0.0,0.001040624479002623,146171.2488689735,52.281035377852156
4051,0.04562070755704306,1.0,0.0,0.001040624479002623,146171.2488689735,52.281035377852156
4052,0.04562070755704306,1.0,0.0,0.001040624479002623,146171.2488689735,52.281035377852156
4053,0.04562070755704306,1.0,0.0,0.001040624479002623,146171.2488689735,52.281035377852156
4054,0.04562070755704306,1.0,0.0,0.001040624479002623,146171.2488689735,52.281035377852156
4055,0.04562070755704306,1.0,0.0,0.001040624479002623,146171.2488689735,52.281035377852156
4056,0.04562070755704306,1.0,0.0,0.001040624479002623,146171.2488689735,52.281035377852156
4057,0.04562070755704306,1.0,0.0,0.001040624479002623,146171.2488689735,52.281035377852156
4058,0.04562070755704306,1.0,0.0,0.001040624479002623,146171.2488689735,52.281035377852156
4059,0.04562070755704306,1.0,0.0,0.001040624479002623,146171.2488689735,52.281035377852156
4060,0.04562070755704306,1.0,0.0,0.001040624479002623,146171.2488689735,52.281035377852156
4061,0.04562070755704306,1.0,0.0,0.001040624479002623,146171.2488689735,52.281035377852156
4062,0.04562070755704306,1.0,0.0,0.001040624479002623,146171.2488689735,52.281035377852156
4063,0.04562070755704306,1.0,0.0,0.001040624479002623,146171.2488689735,52.281035377852156
4064,0.04562070755704306,1.0,0.0,0.001040624479002623,146171.2488689735,52.281035377852156
4065,0.04562070755704306,1.0,0.0,0.001040624479002623,146171.2488689735,52.281035377852156
4066,0.04562070755704306,1.0,0.0,0.001040624479002623,146171.2488689735,52.281035377852156
4067,0.04562070755704306,1.0,0.0,0.001040624479002623,146171.2488689735,52.281035377852156
4068,0.04562070755704306,1.0,0.0,0.001040624479002623,146171.2488689735,52.281035377852156
4069,0.04562070755704306,1.0,0.0,0.001040624479002623,146171.2488689735,52.281035377852156
4070,0.04562070755704306,1.0,0.0,0.001040624479002623,146171.2488689735,52.281035377852156
4071,0.04562070755704306,1.0,0.0,0.001040624479002623,146171.2488689735,52.281035377852156
4072,0.04562070755704306,1.0,0.0,0.001040624479002623,146171.2488689735,52.281035377852156
4073,0.04562070755704306,1.0,0.0,0.001040624479002623,146171.2488689735,52.281035377852156
4074,0.04562070755704306,1.0,0.0,0.001040624479002623,146171.2488689735,52.281035377852156
4075,0.04562070755704306,1.0,0.0,0.001040624479002623,146171.2488689735,52.281035377852156
4076,0.04562070755704306,1.0,0.0,0.001040624479002623,146171.2488689735,52.281035377852156
4077,0.04562070755704306,1.0,0.0,0.001040624479002623,146171.2488689735,52.281035377852156
4078,0.04562070755704306,1.0,0.0,0.001040624479002623,146171.2488689735,52.281035377852156
4079,0.04562070755704306,1.0,0.0,0.001040624479002623,146171.2488689735,52.281035377852156
4080,0.04562070755704306,1.0,0.0,0.001040624479002623,146171.2488689735,52.281035377852156
4081,0.04562070755704306,1.0,0.0,0.001040624479002623,146171.2488689735,52.281035377852156
4082,0.04562070755704306,1.0,0.0,0.001040624479002623,146171.2488689735,52.281035377852156
4083,0.04562070755704306,1.0,0.0,0.001040624479002623,146171.2488689735,52.281035377852156
4084,0.04562070755704306,1.0,0.0,0.001040624479002623,146171.2488689735,52.281035377852156
4085,0.04562070755704306,1.0,0.0,0.001040624479002623,146171.2488689735,52.281035377852156
4086,0.04562070755704306,1.0,0.0,0.001040624479002623,146171.2488689735,52.281035377852156
4087,0.04562070755704306,1.0,0.0,0.001040624479002623,146171.2488689735,52.281035377852156
4088,0.04562070755704306,1.0,0.0,0.001040624479002623,146171.2488689735,52.281035377852156
4089,0.04562070755704306,1.0,0.0,0.001040624479002623,146171.2488689735,52.281035377852156
4090,0.04562070755704306,1.0,0.0,0.001040624479002623,146171.2488689735,52.281035377852156
4091,0.04562070755704306,1.0,0.0,0.001040624479002623,146171.2488689735,52.281035377852156
4092,0.04562070755704306,1.0,0.0,0.001040624479002623,146171.2488689735,52.281035377852156
4093,0.04562070755704306,1.0,0.0,0.001040624479002623,146171.2488689735,52.281035377852156
4094,0.04562070755704306,1.0,0.0,0.001040624479002623,146171.2488689735,52.281035377852156
4095,0.04562070755704306,1.0,0.0,0.001040624479002623,146171.2488689735,52.281035377852156
4096,0.04562070755704306,1.0,0.0,0.001040624479002623,146171.2488689735,52.281035377852156
4097,0.04562070755704306,1.0,0.0,0.001040624479002623,146171.2488689735,52.281035377852156
4098,0.04562070755704306,1.0,0.0,0.001040624479002623,146171.2488689735,52.281035377852156
4099,0.04562070755704306,1.0,0.0,0.001040624479002623,146171.2488689735,52.281035377852156
4100,0.04562070755704306,1.0,0.0,0.001040624479002623,146171.2488689735,52.281035377852156
4101,0.04562070755704306,1.0,0.0,0.001040624479002623,146171.2488689735,52.281035377852156
4102,0.04562070755704306,1.0,0.0,0.001040624479002623,146171.2488689735,52.281035377852156
4103,0.04562070755704306,1.0,0.0,0.001040624479002623,146171.2488689735,52.281035377852156
4104,0.04562070755704306,1.0,0.0,0.001040624479002623,146171.2488689735,52.281035377852156
4105,0.04562070755704306,1.0,0.0,0.001040624479002623,146171.2488689735,52.281035377852156
4106,0.04562070755704306,1.0,0.0,0.001040624479002623,146171.2488689735,52.281035377852156
4107,0.04562070755704306,1.0,0.0,0.001040624479002623,146171.2488689735,52.281035377852156
4108,0.04562070755704306,1.0,0.0,0.001040624479002623,146171.2488689735,52.281035377852156
4109,0.04562070755704306,1.0,0.0,0.001040624479002623,146171.2488689735,52.281035377852156
4110,0.04562070755704306,1.0,0.0,0.001040624479002623,146171.2488689735,52.281035377852156
4111,0.04562070755704306,1.0,0.0,0.001040624479002623,146171.2488689735,52.281035377852156
4112,0.04562070755704306,1.0,0.0,0.001040624479002623,146171.2488689735,52.281035377852156
4113,0.04562070755704306,1.0,0.0,0.001040624479002623,146171.2488689735,52.281035377852156
4114,0.04562070755704306,1.0,0.0,0.001040624479002623,146171.2488689735,52.281035377852156
4115,0.04562070755704306,1.0,0.0,0.001040624479002623,146171.2488689735,52.281035377852156
4116,0.04562070755704306,1.0,0.0,0.001040624479002623,146171.2488689735,52.281035377852156
4117,0.04562070755704306,1.0,0.0,0.001040624479002623,146171.2488689735,52.281035377852156
4118,0.04562070755704306,1.0,0.0,0.001040624479002623,146171.2488689735,52.281035377852156
4119,0.04562070755704306,1.0,0.0,0.001040624479002623,146171.2488689735,52.281035377852156
4120,0.04562070755704306,1.0,0.0,0.001040624479002623,146171.2488689735,52.281035377852156
4121,0.04562070755704306,1.0,0.0,0.001040624479002623,146171.2488689735,52.281035377852156
4122,0.04562070755704306,1.0,0.0,0.001040624479002623,146171.2488689735,52.281035377852156
4123,0.04562070755704306,1.0,0.0,0.001040624479002623,146171.2488689735,52.281035377852156
4124,0.04562070755704306,1.0,0.0,0.001040624479002623,146171.2488689735,52.281035377852156
4125,0.04562070755704306,1.0,0.0,0.001040624479002623,146171.2488689735,52.281035377852156
4126,0.04562070755704306,1.0,0.0,0.001040624479002623,146171.2488689735,52.281035377852156
4127,0.04562070755704306,1.0,0.0,0.001040624479002623,146171.2488689735,52.281035377852156
4128,0.04562070755704306,1.0,0.0,0.001040624479002623,146171.2488689735,52.281035377852156
4129,0.04562070755704306,1.0,0.0,0.001040624479002623,146171.2488689735,52.281035377852156
4130,0.04562070755704306,1.0,0.0,0.001040624479002623,146171.2488689735,52.281035377852156
4131,0.04562070755704306,1.0,0.0,0.001040624479002623,146171.2488689735,52.281035377852156
4132,0.04562070755704306,1.0,0.0,0.001040624479002623,146171.2488689735,52.281035377852156
4133,0.04562070755704306,1.0,0.0,0.001040624479002623,146171.2488689735,52.281035377852156
4134,0.04562070755704306,1.0,0.0,0.001040624479002623,146171.2488689735,52.281035377852156
4135,0.04562070755704306,1.0,0.0,0.001040624479002623,146171.2488689735,52.281035377852156
4136,0.04562070755704306,1.0,0.0,0.001040624479002623,146171.2488689735,52.281035377852156
4137,0.04562070755704306,1.0,0.0,0.001040624479002623,146171.2488689735,52.281035377852156
4138,0.04562070755704306,1.0,0.0,0.001040624479002623,146171.2488689735,52.281035377852156
4139,0.04562070755704306,1.0,0.0,0.001040624479002623,146171.2488689735,52.281035377852156
4140,0.04562070755704306,1.0,0.0,0.001040624479002623,146171.2488689735,52.281035377852156
4141,0.04562070755704306,1.0,0.0,0.001040624479002623,146171.2488689735,52.281035377852156
4142,0.04562070755704306,1.0,0.0,0.001040624479002623,146171.2488689735,52.281035377852156
4143,0.04562070755704306,1.0,0.0,0.001040624479002623,146171.2488689735,52.281035377852156
4144,0.04562070755704306,1.0,0.0,0.001040624479002623,146171.2488689735,52.281035377852156
4145,0.04562070755704306,1.0,0.0,0.001040624479002623,146171.2488689735,52.281035377852156
4146,0.04562070755704306,1.0,0.0,0.001040624479002623,146171.2488689735,52.281035377852156
4147,0.04562070755704306,1.0,0.0,0.001040624479002623,146171.2488689735,52.281035377852156
4148,0.04562070755704306,1.0,0.0,0.001040624479002623,146171.2488689735,52.281035377852156
4149,0.04562070755704306,1.0,0.0,0.001040624479002623,146171.2488689735,52.281035377852156
4150,0.04562070755704306,1.0,0.0,0.001040624479002623,146171.2488689735,52.281035377852156
4151,0.04562070755704306,1.0,0.0,0.001040624479002623,146171.2488689735,52.281035377852156
4152,0.04562070755704306,1.0,0.0,0.001040624479002623,146171.2488689735,52.281035377852156
4153,0.04562070755704306,1.0,0.0,0.001040624479002623,146171.2488689735,52.281035377852156
4154,0.04562070755704306,1.0,0.0,0.001040624479002623,146171.2488689735,52.281035377852156
4155,0.04562070755704306,1.0,0.0,0.001040624479002623,146171.2488689735,52.281035377852156
4156,0.04562070755704306,1.0,0.0,0.001040624479002623,146171.2488689735,52.281035377852156
4157,0.04562070755704306,1.0,0.0,0.001040624479002623,146171.2488689735,52.281035377852156
4158,0.04562070755704306,1.0,0.0,0.001040624479002623,146171.2488689735,52.281035377852156
4159,0.04562070755704306,1.0,0.0,0.001040624479002623,146171.2488689735,52.281035377852156
4160,0.04562070755704306,1.0,0.0,0.001040624479002623,146171.2488689735,52.281035377852156
4161,0.04562070755704306,1.0,0.0,0.001040624479002623,146171.2488689735,52.281035377852156
4162,0.04562070755704306,1.0,0.0,0.001040624479002623,146171.2488689735,52.281035377852156
4163,0.04562070755704306,1.0,0.0,0.001040624479002623,146171.2488689735,52.281035377852156
4164,0.04562070755704306,1.0,0.0,0.001040624479002623,146171.2488689735,52.281035377852156
4165,0.04562070755704306,1.0,0.0,0.001040624479002623,146171.2488689735,52.281035377852156
4166,0.04562070755704306,1.0,0.0,0.001040624479002623,146171.2488689735,52.281035377852156
4167,0.04562070755704306,1.0,0.0,0.001040624479002623,146171.2488689735,52.281035377852156
4168,0.04562070755704306,1.0,0.0,0.001040624479002623,146171.2488689735,52.281035377852156
4169,0.04562070755704306,1.0,0.0,0.001040624479002623,146171.2488689735,52.281035377852156
4170,0.04562070755704306,1.0,0.0,0.001040624479002623,146171.2488689735,52.281035377852156
4171,0.04562070755704306,1.0,0.0,0.001040624479002623,146171.2488689735,52.281035377852156
4172,0.04562070755704306,1.0,0.0,0.001040624479002623,146171.2488689735,52.281035377852156
4173,0.04562070755704306,1.0,0.0,0.001040624479002623,146171.2488689735,52.281035377852156
4174,0.04562070755704306,1.0,0.0,0.001040624479002623,146171.2488689735,52.281035377852156
4175,0.04562070755704306,1.0,0.0,0.001040624479002623,146171.2488689735,52.281035377852156
4176,0.04562070755704306,1.0,0.0,0.001040624479002623,146171.2488689735,52.281035377852156
4177,0.04562070755704306,1.0,0.0,0.001040624479002623,146171.2488689735,52.281035377852156
4178,0.04562070755704306,1.0,0.0,0.001040624479002623,146171.2488689735,52.281035377852156
4179,0.04562070755704306,1.0,0.0,0.001040624479002623,146171.2488689735,52.281035377852156
4180,0.04562070755704306,1.0,0.0,0.001040624479002623,146171.2488689735,52.281035377852156
4181,0.04562070755704306,1.0,0.0,0.001040624479002623,146171.2488689735,52.281035377852156
4182,0.04562070755704306,1.0,0.0,0.001040624479002623,146171.2488689735,52.281035377852156
4183,0.04562070755704306,1.0,0.0,0.001040624479002623,146171.2488689735,52.281035377852156
4184,0.04562070755704306,1.0,0.0,0.001040624479002623,146171.2488689735,52.281035377852156
4185,0.04562070755704306,1.0,0.0,0.001040624479002623,146171.2488689735,52.281035377852156
4186,0.04562070755704306,1.0,0.0,0.001040624479002623,146171.2488689735,52.281035377852156
4187,0.04562070755704306,1.0,0.0,0.001040624479002623,146171.2488689735,52.281035377852156
4188,0.04562070755704306,1.0,0.0,0.001040624479002623,146171.2488689735,52.281035377852156
4189,0.04562070755704306,1.0,0.0,0.001040624479002623,146171.2488689735,52.281035377852156
4190,0.04562070755704306,1.0,0.0,0.001040624479002623,146171.2488689735,52.281035377852156
4191,0.04562070755704306,1.0,0.0,0.001040624479002623,146171.2488689735,52.281035377852156
4192,0.04562070755704306,1.0,0.0,0.001040624479002623,146171.2488689735,52.281035377852156
4193,0.04562070755704306,1.0,0.0,0.001040624479002623,146171.2488689735,52.281035377852156
4194,0.04562070755704306,1.0,0.0,0.001040624479002623,146171.2488689735,52.281035377852156
4195,0.04562070755704306,1.0,0.0,0.001040624479002623,146171.2488689735,52.281035377852156
4196,0.04562070755704306,1.0,0.0,0.001040624479002623,146171.2488689735,52.281035377852156
4197,0.04562070755704306,1.0,0.0,0.001040624479002623,146171.2488689735,52.281035377852156
4198,0.04562070755704306,1.0,0.0,0.001040624479002623,146171.2488689735,52.281035377852156
4199,0.04562070755704306,1.0,0.0,0.001040624479002623,146171.2488689735,52.281035377852156
4200,0.04562070755704306,1.0,0.0,0.001040624479002623,146171.2488689735,52.281035377852156
4201,0.04562070755704306,1.0,0.0,0.001040624479002623,146171.2488689735,52.281035377852156
4202,0.04562070755704306,1.0,0.0,0.001040624479002623,146171.2488689735,52.281035377852156
4203,0.04562070755704306,1.0,0.0,0.001040624479002623,146171.2488689735,52.281035377852156
4204,0.04562070755704306,1.0,0.0,0.001040624479002623,146171.2488689735,52.281035377852156
4205,0.04562070755704306,1.0,0.0,0.001040624479002623,146171.2488689735,52.281035377852156
4206,0.04562070755704306,1.0,0.0,0.001040624479002623,146171.2488689735,52.281035377852156
4207,0.04562070755704306,1.0,0.0,0.001040624479002623,146171.2488689735,52.281035377852156
4208,0.04562070755704306,1.0,0.0,0.001040624479002623,146171.2488689735,52.281035377852156
4209,0.04562070755704306,1.0,0.0,0.001040624479002623,146171.2488689735,52.281035377852156
4210,0.04562070755704306,1.0,0.0,0.001040624479002623,146171.2488689735,52.281035377852156
4211,0.04562070755704306,1.0,0.0,0.001040624479002623,146171.2488689735,52.281035377852156
4212,0.04562070755704306,1.0,0.0,0.001040624479002623,146171.2488689735,52.281035377852156
4213,0.04562070755704306,1.0,0.0,0.001040624479002623,146171.2488689735,52.281035377852156
4214,0.04562070755704306,1.0,0.0,0.001040624479002623,146171.2488689735,52.281035377852156
4215,0.04562070755704306,1.0,0.0,0.001040624479002623,146171.2488689735,52.281035377852156
4216,0.04562070755704306,1.0,0.0,0.001040624479002623,146171.2488689735,52.281035377852156
4217,0.04562070755704306,1.0,0.0,0.001040624479002623,146171.2488689735,52.281035377852156
4218,0.04562070755704306,1.0,0.0,0.001040624479002623,146171.2488689735,52.281035377852156
4219,0.04562070755704306,1.0,0.0,0.001040624479002623,146171.2488689735,52.281035377852156
4220,0.04562070755704306,1.0,0.0,0.001040624479002623,146171.2488689735,52.281035377852156
4221,0.04562070755704306,1.0,0.0,0.001040624479002623,146171.2488689735,52.281035377852156
4222,0.04562070755704306,1.0,0.0,0.001040624479002623,146171.2488689735,52.281035377852156
4223,0.04562070755704306,1.0,0.0,0.001040624479002623,146171.2488689735,52.281035377852156
4224,0.04562070755704306,1.0,0.0,0.001040624479002623,146171.2488689735,52.281035377852156
4225,0.04562070755704306,1.0,0.0,0.001040624479002623,146171.2488689735,52.281035377852156
4226,0.04562070755704306,1.0,0.0,0.001040624479002623,146171.2488689735,52.281035377852156
4227,0.04562070755704306,1.0,0.0,0.001040624479002623,146171.2488689735,52.281035377852156
4228,0.04562070755704306,1.0,0.0,0.001040624479002623,146171.2488689735,52.281035377852156
4229,0.04562070755704306,1.0,0.0,0.001040624479002623,146171.2488689735,52.281035377852156
4230,0.04562070755704306,1.0,0.0,0.001040624479002623,146171.2488689735,52.281035377852156
4231,0.04562070755704306,1.0,0.0,0.001040624479002623,146171.2488689735,52.281035377852156
4232,0.04562070755704306,1.0,0.0,0.001040624479002623,146171.2488689735,52.281035377852156
4233,0.04562070755704306,1.0,0.0,0.001040624479002623,146171.2488689735,52.281035377852156
4234,0.04562070755704306,1.0,0.0,0.001040624479002623,146171.2488689735,52.281035377852156
4235,0.04562070755704306,1.0,0.0,0.001040624479002623,146171.2488689735,52.281035377852156
4236,0.04562070755704306,1.0,0.0,0.001040624479002623,146171.2488689735,52.281035377852156
4237,0.04562070755704306,1.0,0.0,0.001040624479002623,146171.2488689735,52.281035377852156
4238,0.04562070755704306,1.0,0.0,0.001040624479002623,146171.2488689735,52.281035377852156
4239,0.04562070755704306,1.0,0.0,0.001040624479002623,146171.2488689735,52.281035377852156
4240,0.04562070755704306,1.0,0.0,0.001040624479002623,146171.2488689735,52.281035377852156
4241,0.04562070755704306,1.0,0.0,0.001040624479002623,146171.2488689735,52.281035377852156
4242,0.04562070755704306,1.0,0.0,0.001040624479002623,146171.2488689735,52.281035377852156
4243,0.04562070755704306,1.0,0.0,0.001040624479002623,146171.2488689735,52.281035377852156
4244,0.04562070755704306,1.0,0.0,0.001040624479002623,146171.2488689735,52.281035377852156
4245,0.04562070755704306,1.0,0.0,0.001040624479002623,146171.2488689735,52.281035377852156
4246,0.04562070755704306,1.0,0.0,0.001040624479002623,146171.2488689735,52.281035377852156
4247,0.04562070755704306,1.0,0.0,0.001040624479002623,146171.2488689735,52.281035377852156
4248,0.04562070755704306,1.0,0.0,0.001040624479002623,146171.2488689735,52.281035377852156
4249,0.04562070755704306,1.0,0.0,0.001040624479002623,146171.2488689735,52.281035377852156
4250,0.04562070755704306,1.0,0.0,0.001040624479002623,146171.2488689735,52.281035377852156
4251,0.04562070755704306,1.0,0.0,0.001040624479002623,146171.2488689735,52.281035377852156
4252,0.04562070755704306,1.0,0.0,0.001040624479002623,146171.2488689735,52.281035377852156
4253,0.04562070755704306,1.0,0.0,0.001040624479002623,146171.2488689735,52.281035377852156
4254,0.04562070755704306,1.0,0.0,0.001040624479002623,146171.2488689735,52.281035377852156
4255,0.04562070755704306,1.0,0.0,0.001040624479002623,146171.2488689735,52.281035377852156
4256,0.04562070755704306,1.0,0.0,0.001040624479002623,146171.2488689735,52.281035377852156
4257,0.04562070755704306,1.0,0.0,0.001040624479002623,146171.2488689735,52.281035377852156
4258,0.04562070755704306,1.0,0.0,0.001040624479002623,146171.2488689735,52.281035377852156
4259,0.04562070755704306,1.0,0.0,0.001040624479002623,146171.2488689735,52.281035377852156
4260,0.04562070755704306,1.0,0.0,0.001040624479002623,146171.2488689735,52.281035377852156
4261,0.04562070755704306,1.0,0.0,0.001040624479002623,146171.2488689735,52.281035377852156
4262,0.04562070755704306,1.0,0.0,0.001040624479002623,146171.2488689735,52.281035377852156
4263,0.04562070755704306,1.0,0.0,0.001040624479002623,146171.2488689735,52.281035377852156
4264,0.04562070755704306,1.0,0.0,0.001040624479002623,146171.2488689735,52.281035377852156
4265,0.04562070755704306,1.0,0.0,0.001040624479002623,146171.2488689735,52.281035377852156
4266,0.04562070755704306,1.0,0.0,0.001040624479002623,146171.2488689735,52.281035377852156
4267,0.04562070755704306,1.0,0.0,0.001040624479002623,146171.2488689735,52.281035377852156
4268,0.04562070755704306,1.0,0.0,0.001040624479002623,146171.2488689735,52.281035377852156
4269,0.04562070755704306,1.0,0.0,0.001040624479002623,146171.2488689735,52.281035377852156
4270,0.04562070755704306,1.0,0.0,0.001040624479002623,146171.2488689735,52.281035377852156
4271,0.04562070755704306,1.0,0.0,0.001040624479002623,146171.2488689735,52.281035377852156
4272,0.04562070755704306,1.0,0.0,0.001040624479002623,146171.2488689735,52.281035377852156
4273,0.04562070755704306,1.0,0.0,0.001040624479002623,146171.2488689735,52.281035377852156
4274,0.04562070755704306,1.0,0.0,0.001040624479002623,146171.2488689735,52.281035377852156
4275,0.04562070755704306,1.0,0.0,0.001040624479002623,146171.2488689735,52.281035377852156
4276,0.04562070755704306,1.0,0.0,0.001040624479002623,146171.2488689735,52.281035377852156
4277,0.04562070755704306,1.0,0.0,0.001040624479002623,146171.2488689735,52.281035377852156
4278,0.04562070755704306,1.0,0.0,0.001040624479002623,146171.2488689735,52.281035377852156
4279,0.04562070755704306,1.0,0.0,0.001040624479002623,146171.2488689735,52.281035377852156
4280,0.04562070755704306,1.0,0.0,0.001040624479002623,146171.2488689735,52.281035377852156
4281,0.04562070755704306,1.0,0.0,0.001040624479002623,146171.2488689735,52.281035377852156
4282,0.04562070755704306,1.0,0.0,0.001040624479002623,146171.2488689735,52.281035377852156
4283,0.04562070755704306,1.0,0.0,0.001040624479002623,146171.2488689735,52.281035377852156
4284,0.04562070755704306,1.0,0.0,0.001040624479002623,146171.2488689735,52.281035377852156
4285,0.04562070755704306,1.0,0.0,0.001040624479002623,146171.2488689735,52.281035377852156
4286,0.04562070755704306,1.0,0.0,0.001040624479002623,146171.2488689735,52.281035377852156
4287,0.04562070755704306,1.0,0.0,0.001040624479002623,146171.2488689735,52.281035377852156
4288,0.04562070755704306,1.0,0.0,0.001040624479002623,146171.2488689735,52.281035377852156
4289,0.04562070755704306,1.0,0.0,0.001040624479002623,146171.2488689735,52.281035377852156
4290,0.04562070755704306,1.0,0.0,0.001040624479002623,146171.2488689735,52.281035377852156
4291,0.04562070755704306,1.0,0.0,0.001040624479002623,146171.2488689735,52.281035377852156
4292,0.04562070755704306,1.0,0.0,0.001040624479002623,146171.2488689735,52.281035377852156
4293,0.04562070755704306,1.0,0.0,0.001040624479002623,146171.2488689735,52.281035377852156
4294,0.04562070755704306,1.0,0.0,0.001040624479002623,146171.2488689735,52.281035377852156
4295,0.04562070755704306,1.0,0.0,0.001040624479002623,146171.2488689735,52.281035377852156
4296,0.04562070755704306,1.0,0.0,0.001040624479002623,146171.2488689735,52.281035377852156
4297,0.04562070755704306,1.0,0.0,0.001040624479002623,146171.2488689735,52.281035377852156
4298,0.04562070755704306,1.0,0.0,0.001040624479002623,146171.2488689735,52.281035377852156
4299,0.04562070755704306,1.0,0.0,0.001040624479002623,146171.2488689735,52.281035377852156
4300,0.04562070755704306,1.0,0.0,0.001040624479002623,146171.2488689735,52.281035377852156
4301,0.04562070755704306,1.0,0.0,0.001040624479002623,146171.2488689735,52.281035377852156
4302,0.04562070755704306,1.0,0.0,0.001040624479002623,146171.2488689735,52.281035377852156
4303,0.04562070755704306,1.0,0.0,0.001040624479002623,146171.2488689735,52.281035377852156
4304,0.04562070755704306,1.0,0.0,0.001040624479002623,146171.2488689735,52.281035377852156
4305,0.04562070755704306,1.0,0.0,0.001040624479002623,146171.2488689735,52.281035377852156
4306,0.04562070755704306,1.0,0.0,0.001040624479002623,146171.2488689735,52.281035377852156
4307,0.04562070755704306,1.0,0.0,0.001040624479002623,146171.2488689735,52.281035377852156
4308,0.04562070755704306,1.0,0.0,0.001040624479002623,146171.2488689735,52.281035377852156
4309,0.04562070755704306,1.0,0.0,0.001040624479002623,146171.2488689735,52.281035377852156
4310,0.04562070755704306,1.0,0.0,0.001040624479002623,146171.2488689735,52.281035377852156
4311,0.04562070755704306,1.0,0.0,0.001040624479002623,146171.2488689735,52.281035377852156
4312,0.04562070755704306,1.0,0.0,0.001040624479002623,146171.2488689735,52.281035377852156
4313,0.04562070755704306,1.0,0.0,0.001040624479002623,146171.2488689735,52.281035377852156
4314,0.04562070755704306,1.0,0.0,0.001040624479002623,146171.2488689735,52.281035377852156
4315,0.04562070755704306,1.0,0.0,0.001040624479002623,146171.2488689735,52.281035377852156
4316,0.04562070755704306,1.0,0.0,0.001040624479002623,146171.2488689735,52.281035377852156
4317,0.04562070755704306,1.0,0.0,0.001040624479002623,146171.2488689735,52.281035377852156
4318,0.04562070755704306,1.0,0.0,0.001040624479002623,146171.2488689735,52.281035377852156
4319,0.04562070755704306,1.0,0.0,0.001040624479002623,146171.2488689735,52.281035377852156
4320,0.04562070755704306,1.0,0.0,0.001040624479002623,146171.2488689735,52.281035377852156
4321,0.04562070755704306,1.0,0.0,0.001040624479002623,146171.2488689735,52.281035377852156
4322,0.04562070755704306,1.0,0.0,0.001040624479002623,146171.2488689735,52.281035377852156
4323,0.04562070755704306,1.0,0.0,0.001040624479002623,146171.2488689735,52.281035377852156
4324,0.04562070755704306,1.0,0.0,0.001040624479002623,146171.2488689735,52.281035377852156
4325,0.04562070755704306,1.0,0.0,0.001040624479002623,146171.2488689735,52.281035377852156
4326,0.04562070755704306,1.0,0.0,0.001040624479002623,146171.2488689735,52.281035377852156
4327,0.04562070755704306,1.0,0.0,0.001040624479002623,146171.2488689735,52.281035377852156
4328,0.04562070755704306,1.0,0.0,0.001040624479002623,146171.2488689735,52.281035377852156
4329,0.04562070755704306,1.0,0.0,0.001040624479002623,146171.2488689735,52.281035377852156
4330,0.04562070755704306,1.0,0.0,0.001040624479002623,146171.2488689735,52.281035377852156
4331,0.04562070755704306,1.0,0.0,0.001040624479002623,146171.2488689735,52.281035377852156
4332,0.04562070755704306,1.0,0.0,0.001040624479002623,146171.2488689735,52.281035377852156
4333,0.04562070755704306,1.0,0.0,0.001040624479002623,146171.2488689735,52.281035377852156
4334,0.04562070755704306,1.0,0.0,0.001040624479002623,146171.2488689735,52.281035377852156
4335,0.04562070755704306,1.0,0.0,0.001040624479002623,146171.2488689735,52.281035377852156
4336,0.04562070755704306,1.0,0.0,0.001040624479002623,146171.2488689735,52.281035377852156
4337,0.04562070755704306,1.0,0.0,0.001040624479002623,146171.2488689735,52.281035377852156
4338,0.04562070755704306,1.0,0.0,0.001040624479002623,146171.2488689735,52.281035377852156
4339,0.04562070755704306,1.0,0.0,0.001040624479002623,146171.2488689735,52.281035377852156
4340,0.04562070755704306,1.0,0.0,0.001040624479002623,146171.2488689735,52.281035377852156
4341,0.04562070755704306,1.0,0.0,0.001040624479002623,146171.2488689735,52.281035377852156
4342,0.04562070755704306,1.0,0.0,0.001040624479002623,146171.2488689735,52.281035377852156
4343,0.04562070755704306,1.0,0.0,0.001040624479002623,146171.2488689735,52.281035377852156
4344,0.04562070755704306,1.0,0.0,0.001040624479002623,146171.2488689735,52.281035377852156
4345,0.04562070755704306,1.0,0.0,0.001040624479002623,146171.2488689735,52.281035377852156
4346,0.04562070755704306,1.0,0.0,0.001040624479002623,146171.2488689735,52.281035377852156
4347,0.04562070755704306,1.0,0.0,0.001040624479002623,146171.2488689735,52.281035377852156
4348,0.04562070755704306,1.0,0.0,0.001040624479002623,146171.2488689735,52.281035377852156
4349,0.04562070755704306,1.0,0.0,0.001040624479002623,146171.2488689735,52.281035377852156
4350,0.04562070755704306,1.0,0.0,0.001040624479002623,146171.2488689735,52.281035377852156
4351,0.04562070755704306,1.0,0.0,0.001040624479002623,146171.2488689735,52.281035377852156
4352,0.04562070755704306,1.0,0.0,0.001040624479002623,146171.2488689735,52.281035377852156
4353,0.04562070755704306,1.0,0.0,0.001040624479002623,146171.2488689735,52.281035377852156
4354,0.04562070755704306,1.0,0.0,0.001040624479002623,146171.2488689735,52.281035377852156
4355,0.04562070755704306,1.0,0.0,0.001040624479002623,146171.2488689735,52.281035377852156
4356,0.04562070755704306,1.0,0.0,0.001040624479002623,146171.2488689735,52.281035377852156
4357,0.04562070755704306,1.0,0.0,0.001040624479002623,146171.2488689735,52.281035377852156
4358,0.04562070755704306,1.0,0.0,0.001040624479002623,146171.2488689735,52.281035377852156
4359,0.04562070755704306,1.0,0.0,0.001040624479002623,146171.2488689735,52.281035377852156
4360,0.04562070755704306,1.0,0.0,0.001040624479002623,146171.2488689735,52.281035377852156
4361,0.04562070755704306,1.0,0.0,0.001040624479002623,146171.2488689735,52.281035377852156
4362,0.04562070755704306,1.0,0.0,0.001040624479002623,146171.2488689735,52.281035377852156
4363,0.04562070755704306,1.0,0.0,0.001040624479002623,146171.2488689735,52.281035377852156
4364,0.04562070755704306,1.0,0.0,0.001040624479002623,146171.2488689735,52.281035377852156
4365,0.04562070755704306,1.0,0.0,0.001040624479002623,146171.2488689735,52.281035377852156
4366,0.04562070755704306,1.0,0.0,0.001040624479002623,146171.2488689735,52.281035377852156
4367,0.04562070755704306,1.0,0.0,0.001040624479002623,146171.2488689735,52.281035377852156
4368,0.04562070755704306,1.0,0.0,0.001040624479002623,146171.2488689735,52.281035377852156
4369,0.04562070755704306,1.0,0.0,0.001040624479002623,146171.2488689735,52.281035377852156
4370,0.04562070755704306,1.0,0.0,0.001040624479002623,146171.2488689735,52.281035377852156
4371,0.04562070755704306,1.0,0.0,0.001040624479002623,146171.2488689735,52.281035377852156
4372,0.04562070755704306,1.0,0.0,0.001040624479002623,146171.2488689735,52.281035377852156
4373,0.04562070755704306,1.0,0.0,0.001040624479002623,146171.2488689735,52.281035377852156
4374,0.04562070755704306,1.0,0.0,0.001040624479002623,146171.2488689735,52.281035377852156
4375,0.04562070755704306,1.0,0.0,0.001040624479002623,146171.2488689735,52.281035377852156
4376,0.04562070755704306,1.0,0.0,0.001040624479002623,146171.2488689735,52.281035377852156
4377,0.04562070755704306,1.0,0.0,0.001040624479002623,146171.2488689735,52.281035377852156
4378,0.04562070755704306,1.0,0.0,0.001040624479002623,146171.2488689735,52.281035377852156
4379,0.04562070755704306,1.0,0.0,0.001040624479002623,146171.2488689735,52.281035377852156
4380,0.04562070755704306,1.0,0.0,0.001040624479002623,146171.2488689735,52.281035377852156
4381,0.04562070755704306,1.0,0.0,0.001040624479002623,146171.2488689735,52.281035377852156
4382,0.04562070755704306,1.0,0.0,0.001040624479002623,146171.2488689735,52.281035377852156
4383,0.04562070755704306,1.0,0.0,0.001040624479002623,146171.2488689735,52.281035377852156
4384,0.04562070755704306,1.0,0.0,0.001040624479002623,146171.2488689735,52.281035377852156
4385,0.04562070755704306,1.0,0.0,0.001040624479002623,146171.2488689735,52.281035377852156
4386,0.04562070755704306,1.0,0.0,0.001040624479002623,146171.2488689735,52.281035377852156
4387,0.04562070755704306,1.0,0.0,0.001040624479002623,146171.2488689735,52.281035377852156
4388,0.04562070755704306,1.0,0.0,0.001040624479002623,146171.2488689735,52.281035377852156
4389,0.04562070755704306,1.0,0.0,0.001040624479002623,146171.2488689735,52.281035377852156
4390,0.04562070755704306,1.0,0.0,0.001040624479002623,146171.2488689735,52.281035377852156
4391,0.04562070755704306,1.0,0.0,0.001040624479002623,146171.2488689735,52.281035377852156
4392,0.04562070755704306,1.0,0.0,0.001040624479002623,146171.2488689735,52.281035377852156
4393,0.04562070755704306,1.0,0.0,0.001040624479002623,146171.2488689735,52.281035377852156
4394,0.04562070755704306,1.0,0.0,0.001040624479002623,146171.2488689735,52.281035377852156
4395,0.04562070755704306,1.0,0.0,0.001040624479002623,146171.2488689735,52.281035377852156
4396,0.04562070755704306,1.0,0.0,0.001040624479002623,146171.2488689735,52.281035377852156
4397,0.04562070755704306,1.0,0.0,0.001040624479002623,146171.2488689735,52.281035377852156
4398,0.04562070755704306,1.0,0.0,0.001040624479002623,146171.2488689735,52.281035377852156
4399,0.04562070755704306,1.0,0.0,0.001040624479002623,146171.2488689735,52.281035377852156
4400,0.04562070755704306,1.0,0.0,0.001040624479002623,146171.2488689735,52.281035377852156
4401,0.04562070755704306,1.0,0.0,0.001040624479002623,146171.2488689735,52.281035377852156
4402,0.04562070755704306,1.0,0.0,0.001040624479002623,146171.2488689735,52.281035377852156
4403,0.04562070755704306,1.0,0.0,0.001040624479002623,146171.2488689735,52.281035377852156
4404,0.04562070755704306,1.0,0.0,0.001040624479002623,146171.2488689735,52.281035377852156
4405,0.04562070755704306,1.0,0.0,0.001040624479002623,146171.2488689735,52.281035377852156
4406,0.04562070755704306,1.0,0.0,0.001040624479002623,146171.2488689735,52.281035377852156
4407,0.04562070755704306,1.0,0.0,0.001040624479002623,146171.2488689735,52.281035377852156
4408,0.04562070755704306,1.0,0.0,0.001040624479002623,146171.2488689735,52.281035377852156
4409,0.04562070755704306,1.0,0.0,0.001040624479002623,146171.2488689735,52.281035377852156
4410,0.04562070755704306,1.0,0.0,0.001040624479002623,146171.2488689735,52.281035377852156
4411,0.04562070755704306,1.0,0.0,0.001040624479002623,146171.2488689735,52.281035377852156
4412,0.04562070755704306,1.0,0.0,0.001040624479002623,146171.2488689735,52.281035377852156
4413,0.04562070755704306,1.0,0.0,0.001040624479002623,146171.2488689735,52.281035377852156
4414,0.04562070755704306,1.0,0.0,0.001040624479002623,146171.2488689735,52.281035377852156
4415,0.04562070755704306,1.0,0.0,0.001040624479002623,146171.2488689735,52.281035377852156
4416,0.04562070755704306,1.0,0.0,0.001040624479002623,146171.2488689735,52.281035377852156
4417,0.04562070755704306,1.0,0.0,0.001040624479002623,146171.2488689735,52.281035377852156
4418,0.04562070755704306,1.0,0.0,0.001040624479002623,146171.2488689735,52.281035377852156
4419,0.04562070755704306,1.0,0.0,0.001040624479002623,146171.2488689735,52.281035377852156
4420,0.04562070755704306,1.0,0.0,0.001040624479002623,146171.2488689735,52.281035377852156
4421,0.04562070755704306,1.0,0.0,0.001040624479002623,146171.2488689735,52.281035377852156
4422,0.04562070755704306,1.0,0.0,0.001040624479002623,146171.2488689735,52.281035377852156
4423,0.04562070755704306,1.0,0.0,0.001040624479002623,146171.2488689735,52.281035377852156
4424,0.04562070755704306,1.0,0.0,0.001040624479002623,146171.2488689735,52.281035377852156
4425,0.04562070755704306,1.0,0.0,0.001040624479002623,146171.2488689735,52.281035377852156
4426,0.04562070755704306,1.0,0.0,0.001040624479002623,146171.2488689735,52.281035377852156
4427,0.04562070755704306,1.0,0.0,0.001040624479002623,146171.2488689735,52.281035377852156
4428,0.04562070755704306,1.0,0.0,0.001040624479002623,146171.2488689735,52.281035377852156
4429,0.04562070755704306,1.0,0.0,0.001040624479002623,146171.2488689735,52.281035377852156
4430,0.04562070755704306,1.0,0.0,0.001040624479002623,146171.2488689735,52.281035377852156
4431,0.04562070755704306,1.0,0.0,0.001040624479002623,146171.2488689735,52.281035377852156
4432,0.04562070755704306,1.0,0.0,0.001040624479002623,146171.2488689735,52.281035377852156
4433,0.04562070755704306,1.0,0.0,0.001040624479002623,146171.2488689735,52.281035377852156
4434,0.04562070755704306,1.0,0.0,0.001040624479002623,146171.2488689735,52.281035377852156
4435,0.04562070755704306,1.0,0.0,0.001040624479002623,146171.2488689735,52.281035377852156
4436,0.04562070755704306,1.0,0.0,0.001040624479002623,146171.2488689735,52.281035377852156
4437,0.04562070755704306,1.0,0.0,0.001040624479002623,146171.2488689735,52.281035377852156
4438,0.04562070755704306,1.0,0.0,0.001040624479002623,146171.2488689735,52.281035377852156
4439,0.04562070755704306,1.0,0.0,0.001040624479002623,146171.2488689735,52.281035377852156
4440,0.04562070755704306,1.0,0.0,0.001040624479002623,146171.2488689735,52.281035377852156
4441,0.04562070755704306,1.0,0.0,0.001040624479002623,146171.2488689735,52.281035377852156
4442,0.04562070755704306,1.0,0.0,0.001040624479002623,146171.2488689735,52.281035377852156
4443,0.04562070755704306,1.0,0.0,0.001040624479002623,146171.2488689735,52.281035377852156
4444,0.04562070755704306,1.0,0.0,0.001040624479002623,146171.2488689735,52.281035377852156
4445,0.04562070755704306,1.0,0.0,0.001040624479002623,146171.2488689735,52.281035377852156
4446,0.04562070755704306,1.0,0.0,0.001040624479002623,146171.2488689735,52.281035377852156
4447,0.04562070755704306,1.0,0.0,0.001040624479002623,146171.2488689735,52.281035377852156
4448,0.04562070755704306,1.0,0.0,0.001040624479002623,146171.2488689735,52.281035377852156
4449,0.04562070755704306,1.0,0.0,0.001040624479002623,146171.2488689735,52.281035377852156
4450,0.04562070755704306,1.0,0.0,0.001040624479002623,146171.2488689735,52.281035377852156
4451,0.04562070755704306,1.0,0.0,0.001040624479002623,146171.2488689735,52.281035377852156
4452,0.04562070755704306,1.0,0.0,0.001040624479002623,146171.2488689735,52.281035377852156
4453,0.04562070755704306,1.0,0.0,0.001040624479002623,146171.2488689735,52.281035377852156
4454,0.04562070755704306,1.0,0.0,0.001040624479002623,146171.2488689735,52.281035377852156
4455,0.04562070755704306,1.0,0.0,0.001040624479002623,146171.2488689735,52.281035377852156
4456,0.04562070755704306,1.0,0.0,0.001040624479002623,146171.2488689735,52.281035377852156
4457,0.04562070755704306,1.0,0.0,0.001040624479002623,146171.2488689735,52.281035377852156
4458,0.04562070755704306,1.0,0.0,0.001040624479002623,146171.2488689735,52.281035377852156
4459,0.04562070755704306,1.0,0.0,0.001040624479002623,146171.2488689735,52.281035377852156
4460,0.04562070755704306,1.0,0.0,0.001040624479002623,146171.2488689735,52.281035377852156
4461,0.04562070755704306,1.0,0.0,0.001040624479002623,146171.2488689735,52.281035377852156
4462,0.04562070755704306,1.0,0.0,0.001040624479002623,146171.2488689735,52.281035377852156
4463,0.04562070755704306,1.0,0.0,0.001040624479002623,146171.2488689735,52.281035377852156
4464,0.04562070755704306,1.0,0.0,0.001040624479002623,146171.2488689735,52.281035377852156
4465,0.04562070755704306,1.0,0.0,0.001040624479002623,146171.2488689735,52.281035377852156
4466,0.04562070755704306,1.0,0.0,0.001040624479002623,146171.2488689735,52.281035377852156
4467,0.04562070755704306,1.0,0.0,0.001040624479002623,146171.2488689735,52.281035377852156
4468,0.04562070755704306,1.0,0.0,0.001040624479002623,146171.2488689735,52.281035377852156
4469,0.04562070755704306,1.0,0.0,0.001040624479002623,146171.2488689735,52.281035377852156
4470,0.04562070755704306,1.0,0.0,0.001040624479002623,146171.2488689735,52.281035377852156
4471,0.04562070755704306,1.0,0.0,0.001040624479002623,146171.2488689735,52.281035377852156
4472,0.04562070755704306,1.0,0.0,0.001040624479002623,146171.2488689735,52.281035377852156
4473,0.04562070755704306,1.0,0.0,0.001040624479002623,146171.2488689735,52.281035377852156
4474,0.04562070755704306,1.0,0.0,0.001040624479002623,146171.2488689735,52.281035377852156
4475,0.04562070755704306,1.0,0.0,0.001040624479002623,146171.2488689735,52.281035377852156
4476,0.04562070755704306,1.0,0.0,0.001040624479002623,146171.2488689735,52.281035377852156
4477,0.04562070755704306,1.0,0.0,0.001040624479002623,146171.2488689735,52.281035377852156
4478,0.04562070755704306,1.0,0.0,0.001040624479002623,146171.2488689735,52.281035377852156
4479,0.04562070755704306,1.0,0.0,0.001040624479002623,146171.2488689735,52.281035377852156
4480,0.04562070755704306,1.0,0.0,0.001040624479002623,146171.2488689735,52.281035377852156
4481,0.04562070755704306,1.0,0.0,0.001040624479002623,146171.2488689735,52.281035377852156
4482,0.04562070755704306,1.0,0.0,0.001040624479002623,146171.2488689735,52.281035377852156
4483,0.04562070755704306,1.0,0.0,0.001040624479002623,146171.2488689735,52.281035377852156
4484,0.04562070755704306,1.0,0.0,0.001040624479002623,146171.2488689735,52.281035377852156
4485,0.04562070755704306,1.0,0.0,0.001040624479002623,146171.2488689735,52.281035377852156
4486,0.04562070755704306,1.0,0.0,0.001040624479002623,146171.2488689735,52.281035377852156
4487,0.04562070755704306,1.0,0.0,0.001040624479002623,146171.2488689735,52.281035377852156
4488,0.04562070755704306,1.0,0.0,0.001040624479002623,146171.2488689735,52.281035377852156
4489,0.04562070755704306,1.0,0.0,0.001040624479002623,146171.2488689735,52.281035377852156
4490,0.04562070755704306,1.0,0.0,0.001040624479002623,146171.2488689735,52.281035377852156
4491,0.04562070755704306,1.0,0.0,0.001040624479002623,146171.2488689735,52.281035377852156
4492,0.04562070755704306,1.0,0.0,0.001040624479002623,146171.2488689735,52.281035377852156
4493,0.04562070755704306,1.0,0.0,0.001040624479002623,146171.2488689735,52.281035377852156
4494,0.04562070755704306,1.0,0.0,0.001040624479002623,146171.2488689735,52.281035377852156
4495,0.04562070755704306,1.0,0.0,0.001040624479002623,146171.2488689735,52.281035377852156
4496,0.04562070755704306,1.0,0.0,0.001040624479002623,146171.2488689735,52.281035377852156
4497,0.04562070755704306,1.0,0.0,0.001040624479002623,146171.2488689735,52.281035377852156
4498,0.04562070755704306,1.0,0.0,0.001040624479002623,146171.2488689735,52.281035377852156
4499,0.04562070755704306,1.0,0.0,0.001040624479002623,146171.2488689735,52.281035377852156
4500,0.04562070755704306,1.0,0.0,0.001040624479002623,146171.2488689735,52.281035377852156
4501,0.04562070755704306,1.0,0.0,0.001040624479002623,146171.2488689735,52.281035377852156
4502,0.04562070755704306,1.0,0.0,0.001040624479002623,146171.2488689735,52.281035377852156
4503,0.04562070755704306,1.0,0.0,0.001040624479002623,146171.2488689735,52.281035377852156
4504,0.04562070755704306,1.0,0.0,0.001040624479002623,146171.2488689735,52.281035377852156
4505,0.04562070755704306,1.0,0.0,0.001040624479002623,146171.2488689735,52.281035377852156
4506,0.04562070755704306,1.0,0.0,0.001040624479002623,146171.2488689735,52.281035377852156
4507,0.04562070755704306,1.0,0.0,0.001040624479002623,146171.2488689735,52.281035377852156
4508,0.04562070755704306,1.0,0.0,0.001040624479002623,146171.2488689735,52.281035377852156
4509,0.04562070755704306,1.0,0.0,0.001040624479002623,146171.2488689735,52.281035377852156
4510,0.04562070755704306,1.0,0.0,0.001040624479002623,146171.2488689735,52.281035377852156
4511,0.04562070755704306,1.0,0.0,0.001040624479002623,146171.2488689735,52.281035377852156
4512,0.04562070755704306,1.0,0.0,0.001040624479002623,146171.2488689735,52.281035377852156
4513,0.04562070755704306,1.0,0.0,0.001040624479002623,146171.2488689735,52.281035377852156
4514,0.04562070755704306,1.0,0.0,0.001040624479002623,146171.2488689735,52.281035377852156
4515,0.04562070755704306,1.0,0.0,0.001040624479002623,146171.2488689735,52.281035377852156
4516,0.04562070755704306,1.0,0.0,0.001040624479002623,146171.2488689735,52.281035377852156
4517,0.04562070755704306,1.0,0.0,0.001040624479002623,146171.2488689735,52.281035377852156
4518,0.04562070755704306,1.0,0.0,0.001040624479002623,146171.2488689735,52.281035377852156
4519,0.04562070755704306,1.0,0.0,0.001040624479002623,146171.2488689735,52.281035377852156
4520,0.04562070755704306,1.0,0.0,0.001040624479002623,146171.2488689735,52.281035377852156
4521,0.04562070755704306,1.0,0.0,0.001040624479002623,146171.2488689735,52.281035377852156
4522,0.04562070755704306,1.0,0.0,0.001040624479002623,146171.2488689735,52.281035377852156
4523,0.04562070755704306,1.0,0.0,0.001040624479002623,146171.2488689735,52.281035377852156
4524,0.04562070755704306,1.0,0.0,0.001040624479002623,146171.2488689735,52.281035377852156
4525,0.04562070755704306,1.0,0.0,0.001040624479002623,146171.2488689735,52.281035377852156
4526,0.04562070755704306,1.0,0.0,0.001040624479002623,146171.2488689735,52.281035377852156
4527,0.04562070755704306,1.0,0.0,0.001040624479002623,146171.2488689735,52.281035377852156
4528,0.04562070755704306,1.0,0.0,0.001040624479002623,146171.2488689735,52.281035377852156
4529,0.04562070755704306,1.0,0.0,0.001040624479002623,146171.2488689735,52.281035377852156
4530,0.04562070755704306,1.0,0.0,0.001040624479002623,146171.2488689735,52.281035377852156
4531,0.04562070755704306,1.0,0.0,0.001040624479002623,146171.2488689735,52.281035377852156
4532,0.04562070755704306,1.0,0.0,0.001040624479002623,146171.2488689735,52.281035377852156
4533,0.04562070755704306,1.0,0.0,0.001040624479002623,146171.2488689735,52.281035377852156
4534,0.04562070755704306,1.0,0.0,0.001040624479002623,146171.2488689735,52.281035377852156
4535,0.04562070755704306,1.0,0.0,0.001040624479002623,146171.2488689735,52.281035377852156
4536,0.04562070755704306,1.0,0.0,0.001040624479002623,146171.2488689735,52.281035377852156
4537,0.04562070755704306,1.0,0.0,0.001040624479002623,146171.2488689735,52.281035377852156
4538,0.04562070755704306,1.0,0.0,0.001040624479002623,146171.2488689735,52.281035377852156
4539,0.04562070755704306,1.0,0.0,0.001040624479002623,146171.2488689735,52.281035377852156
4540,0.04562070755704306,1.0,0.0,0.001040624479002623,146171.2488689735,52.281035377852156
4541,0.04562070755704306,1.0,0.0,0.001040624479002623,146171.2488689735,52.281035377852156
4542,0.04562070755704306,1.0,0.0,0.001040624479002623,146171.2488689735,52.281035377852156
4543,0.04562070755704306,1.0,0.0,0.001040624479002623,146171.2488689735,52.281035377852156
4544,0.04562070755704306,1.0,0.0,0.001040624479002623,146171.2488689735,52.281035377852156
4545,0.04562070755704306,1.0,0.0,0.001040624479002623,146171.2488689735,52.281035377852156
4546,0.04562070755704306,1.0,0.0,0.001040624479002623,146171.2488689735,52.281035377852156
4547,0.04562070755704306,1.0,0.0,0.001040624479002623,146171.2488689735,52.281035377852156
4548,0.04562070755704306,1.0,0.0,0.001040624479002623,146171.2488689735,52.281035377852156
4549,0.04562070755704306,1.0,0.0,0.001040624479002623,146171.2488689735,52.281035377852156
4550,0.04562070755704306,1.0,0.0,0.001040624479002623,146171.2488689735,52.281035377852156
4551,0.04562070755704306,1.0,0.0,0.001040624479002623,146171.2488689735,52.281035377852156
4552,0.04562070755704306,1.0,0.0,0.001040624479002623,146171.2488689735,52.281035377852156
4553,0.04562070755704306,1.0,0.0,0.001040624479002623,146171.2488689735,52.281035377852156
4554,0.04562070755704306,1.0,0.0,0.001040624479002623,146171.2488689735,52.281035377852156
4555,0.04562070755704306,1.0,0.0,0.001040624479002623,146171.2488689735,52.281035377852156
4556,0.04562070755704306,1.0,0.0,0.001040624479002623,146171.2488689735,52.281035377852156
4557,0.04562070755704306,1.0,0.0,0.001040624479002623,146171.2488689735,52.281035377852156
4558,0.04562070755704306,1.0,0.0,0.001040624479002623,146171.2488689735,52.281035377852156
4559,0.04562070755704306,1.0,0.0,0.001040624479002623,146171.2488689735,52.281035377852156
4560,0.04562070755704306,1.0,0.0,0.001040624479002623,146171.2488689735,52.281035377852156
4561,0.04562070755704306,1.0,0.0,0.001040624479002623,146171.2488689735,52.281035377852156
4562,0.04562070755704306,1.0,0.0,0.001040624479002623,146171.2488689735,52.281035377852156
4563,0.04562070755704306,1.0,0.0,0.001040624479002623,146171.2488689735,52.281035377852156
4564,0.04562070755704306,1.0,0.0,0.001040624479002623,146171.2488689735,52.281035377852156
4565,0.04562070755704306,1.0,0.0,0.001040624479002623,146171.2488689735,52.281035377852156
4566,0.04562070755704306,1.0,0.0,0.001040624479002623,146171.2488689735,52.281035377852156
4567,0.04562070755704306,1.0,0.0,0.001040624479002623,146171.2488689735,52.281035377852156
4568,0.04562070755704306,1.0,0.0,0.001040624479002623,146171.2488689735,52.281035377852156
4569,0.04562070755704306,1.0,0.0,0.001040624479002623,146171.2488689735,52.281035377852156
4570,0.04562070755704306,1.0,0.0,0.001040624479002623,146171.2488689735,52.281035377852156
4571,0.04562070755704306,1.0,0.0,0.001040624479002623,146171.2488689735,52.281035377852156
4572,0.04562070755704306,1.0,0.0,0.001040624479002623,146171.2488689735,52.281035377852156
4573,0.04562070755704306,1.0,0.0,0.001040624479002623,146171.2488689735,52.281035377852156
4574,0.04562070755704306,1.0,0.0,0.001040624479002623,146171.2488689735,52.281035377852156
4575,0.04562070755704306,1.0,0.0,0.001040624479002623,146171.2488689735,52.281035377852156
4576,0.04562070755704306,1.0,0.0,0.001040624479002623,146171.2488689735,52.281035377852156
4577,0.04562070755704306,1.0,0.0,0.001040624479002623,146171.2488689735,52.281035377852156
4578,0.04562070755704306,1.0,0.0,0.001040624479002623,146171.2488689735,52.281035377852156
4579,0.04562070755704306,1.0,0.0,0.001040624479002623,146171.2488689735,52.281035377852156
4580,0.04562070755704306,1.0,0.0,0.001040624479002623,146171.2488689735,52.281035377852156
4581,0.04562070755704306,1.0,0.0,0.001040624479002623,146171.2488689735,52.281035377852156
4582,0.04562070755704306,1.0,0.0,0.001040624479002623,146171.2488689735,52.281035377852156
4583,0.04562070755704306,1.0,0.0,0.001040624479002623,146171.2488689735,52.281035377852156
4584,0.04562070755704306,1.0,0.0,0.001040624479002623,146171.2488689735,52.281035377852156
4585,0.04562070755704306,1.0,0.0,0.001040624479002623,146171.2488689735,52.281035377852156
4586,0.04562070755704306,1.0,0.0,0.001040624479002623,146171.2488689735,52.281035377852156
4587,0.04562070755704306,1.0,0.0,0.001040624479002623,146171.2488689735,52.281035377852156
4588,0.04562070755704306,1.0,0.0,0.001040624479002623,146171.2488689735,52.281035377852156
4589,0.04562070755704306,1.0,0.0,0.001040624479002623,146171.2488689735,52.281035377852156
4590,0.04562070755704306,1.0,0.0,0.001040624479002623,146171.2488689735,52.281035377852156
4591,0.04562070755704306,1.0,0.0,0.001040624479002623,146171.2488689735,52.281035377852156
4592,0.04562070755704306,1.0,0.0,0.001040624479002623,146171.2488689735,52.281035377852156
4593,0.04562070755704306,1.0,0.0,0.001040624479002623,146171.2488689735,52.281035377852156
4594,0.04562070755704306,1.0,0.0,0.001040624479002623,146171.2488689735,52.281035377852156
4595,0.04562070755704306,1.0,0.0,0.001040624479002623,146171.2488689735,52.281035377852156
4596,0.04562070755704306,1.0,0.0,0.001040624479002623,146171.2488689735,52.281035377852156
4597,0.04562070755704306,1.0,0.0,0.001040624479002623,146171.2488689735,52.281035377852156
4598,0.04562070755704306,1.0,0.0,0.001040624479002623,146171.2488689735,52.281035377852156
4599,0.04562070755704306,1.0,0.0,0.001040624479002623,146171.2488689735,52.281035377852156
4600,0.04562070755704306,1.0,0.0,0.001040624479002623,146171.2488689735,52.281035377852156
4601,0.04562070755704306,1.0,0.0,0.001040624479002623,146171.2488689735,52.281035377852156
4602,0.04562070755704306,1.0,0.0,0.001040624479002623,146171.2488689735,52.281035377852156
4603,0.04562070755704306,1.0,0.0,0.001040624479002623,146171.2488689735,52.281035377852156
4604,0.04562070755704306,1.0,0.0,0.001040624479002623,146171.2488689735,52.281035377852156
4605,0.04562070755704306,1.0,0.0,0.001040624479002623,146171.2488689735,52.281035377852156
4606,0.04562070755704306,1.0,0.0,0.001040624479002623,146171.2488689735,52.281035377852156
4607,0.04562070755704306,1.0,0.0,0.001040624479002623,146171.2488689735,52.281035377852156
4608,0.04562070755704306,1.0,0.0,0.001040624479002623,146171.2488689735,52.281035377852156
4609,0.04562070755704306,1.0,0.0,0.001040624479002623,146171.2488689735,52.281035377852156
4610,0.04562070755704306,1.0,0.0,0.001040624479002623,146171.2488689735,52.281035377852156
4611,0.04562070755704306,1.0,0.0,0.001040624479002623,146171.2488689735,52.281035377852156
4612,0.04562070755704306,1.0,0.0,0.001040624479002623,146171.2488689735,52.281035377852156
4613,0.04562070755704306,1.0,0.0,0.001040624479002623,146171.2488689735,52.281035377852156
4614,0.04562070755704306,1.0,0.0,0.001040624479002623,146171.2488689735,52.281035377852156
4615,0.04562070755704306,1.0,0.0,0.001040624479002623,146171.2488689735,52.281035377852156
4616,0.04562070755704306,1.0,0.0,0.001040624479002623,146171.2488689735,52.281035377852156
4617,0.04562070755704306,1.0,0.0,0.001040624479002623,146171.2488689735,52.281035377852156
4618,0.04562070755704306,1.0,0.0,0.001040624479002623,146171.2488689735,52.281035377852156
4619,0.04562070755704306,1.0,0.0,0.001040624479002623,146171.2488689735,52.281035377852156
4620,0.04562070755704306,1.0,0.0,0.001040624479002623,146171.2488689735,52.281035377852156
4621,0.04562070755704306,1.0,0.0,0.001040624479002623,146171.2488689735,52.281035377852156
4622,0.04562070755704306,1.0,0.0,0.001040624479002623,146171.2488689735,52.281035377852156
4623,0.04562070755704306,1.0,0.0,0.001040624479002623,146171.2488689735,52.281035377852156
4624,0.04562070755704306,1.0,0.0,0.001040624479002623,146171.2488689735,52.281035377852156
4625,0.04562070755704306,1.0,0.0,0.001040624479002623,146171.2488689735,52.281035377852156
4626,0.04562070755704306,1.0,0.0,0.001040624479002623,146171.2488689735,52.281035377852156
4627,0.04562070755704306,1.0,0.0,0.001040624479002623,146171.2488689735,52.281035377852156
4628,0.04562070755704306,1.0,0.0,0.001040624479002623,146171.2488689735,52.281035377852156
4629,0.04562070755704306,1.0,0.0,0.001040624479002623,146171.2488689735,52.281035377852156
4630,0.04562070755704306,1.0,0.0,0.001040624479002623,146171.2488689735,52.281035377852156
4631,0.04562070755704306,1.0,0.0,0.001040624479002623,146171.2488689735,52.281035377852156
4632,0.04562070755704306,1.0,0.0,0.001040624479002623,146171.2488689735,52.281035377852156
4633,0.04562070755704306,1.0,0.0,0.001040624479002623,146171.2488689735,52.281035377852156
4634,0.04562070755704306,1.0,0.0,0.001040624479002623,146171.2488689735,52.281035377852156
4635,0.04562070755704306,1.0,0.0,0.001040624479002623,146171.2488689735,52.281035377852156
4636,0.04562070755704306,1.0,0.0,0.001040624479002623,146171.2488689735,52.281035377852156
4637,0.04562070755704306,1.0,0.0,0.001040624479002623,146171.2488689735,52.281035377852156
4638,0.04562070755704306,1.0,0.0,0.001040624479002623,146171.2488689735,52.281035377852156
4639,0.04562070755704306,1.0,0.0,0.001040624479002623,146171.2488689735,52.281035377852156
4640,0.04562070755704306,1.0,0.0,0.001040624479002623,146171.2488689735,52.281035377852156
4641,0.04562070755704306,1.0,0.0,0.001040624479002623,146171.2488689735,52.281035377852156
4642,0.04562070755704306,1.0,0.0,0.001040624479002623,146171.2488689735,52.281035377852156
4643,0.04562070755704306,1.0,0.0,0.001040624479002623,146171.2488689735,52.281035377852156
4644,0.04562070755704306,1.0,0.0,0.001040624479002623,146171.2488689735,52.281035377852156
4645,0.04562070755704306,1.0,0.0,0.001040624479002623,146171.2488689735,52.281035377852156
4646,0.04562070755704306,1.0,0.0,0.001040624479002623,146171.2488689735,52.281035377852156
4647,0.04562070755704306,1.0,0.0,0.001040624479002623,146171.2488689735,52.281035377852156
4648,0.04562070755704306,1.0,0.0,0.001040624479002623,146171.2488689735,52.281035377852156
4649,0.04562070755704306,1.0,0.0,0.001040624479002623,146171.2488689735,52.281035377852156
4650,0.04562070755704306,1.0,0.0,0.001040624479002623,146171.2488689735,52.281035377852156
4651,0.04562070755704306,1.0,0.0,0.001040624479002623,146171.2488689735,52.281035377852156
4652,0.04562070755704306,1.0,0.0,0.001040624479002623,146171.2488689735,52.281035377852156
4653,0.04562070755704306,1.0,0.0,0.001040624479002623,146171.2488689735,52.281035377852156
4654,0.04562070755704306,1.0,0.0,0.001040624479002623,146171.2488689735,52.281035377852156
4655,0.04562070755704306,1.0,0.0,0.001040624479002623,146171.2488689735,52.281035377852156
4656,0.04562070755704306,1.0,0.0,0.001040624479002623,146171.2488689735,52.281035377852156
4657,0.04562070755704306,1.0,0.0,0.001040624479002623,146171.2488689735,52.281035377852156
4658,0.04562070755704306,1.0,0.0,0.001040624479002623,146171.2488689735,52.281035377852156
4659,0.04562070755704306,1.0,0.0,0.001040624479002623,146171.2488689735,52.281035377852156
4660,0.04562070755704306,1.0,0.0,0.001040624479002623,146171.2488689735,52.281035377852156
4661,0.04562070755704306,1.0,0.0,0.001040624479002623,146171.2488689735,52.281035377852156
4662,0.04562070755704306,1.0,0.0,0.001040624479002623,146171.2488689735,52.281035377852156
4663,0.04562070755704306,1.0,0.0,0.001040624479002623,146171.2488689735,52.281035377852156
4664,0.04562070755704306,1.0,0.0,0.001040624479002623,146171.2488689735,52.281035377852156
4665,0.04562070755704306,1.0,0.0,0.001040624479002623,146171.2488689735,52.281035377852156
4666,0.04562070755704306,1.0,0.0,0.001040624479002623,146171.2488689735,52.281035377852156
4667,0.04562070755704306,1.0,0.0,0.001040624479002623,146171.2488689735,52.281035377852156
4668,0.04562070755704306,1.0,0.0,0.001040624479002623,146171.2488689735,52.281035377852156
4669,0.04562070755704306,1.0,0.0,0.001040624479002623,146171.2488689735,52.281035377852156
4670,0.04562070755704306,1.0,0.0,0.001040624479002623,146171.2488689735,52.281035377852156
4671,0.04562070755704306,1.0,0.0,0.001040624479002623,146171.2488689735,52.281035377852156
4672,0.04562070755704306,1.0,0.0,0.001040624479002623,146171.2488689735,52.281035377852156
4673,0.04562070755704306,1.0,0.0,0.001040624479002623,146171.2488689735,52.281035377852156
4674,0.04562070755704306,1.0,0.0,0.001040624479002623,146171.2488689735,52.281035377852156
4675,0.04562070755704306,1.0,0.0,0.001040624479002623,146171.2488689735,52.281035377852156
4676,0.04562070755704306,1.0,0.0,0.001040624479002623,146171.2488689735,52.281035377852156
4677,0.04562070755704306,1.0,0.0,0.001040624479002623,146171.2488689735,52.281035377852156
4678,0.04562070755704306,1.0,0.0,0.001040624479002623,146171.2488689735,52.281035377852156
4679,0.04562070755704306,1.0,0.0,0.001040624479002623,146171.2488689735,52.281035377852156
4680,0.04562070755704306,1.0,0.0,0.001040624479002623,146171.2488689735,52.281035377852156
4681,0.04562070755704306,1.0,0.0,0.001040624479002623,146171.2488689735,52.281035377852156
4682,0.04562070755704306,1.0,0.0,0.001040624479002623,146171.2488689735,52.281035377852156
4683,0.04562070755704306,1.0,0.0,0.001040624479002623,146171.2488689735,52.281035377852156
4684,0.04562070755704306,1.0,0.0,0.001040624479002623,146171.2488689735,52.281035377852156
4685,0.04562070755704306,1.0,0.0,0.001040624479002623,146171.2488689735,52.281035377852156
4686,0.04562070755704306,1.0,0.0,0.001040624479002623,146171.2488689735,52.281035377852156
4687,0.04562070755704306,1.0,0.0,0.001040624479002623,146171.2488689735,52.281035377852156
4688,0.04562070755704306,1.0,0.0,0.001040624479002623,146171.2488689735,52.281035377852156
4689,0.04562070755704306,1.0,0.0,0.001040624479002623,146171.2488689735,52.281035377852156
4690,0.04562070755704306,1.0,0.0,0.001040624479002623,146171.2488689735,52.281035377852156
4691,0.04562070755704306,1.0,0.0,0.001040624479002623,146171.2488689735,52.281035377852156
4692,0.04562070755704306,1.0,0.0,0.001040624479002623,146171.2488689735,52.281035377852156
4693,0.04562070755704306,1.0,0.0,0.001040624479002623,146171.2488689735,52.281035377852156
4694,0.04562070755704306,1.0,0.0,0.001040624479002623,146171.2488689735,52.281035377852156
4695,0.04562070755704306,1.0,0.0,0.001040624479002623,146171.2488689735,52.281035377852156
4696,0.04562070755704306,1.0,0.0,0.001040624479002623,146171.2488689735,52.281035377852156
4697,0.04562070755704306,1.0,0.0,0.001040624479002623,146171.2488689735,52.281035377852156
4698,0.04562070755704306,1.0,0.0,0.001040624479002623,146171.2488689735,52.281035377852156
4699,0.04562070755704306,1.0,0.0,0.001040624479002623,146171.2488689735,52.281035377852156
4700,0.04562070755704306,1.0,0.0,0.001040624479002623,146171.2488689735,52.281035377852156
4701,0.04562070755704306,1.0,0.0,0.001040624479002623,146171.2488689735,52.281035377852156
4702,0.04562070755704306,1.0,0.0,0.001040624479002623,146171.2488689735,52.281035377852156
4703,0.04562070755704306,1.0,0.0,0.001040624479002623,146171.2488689735,52.281035377852156
4704,0.04562070755704306,1.0,0.0,0.001040624479002623,146171.2488689735,52.281035377852156
4705,0.04562070755704306,1.0,0.0,0.001040624479002623,146171.2488689735,52.281035377852156
4706,0.04562070755704306,1.0,0.0,0.001040624479002623,146171.2488689735,52.281035377852156
4707,0.04562070755704306,1.0,0.0,0.001040624479002623,146171.2488689735,52.281035377852156
4708,0.04562070755704306,1.0,0.0,0.001040624479002623,146171.2488689735,52.281035377852156
4709,0.04562070755704306,1.0,0.0,0.001040624479002623,146171.2488689735,52.281035377852156
4710,0.04562070755704306,1.0,0.0,0.001040624479002623,146171.2488689735,52.281035377852156
4711,0.04562070755704306,1.0,0.0,0.001040624479002623,146171.2488689735,52.281035377852156
4712,0.04562070755704306,1.0,0.0,0.001040624479002623,146171.2488689735,52.281035377852156
4713,0.04562070755704306,1.0,0.0,0.001040624479002623,146171.2488689735,52.281035377852156
4714,0.04562070755704306,1.0,0.0,0.001040624479002623,146171.2488689735,52.281035377852156
4715,0.04562070755704306,1.0,0.0,0.001040624479002623,146171.2488689735,52.281035377852156
4716,0.04562070755704306,1.0,0.0,0.001040624479002623,146171.2488689735,52.281035377852156
4717,0.04562070755704306,1.0,0.0,0.001040624479002623,146171.2488689735,52.281035377852156
4718,0.04562070755704306,1.0,0.0,0.001040624479002623,146171.2488689735,52.281035377852156
4719,0.04562070755704306,1.0,0.0,0.001040624479002623,146171.2488689735,52.281035377852156
4720,0.04562070755704306,1.0,0.0,0.001040624479002623,146171.2488689735,52.281035377852156
4721,0.04562070755704306,1.0,0.0,0.001040624479002623,146171.2488689735,52.281035377852156
4722,0.04562070755704306,1.0,0.0,0.001040624479002623,146171.2488689735,52.281035377852156
4723,0.04562070755704306,1.0,0.0,0.001040624479002623,146171.2488689735,52.281035377852156
4724,0.04562070755704306,1.0,0.0,0.001040624479002623,146171.2488689735,52.281035377852156
4725,0.04562070755704306,1.0,0.0,0.001040624479002623,146171.2488689735,52.281035377852156
4726,0.04562070755704306,1.0,0.0,0.001040624479002623,146171.2488689735,52.281035377852156
4727,0.04562070755704306,1.0,0.0,0.001040624479002623,146171.2488689735,52.281035377852156
4728,0.04562070755704306,1.0,0.0,0.001040624479002623,146171.2488689735,52.281035377852156
4729,0.04562070755704306,1.0,0.0,0.001040624479002623,146171.2488689735,52.281035377852156
4730,0.04562070755704306,1.0,0.0,0.001040624479002623,146171.2488689735,52.281035377852156
4731,0.04562070755704306,1.0,0.0,0.001040624479002623,146171.2488689735,52.281035377852156
4732,0.04562070755704306,1.0,0.0,0.001040624479002623,146171.2488689735,52.281035377852156
4733,0.04562070755704306,1.0,0.0,0.001040624479002623,146171.2488689735,52.281035377852156
4734,0.04562070755704306,1.0,0.0,0.001040624479002623,146171.2488689735,52.281035377852156
4735,0.04562070755704306,1.0,0.0,0.001040624479002623,146171.2488689735,52.281035377852156
4736,0.04562070755704306,1.0,0.0,0.001040624479002623,146171.2488689735,52.281035377852156
4737,0.04562070755704306,1.0,0.0,0.001040624479002623,146171.2488689735,52.281035377852156
4738,0.04562070755704306,1.0,0.0,0.001040624479002623,146171.2488689735,52.281035377852156
4739,0.04562070755704306,1.0,0.0,0.001040624479002623,146171.2488689735,52.281035377852156
4740,0.04562070755704306,1.0,0.0,0.001040624479002623,146171.2488689735,52.281035377852156
4741,0.04562070755704306,1.0,0.0,0.001040624479002623,146171.2488689735,52.281035377852156
4742,0.04562070755704306,1.0,0.0,0.001040624479002623,146171.2488689735,52.281035377852156
4743,0.04562070755704306,1.0,0.0,0.001040624479002623,146171.2488689735,52.281035377852156
4744,0.04562070755704306,1.0,0.0,0.001040624479002623,146171.2488689735,52.281035377852156
4745,0.04562070755704306,1.0,0.0,0.001040624479002623,146171.2488689735,52.281035377852156
4746,0.04562070755704306,1.0,0.0,0.001040624479002623,146171.2488689735,52.281035377852156
4747,0.04562070755704306,1.0,0.0,0.001040624479002623,146171.2488689735,52.281035377852156
4748,0.04562070755704306,1.0,0.0,0.001040624479002623,146171.2488689735,52.281035377852156
4749,0.04562070755704306,1.0,0.0,0.001040624479002623,146171.2488689735,52.281035377852156
4750,0.04562070755704306,1.0,0.0,0.001040624479002623,146171.2488689735,52.281035377852156
4751,0.04562070755704306,1.0,0.0,0.001040624479002623,146171.2488689735,52.281035377852156
4752,0.04562070755704306,1.0,0.0,0.001040624479002623,146171.2488689735,52.281035377852156
4753,0.04562070755704306,1.0,0.0,0.001040624479002623,146171.2488689735,52.281035377852156
4754,0.04562070755704306,1.0,0.0,0.001040624479002623,146171.2488689735,52.281035377852156
4755,0.04562070755704306,1.0,0.0,0.001040624479002623,146171.2488689735,52.281035377852156
4756,0.04562070755704306,1.0,0.0,0.001040624479002623,146171.2488689735,52.281035377852156
4757,0.04562070755704306,1.0,0.0,0.001040624479002623,146171.2488689735,52.281035377852156
4758,0.04562070755704306,1.0,0.0,0.001040624479002623,146171.2488689735,52.281035377852156
4759,0.04562070755704306,1.0,0.0,0.001040624479002623,146171.2488689735,52.281035377852156
4760,0.04562070755704306,1.0,0.0,0.001040624479002623,146171.2488689735,52.281035377852156
4761,0.04562070755704306,1.0,0.0,0.001040624479002623,146171.2488689735,52.281035377852156
4762,0.04562070755704306,1.0,0.0,0.001040624479002623,146171.2488689735,52.281035377852156
4763,0.04562070755704306,1.0,0.0,0.001040624479002623,146171.2488689735,52.281035377852156
4764,0.04562070755704306,1.0,0.0,0.001040624479002623,146171.2488689735,52.281035377852156
4765,0.04562070755704306,1.0,0.0,0.001040624479002623,146171.2488689735,52.281035377852156
4766,0.04562070755704306,1.0,0.0,0.001040624479002623,146171.2488689735,52.281035377852156
4767,0.04562070755704306,1.0,0.0,0.001040624479002623,146171.2488689735,52.281035377852156
4768,0.04562070755704306,1.0,0.0,0.001040624479002623,146171.2488689735,52.281035377852156
4769,0.04562070755704306,1.0,0.0,0.001040624479002623,146171.2488689735,52.281035377852156
4770,0.04562070755704306,1.0,0.0,0.001040624479002623,146171.2488689735,52.281035377852156
4771,0.04562070755704306,1.0,0.0,0.001040624479002623,146171.2488689735,52.281035377852156
4772,0.04562070755704306,1.0,0.0,0.001040624479002623,146171.2488689735,52.281035377852156
4773,0.04562070755704306,1.0,0.0,0.001040624479002623,146171.2488689735,52.281035377852156
4774,0.04562070755704306,1.0,0.0,0.001040624479002623,146171.2488689735,52.281035377852156
4775,0.04562070755704306,1.0,0.0,0.001040624479002623,146171.2488689735,52.281035377852156
4776,0.04562070755704306,1.0,0.0,0.001040624479002623,146171.2488689735,52.281035377852156
4777,0.04562070755704306,1.0,0.0,0.001040624479002623,146171.2488689735,52.281035377852156
4778,0.04562070755704306,1.0,0.0,0.001040624479002623,146171.2488689735,52.281035377852156
4779,0.04562070755704306,1.0,0.0,0.001040624479002623,146171.2488689735,52.281035377852156
4780,0.04562070755704306,1.0,0.0,0.001040624479002623,146171.2488689735,52.281035377852156
4781,0.04562070755704306,1.0,0.0,0.001040624479002623,146171.2488689735,52.281035377852156
4782,0.04562070755704306,1.0,0.0,0.001040624479002623,146171.2488689735,52.281035377852156
4783,0.04562070755704306,1.0,0.0,0.001040624479002623,146171.2488689735,52.281035377852156
4784,0.04562070755704306,1.0,0.0,0.001040624479002623,146171.2488689735,52.281035377852156
4785,0.04562070755704306,1.0,0.0,0.001040624479002623,146171.2488689735,52.281035377852156
4786,0.04562070755704306,1.0,0.0,0.001040624479002623,146171.2488689735,52.281035377852156
4787,0.04562070755704306,1.0,0.0,0.001040624479002623,146171.2488689735,52.281035377852156
4788,0.04562070755704306,1.0,0.0,0.001040624479002623,146171.2488689735,52.281035377852156
4789,0.04562070755704306,1.0,0.0,0.001040624479002623,146171.2488689735,52.281035377852156
4790,0.04562070755704306,1.0,0.0,0.001040624479002623,146171.2488689735,52.281035377852156
4791,0.04562070755704306,1.0,0.0,0.001040624479002623,146171.2488689735,52.281035377852156
4792,0.04562070755704306,1.0,0.0,0.001040624479002623,146171.2488689735,52.281035377852156
4793,0.04562070755704306,1.0,0.0,0.001040624479002623,146171.2488689735,52.281035377852156
4794,0.04562070755704306,1.0,0.0,0.001040624479002623,146171.2488689735,52.281035377852156
4795,0.04562070755704306,1.0,0.0,0.001040624479002623,146171.2488689735,52.281035377852156
4796,0.04562070755704306,1.0,0.0,0.001040624479002623,146171.2488689735,52.281035377852156
4797,0.04562070755704306,1.0,0.0,0.001040624479002623,146171.2488689735,52.281035377852156
4798,0.04562070755704306,1.0,0.0,0.001040624479002623,146171.2488689735,52.281035377852156
4799,0.04562070755704306,1.0,0.0,0.001040624479002623,146171.2488689735,52.281035377852156
4800,0.04562070755704306,1.0,0.0,0.001040624479002623,146171.2488689735,52.281035377852156
4801,0.04562070755704306,1.0,0.0,0.001040624479002623,146171.2488689735,52.281035377852156
4802,0.04562070755704306,1.0,0.0,0.001040624479002623,146171.2488689735,52.281035377852156
4803,0.04562070755704306,1.0,0.0,0.001040624479002623,146171.2488689735,52.281035377852156
4804,0.04562070755704306,1.0,0.0,0.001040624479002623,146171.2488689735,52.281035377852156
4805,0.04562070755704306,1.0,0.0,0.001040624479002623,146171.2488689735,52.281035377852156
4806,0.04562070755704306,1.0,0.0,0.001040624479002623,146171.2488689735,52.281035377852156
4807,0.04562070755704306,1.0,0.0,0.001040624479002623,146171.2488689735,52.281035377852156
4808,0.04562070755704306,1.0,0.0,0.001040624479002623,146171.2488689735,52.281035377852156
4809,0.04562070755704306,1.0,0.0,0.001040624479002623,146171.2488689735,52.281035377852156
4810,0.04562070755704306,1.0,0.0,0.001040624479002623,146171.2488689735,52.281035377852156
4811,0.04562070755704306,1.0,0.0,0.001040624479002623,146171.2488689735,52.281035377852156
4812,0.04562070755704306,1.0,0.0,0.001040624479002623,146171.2488689735,52.281035377852156
4813,0.04562070755704306,1.0,0.0,0.001040624479002623,146171.2488689735,52.281035377852156
4814,0.04562070755704306,1.0,0.0,0.001040624479002623,146171.2488689735,52.281035377852156
4815,0.04562070755704306,1.0,0.0,0.001040624479002623,146171.2488689735,52.281035377852156
4816,0.04562070755704306,1.0,0.0,0.001040624479002623,146171.2488689735,52.281035377852156
4817,0.04562070755704306,1.0,0.0,0.001040624479002623,146171.2488689735,52.281035377852156
4818,0.04562070755704306,1.0,0.0,0.001040624479002623,146171.2488689735,52.281035377852156
4819,0.04562070755704306,1.0,0.0,0.001040624479002623,146171.2488689735,52.281035377852156
4820,0.04562070755704306,1.0,0.0,0.001040624479002623,146171.2488689735,52.281035377852156
4821,0.04562070755704306,1.0,0.0,0.001040624479002623,146171.2488689735,52.281035377852156
4822,0.04562070755704306,1.0,0.0,0.001040624479002623,146171.2488689735,52.281035377852156
4823,0.04562070755704306,1.0,0.0,0.001040624479002623,146171.2488689735,52.281035377852156
4824,0.04562070755704306,1.0,0.0,0.001040624479002623,146171.2488689735,52.281035377852156
4825,0.04562070755704306,1.0,0.0,0.001040624479002623,146171.2488689735,52.281035377852156
4826,0.04562070755704306,1.0,0.0,0.001040624479002623,146171.2488689735,52.281035377852156
4827,0.04562070755704306,1.0,0.0,0.001040624479002623,146171.2488689735,52.281035377852156
4828,0.04562070755704306,1.0,0.0,0.001040624479002623,146171.2488689735,52.281035377852156
4829,0.04562070755704306,1.0,0.0,0.001040624479002623,146171.2488689735,52.281035377852156
4830,0.04562070755704306,1.0,0.0,0.001040624479002623,146171.2488689735,52.281035377852156
4831,0.04562070755704306,1.0,0.0,0.001040624479002623,146171.2488689735,52.281035377852156
4832,0.04562070755704306,1.0,0.0,0.001040624479002623,146171.2488689735,52.281035377852156
4833,0.04562070755704306,1.0,0.0,0.001040624479002623,146171.2488689735,52.281035377852156
4834,0.04562070755704306,1.0,0.0,0.001040624479002623,146171.2488689735,52.281035377852156
4835,0.04562070755704306,1.0,0.0,0.001040624479002623,146171.2488689735,52.281035377852156
4836,0.04562070755704306,1.0,0.0,0.001040624479002623,146171.2488689735,52.281035377852156
4837,0.04562070755704306,1.0,0.0,0.001040624479002623,146171.2488689735,52.281035377852156
4838,0.04562070755704306,1.0,0.0,0.001040624479002623,146171.2488689735,52.281035377852156
4839,0.04562070755704306,1.0,0.0,0.001040624479002623,146171.2488689735,52.281035377852156
4840,0.04562070755704306,1.0,0.0,0.001040624479002623,146171.2488689735,52.281035377852156
4841,0.04562070755704306,1.0,0.0,0.001040624479002623,146171.2488689735,52.281035377852156
4842,0.04562070755704306,1.0,0.0,0.001040624479002623,146171.2488689735,52.281035377852156
4843,0.04562070755704306,1.0,0.0,0.001040624479002623,146171.2488689735,52.281035377852156
4844,0.04562070755704306,1.0,0.0,0.001040624479002623,146171.2488689735,52.281035377852156
4845,0.04562070755704306,1.0,0.0,0.001040624479002623,146171.2488689735,52.281035377852156
4846,0.04562070755704306,1.0,0.0,0.001040624479002623,146171.2488689735,52.281035377852156
4847,0.04562070755704306,1.0,0.0,0.001040624479002623,146171.2488689735,52.281035377852156
4848,0.04562070755704306,1.0,0.0,0.001040624479002623,146171.2488689735,52.281035377852156
4849,0.04562070755704306,1.0,0.0,0.001040624479002623,146171.2488689735,52.281035377852156
4850,0.04562070755704306,1.0,0.0,0.001040624479002623,146171.2488689735,52.281035377852156
4851,0.04562070755704306,1.0,0.0,0.001040624479002623,146171.2488689735,52.281035377852156
4852,0.04562070755704306,1.0,0.0,0.001040624479002623,146171.2488689735,52.281035377852156
4853,0.04562070755704306,1.0,0.0,0.001040624479002623,146171.2488689735,52.281035377852156
4854,0.04562070755704306,1.0,0.0,0.001040624479002623,146171.2488689735,52.281035377852156
4855,0.04562070755704306,1.0,0.0,0.001040624479002623,146171.2488689735,52.281035377852156
4856,0.04562070755704306,1.0,0.0,0.001040624479002623,146171.2488689735,52.281035377852156
4857,0.04562070755704306,1.0,0.0,0.001040624479002623,146171.2488689735,52.281035377852156
4858,0.04562070755704306,1.0,0.0,0.001040624479002623,146171.2488689735,52.281035377852156
4859,0.04562070755704306,1.0,0.0,0.001040624479002623,146171.2488689735,52.281035377852156
4860,0.04562070755704306,1.0,0.0,0.001040624479002623,146171.2488689735,52.281035377852156
4861,0.04562070755704306,1.0,0.0,0.001040624479002623,146171.2488689735,52.281035377852156
4862,0.04562070755704306,1.0,0.0,0.001040624479002623,146171.2488689735,52.281035377852156
4863,0.04562070755704306,1.0,0.0,0.001040624479002623,146171.2488689735,52.281035377852156
4864,0.04562070755704306,1.0,0.0,0.001040624479002623,146171.2488689735,52.281035377852156
4865,0.04562070755704306,1.0,0.0,0.001040624479002623,146171.2488689735,52.281035377852156
4866,0.04562070755704306,1.0,0.0,0.001040624479002623,146171.2488689735,52.281035377852156
4867,0.04562070755704306,1.0,0.0,0.001040624479002623,146171.2488689735,52.281035377852156
4868,0.04562070755704306,1.0,0.0,0.001040624479002623,146171.2488689735,52.281035377852156
4869,0.04562070755704306,1.0,0.0,0.001040624479002623,146171.2488689735,52.281035377852156
4870,0.04562070755704306,1.0,0.0,0.001040624479002623,146171.2488689735,52.281035377852156
4871,0.04562070755704306,1.0,0.0,0.001040624479002623,146171.2488689735,52.281035377852156
4872,0.04562070755704306,1.0,0.0,0.001040624479002623,146171.2488689735,52.281035377852156
4873,0.04562070755704306,1.0,0.0,0.001040624479002623,146171.2488689735,52.281035377852156
4874,0.04562070755704306,1.0,0.0,0.001040624479002623,146171.2488689735,52.281035377852156
4875,0.04562070755704306,1.0,0.0,0.001040624479002623,146171.2488689735,52.281035377852156
4876,0.04562070755704306,1.0,0.0,0.001040624479002623,146171.2488689735,52.281035377852156
4877,0.04562070755704306,1.0,0.0,0.001040624479002623,146171.2488689735,52.281035377852156
4878,0.04562070755704306,1.0,0.0,0.001040624479002623,146171.2488689735,52.281035377852156
4879,0.04562070755704306,1.0,0.0,0.001040624479002623,146171.2488689735,52.281035377852156
4880,0.04562070755704306,1.0,0.0,0.001040624479002623,146171.2488689735,52.281035377852156
4881,0.04562070755704306,1.0,0.0,0.001040624479002623,146171.2488689735,52.281035377852156
4882,0.04562070755704306,1.0,0.0,0.001040624479002623,146171.2488689735,52.281035377852156
4883,0.04562070755704306,1.0,0.0,0.001040624479002623,146171.2488689735,52.281035377852156
4884,0.04562070755704306,1.0,0.0,0.001040624479002623,146171.2488689735,52.281035377852156
4885,0.04562070755704306,1.0,0.0,0.001040624479002623,146171.2488689735,52.281035377852156
4886,0.04562070755704306,1.0,0.0,0.001040624479002623,146171.2488689735,52.281035377852156
4887,0.04562070755704306,1.0,0.0,0.001040624479002623,146171.2488689735,52.281035377852156
4888,0.04562070755704306,1.0,0.0,0.001040624479002623,146171.2488689735,52.281035377852156
4889,0.04562070755704306,1.0,0.0,0.001040624479002623,146171.2488689735,52.281035377852156
4890,0.04562070755704306,1.0,0.0,0.001040624479002623,146171.2488689735,52.281035377852156
4891,0.04562070755704306,1.0,0.0,0.001040624479002623,146171.2488689735,52.281035377852156
4892,0.04562070755704306,1.0,0.0,0.001040624479002623,146171.2488689735,52.281035377852156
4893,0.04562070755704306,1.0,0.0,0.001040624479002623,146171.2488689735,52.281035377852156
4894,0.04562070755704306,1.0,0.0,0.001040624479002623,146171.2488689735,52.281035377852156
4895,0.04562070755704306,1.0,0.0,0.001040624479002623,146171.2488689735,52.281035377852156
4896,0.04562070755704306,1.0,0.0,0.001040624479002623,146171.2488689735,52.281035377852156
4897,0.04562070755704306,1.0,0.0,0.001040624479002623,146171.2488689735,52.281035377852156
4898,0.04562070755704306,1.0,0.0,0.001040624479002623,146171.2488689735,52.281035377852156
4899,0.04562070755704306,1.0,0.0,0.001040624479002623,146171.2488689735,52.281035377852156
4900,0.04562070755704306,1.0,0.0,0.001040624479002623,146171.2488689735,52.281035377852156
4901,0.04562070755704306,1.0,0.0,0.001040624479002623,146171.2488689735,52.281035377852156
4902,0.04562070755704306,1.0,0.0,0.001040624479002623,146171.2488689735,52.281035377852156
4903,0.04562070755704306,1.0,0.0,0.001040624479002623,146171.2488689735,52.281035377852156
4904,0.04562070755704306,1.0,0.0,0.001040624479002623,146171.2488689735,52.281035377852156
4905,0.04562070755704306,1.0,0.0,0.001040624479002623,146171.2488689735,52.281035377852156
4906,0.04562070755704306,1.0,0.0,0.001040624479002623,146171.2488689735,52.281035377852156
4907,0.04562070755704306,1.0,0.0,0.001040624479002623,146171.2488689735,52.281035377852156
4908,0.04562070755704306,1.0,0.0,0.001040624479002623,146171.2488689735,52.281035377852156
4909,0.04562070755704306,1.0,0.0,0.001040624479002623,146171.2488689735,52.281035377852156
4910,0.04562070755704306,1.0,0.0,0.001040624479002623,146171.2488689735,52.281035377852156
4911,0.04562070755704306,1.0,0.0,0.001040624479002623,146171.2488689735,52.281035377852156
4912,0.04562070755704306,1.0,0.0,0.001040624479002623,146171.2488689735,52.281035377852156
4913,0.04562070755704306,1.0,0.0,0.001040624479002623,146171.2488689735,52.281035377852156
4914,0.04562070755704306,1.0,0.0,0.001040624479002623,146171.2488689735,52.281035377852156
4915,0.04562070755704306,1.0,0.0,0.001040624479002623,146171.2488689735,52.281035377852156
4916,0.04562070755704306,1.0,0.0,0.001040624479002623,146171.2488689735,52.281035377852156
4917,0.04562070755704306,1.0,0.0,0.001040624479002623,146171.2488689735,52.281035377852156
4918,0.04562070755704306,1.0,0.0,0.001040624479002623,146171.2488689735,52.281035377852156
4919,0.04562070755704306,1.0,0.0,0.001040624479002623,146171.2488689735,52.281035377852156
4920,0.04562070755704306,1.0,0.0,0.001040624479002623,146171.2488689735,52.281035377852156
4921,0.04562070755704306,1.0,0.0,0.001040624479002623,146171.2488689735,52.281035377852156
4922,0.04562070755704306,1.0,0.0,0.001040624479002623,146171.2488689735,52.281035377852156
4923,0.04562070755704306,1.0,0.0,0.001040624479002623,146171.2488689735,52.281035377852156
4924,0.04562070755704306,1.0,0.0,0.001040624479002623,146171.2488689735,52.281035377852156
4925,0.04562070755704306,1.0,0.0,0.001040624479002623,146171.2488689735,52.281035377852156
4926,0.04562070755704306,1.0,0.0,0.001040624479002623,146171.2488689735,52.281035377852156
4927,0.04562070755704306,1.0,0.0,0.001040624479002623,146171.2488689735,52.281035377852156
4928,0.04562070755704306,1.0,0.0,0.001040624479002623,146171.2488689735,52.281035377852156
4929,0.04562070755704306,1.0,0.0,0.001040624479002623,146171.2488689735,52.281035377852156
4930,0.04562070755704306,1.0,0.0,0.001040624479002623,146171.2488689735,52.281035377852156
4931,0.04562070755704306,1.0,0.0,0.001040624479002623,146171.2488689735,52.281035377852156
4932,0.04562070755704306,1.0,0.0,0.001040624479002623,146171.2488689735,52.281035377852156
4933,0.04562070755704306,1.0,0.0,0.001040624479002623,146171.2488689735,52.281035377852156
4934,0.04562070755704306,1.0,0.0,0.001040624479002623,146171.2488689735,52.281035377852156
4935,0.04562070755704306,1.0,0.0,0.001040624479002623,146171.2488689735,52.281035377852156
4936,0.04562070755704306,1.0,0.0,0.001040624479002623,146171.2488689735,52.281035377852156
4937,0.04562070755704306,1.0,0.0,0.001040624479002623,146171.2488689735,52.281035377852156
4938,0.04562070755704306,1.0,0.0,0.001040624479002623,146171.2488689735,52.281035377852156
4939,0.04562070755704306,1.0,0.0,0.001040624479002623,146171.2488689735,52.281035377852156
4940,0.04562070755704306,1.0,0.0,0.001040624479002623,146171.2488689735,52.281035377852156
4941,0.04562070755704306,1.0,0.0,0.001040624479002623,146171.2488689735,52.281035377852156
4942,0.04562070755704306,1.0,0.0,0.001040624479002623,146171.2488689735,52.281035377852156
4943,0.04562070755704306,1.0,0.0,0.001040624479002623,146171.2488689735,52.281035377852156
4944,0.04562070755704306,1.0,0.0,0.001040624479002623,146171.2488689735,52.281035377852156
4945,0.04562070755704306,1.0,0.0,0.001040624479002623,146171.2488689735,52.281035377852156
4946,0.04562070755704306,1.0,0.0,0.001040624479002623,146171.2488689735,52.281035377852156
4947,0.04562070755704306,1.0,0.0,0.001040624479002623,146171.2488689735,52.281035377852156
4948,0.04562070755704306,1.0,0.0,0.001040624479002623,146171.2488689735,52.281035377852156
4949,0.04562070755704306,1.0,0.0,0.001040624479002623,146171.2488689735,52.281035377852156
4950,0.04562070755704306,1.0,0.0,0.001040624479002623,146171.2488689735,52.281035377852156
4951,0.04562070755704306,1.0,0.0,0.001040624479002623,146171.2488689735,52.281035377852156
4952,0.04562070755704306,1.0,0.0,0.001040624479002623,146171.2488689735,52.281035377852156
4953,0.04562070755704306,1.0,0.0,0.001040624479002623,146171.2488689735,52.281035377852156
4954,0.04562070755704306,1.0,0.0,0.001040624479002623,146171.2488689735,52.281035377852156
4955,0.04562070755704306,1.0,0.0,0.001040624479002623,146171.2488689735,52.281035377852156
4956,0.04562070755704306,1.0,0.0,0.001040624479002623,146171.2488689735,52.281035377852156
4957,0.04562070755704306,1.0,0.0,0.001040624479002623,146171.2488689735,52.281035377852156
4958,0.04562070755704306,1.0,0.0,0.001040624479002623,146171.2488689735,52.281035377852156
4959,0.04562070755704306,1.0,0.0,0.001040624479002623,146171.2488689735,52.281035377852156
4960,0.04562070755704306,1.0,0.0,0.001040624479002623,146171.2488689735,52.281035377852156
4961,0.04562070755704306,1.0,0.0,0.001040624479002623,146171.2488689735,52.281035377852156
4962,0.04562070755704306,1.0,0.0,0.001040624479002623,146171.2488689735,52.281035377852156
4963,0.04562070755704306,1.0,0.0,0.001040624479002623,146171.2488689735,52.281035377852156
4964,0.04562070755704306,1.0,0.0,0.001040624479002623,146171.2488689735,52.281035377852156
4965,0.04562070755704306,1.0,0.0,0.001040624479002623,146171.2488689735,52.281035377852156
4966,0.04562070755704306,1.0,0.0,0.001040624479002623,146171.2488689735,52.281035377852156
4967,0.04562070755704306,1.0,0.0,0.001040624479002623,146171.2488689735,52.281035377852156
4968,0.04562070755704306,1.0,0.0,0.001040624479002623,146171.2488689735,52.281035377852156
4969,0.04562070755704306,1.0,0.0,0.001040624479002623,146171.2488689735,52.281035377852156
4970,0.04562070755704306,1.0,0.0,0.001040624479002623,146171.2488689735,52.281035377852156
4971,0.04562070755704306,1.0,0.0,0.001040624479002623,146171.2488689735,52.281035377852156
4972,0.04562070755704306,1.0,0.0,0.001040624479002623,146171.2488689735,52.281035377852156
4973,0.04562070755704306,1.0,0.0,0.001040624479002623,146171.2488689735,52.281035377852156
4974,0.04562070755704306,1.0,0.0,0.001040624479002623,146171.2488689735,52.281035377852156
4975,0.04562070755704306,1.0,0.0,0.001040624479002623,146171.2488689735,52.281035377852156
4976,0.04562070755704306,1.0,0.0,0.001040624479002623,146171.2488689735,52.281035377852156
4977,0.04562070755704306,1.0,0.0,0.001040624479002623,146171.2488689735,52.281035377852156
4978,0.04562070755704306,1.0,0.0,0.001040624479002623,146171.2488689735,52.281035377852156
4979,0.04562070755704306,1.0,0.0,0.001040624479002623,146171.2488689735,52.281035377852156
4980,0.04562070755704306,1.0,0.0,0.001040624479002623,146171.2488689735,52.281035377852156
4981,0.04562070755704306,1.0,0.0,0.001040624479002623,146171.2488689735,52.281035377852156
4982,0.04562070755704306,1.0,0.0,0.001040624479002623,146171.2488689735,52.281035377852156
4983,0.04562070755704306,1.0,0.0,0.001040624479002623,146171.2488689735,52.281035377852156
4984,0.04562070755704306,1.0,0.0,0.001040624479002623,146171.2488689735,52.281035377852156
4985,0.04562070755704306,1.0,0.0,0.001040624479002623,146171.2488689735,52.281035377852156
4986,0.04562070755704306,1.0,0.0,0.001040624479002623,146171.2488689735,52.281035377852156
4987,0.04562070755704306,1.0,0.0,0.001040624479002623,146171.2488689735,52.281035377852156
4988,0.04562070755704306,1.0,0.0,0.001040624479002623,146171.2488689735,52.281035377852156
4989,0.04562070755704306,1.0,0.0,0.001040624479002623,146171.2488689735,52.281035377852156
4990,0.04562070755704306,1.0,0.0,0.001040624479002623,146171.2488689735,52.281035377852156
4991,0.04562070755704306,1.0,0.0,0.001040624479002623,146171.2488689735,52.281035377852156
4992,0.04562070755704306,1.0,0.0,0.001040624479002623,146171.2488689735,52.281035377852156
4993,0.04562070755704306,1.0,0.0,0.001040624479002623,146171.2488689735,52.281035377852156
4994,0.04562070755704306,1.0,0.0,0.001040624479002623,146171.2488689735,52.281035377852156
4995,0.04562070755704306,1.0,0.0,0.001040624479002623,146171.2488689735,52.281035377852156
4996,0.04562070755704306,1.0,0.0,0.001040624479002623,146171.2488689735,52.281035377852156
4997,0.04562070755704306,1.0,0.0,0.001040624479002623,146171.2488689735,52.281035377852156
4998,0.04562070755704306,1.0,0.0,0.001040624479002623,146171.2488689735,52.281035377852156
4999,0.04562070755704306,1.0,0.0,0.001040624479002623,146171.2488689735,52.281035377852156
5000,0.04562070755704306,1.0,0.0,0.001040624479002623,146171.2488689735,52.281035377852156
